id,id_cliente,producto,cantidad,precio,fecha,region,canal,descuento_pct,costo_unitario
1,2263,D,8,230.51,2023-02-06,Este,Online,3.8,129.3
2,2759,E,2,44.93,2023-01-26,Sur,Distribuidor,9.7,27.17
3,2190,B,14,121.1,2023-11-20,Centro,Tienda,11.7,82.27
4,4085,B,17,8.68,2023-02-20,Este,Mayorista,14.7,3.47
5,8750,B,0,461.08,2023-06-08,Oeste,Online,12.0,274.4
6,2961,B,8,259.91,2023-07-06,Oeste,Mayorista,6.1,171.42
7,9052,A,17,199.38,2024-01-18,Este,Tienda,0.5,116.88
8,9113,B,11,290.01,2023-10-06,Norte,Mayorista,7.0,130.21
9,871,C,10,456.87,2023-04-24,Centro,Mayorista,6.8,156.53
10,10416,D,15,29.42,2023-11-14,Este,Tienda,12.0,19.18
11,8514,C,3,436.31,2023-12-09,Norte,Mayorista,4.1,201.81
12,9776,C,10,330.62,2023-02-26,Oeste,Tienda,0.5,213.93
13,6663,B,13,459.76,2023-07-22,Oeste,Distribuidor,8.0,204.51
14,5140,D,7,335.19,2023-04-23,Oeste,Distribuidor,6.4,148.9
15,10170,E,19,445.28,2023-01-24,Sur,Online,4.1,297.94
16,2176,A,17,120.33,2023-08-08,Sur,Online,5.7,82.91
17,8362,A,19,423.9,2023-09-27,Oeste,Tienda,4.7,277.48
18,8990,B,12,260.78,2023-12-31,Este,Tienda,9.9,156.66
19,3290,A,11,47.92,2023-11-19,Sur,Tienda,10.2,18.15
20,7062,D,3,61.27,2023-01-03,Sur,Distribuidor,7.6,30.02
21,4868,B,18,156.82,2023-08-17,Sur,Online,3.4,85.97
22,1807,A,12,243.88,2023-11-09,Oeste,Online,13.2,106.94
23,8951,C,16,173.86,2023-12-05,Sur,Tienda,3.2,101.2
24,5147,C,15,349.63,2023-01-08,Centro,Distribuidor,4.6,143.19
25,7400,B,15,101.68,2023-10-22,Oeste,Tienda,11.2,44.63
26,5596,E,18,222.45,2023-01-29,Oeste,Tienda,7.6,88.35
27,4738,A,10,134.96,2023-02-14,Centro,Tienda,9.0,54.56
28,5132,C,4,43.57,2023-02-23,Este,Online,7.7,20.6
29,5100,A,0,275.84,2023-08-07,Norte,Distribuidor,0.7,174.55
30,6237,C,3,129.7,2023-06-06,Este,Online,15.0,64.45
31,5727,A,0,422.36,2023-07-04,Oeste,Tienda,4.1,285.65
32,1789,A,9,192.9,2023-06-29,Oeste,Online,2.8,90.7
33,8483,A,19,138.71,2023-04-14,Este,Tienda,9.4,69.73
34,256,A,15,311.23,2023-10-21,Este,Distribuidor,9.6,175.16
35,4901,C,3,452.29,2023-10-26,Este,Tienda,4.2,290.76
36,5885,E,6,166.81,2023-09-07,Sur,Distribuidor,8.2,113.81
37,7652,D,12,91.55,2024-01-07,Norte,Tienda,8.0,36.3
38,8528,D,2,261.7,2023-10-04,Este,Online,12.9,153.2
39,3202,E,0,327.81,2023-11-06,Norte,Distribuidor,13.9,201.62
40,6311,A,10,141.36,2023-05-01,Norte,Tienda,5.7,42.55
41,5860,E,3,358.04,2023-11-11,Norte,Tienda,12.6,176.07
42,3458,D,5,31.12,2023-11-23,Oeste,Online,10.7,11.06
43,7488,D,6,95.76,2023-04-24,Oeste,Mayorista,0.9,60.56
44,2395,A,12,458.82,2023-06-19,Centro,Tienda,3.9,180.56
45,3455,B,4,167.05,2023-08-03,Este,Mayorista,8.8,53.62
46,5636,D,18,431.3,2023-04-08,Este,Mayorista,1.4,246.19
47,5681,D,18,405.63,2023-06-01,Sur,Distribuidor,0.9,183.32
48,1015,E,19,358.93,2023-11-15,Oeste,Online,7.0,234.38
49,5149,B,20,49.41,2023-02-28,Oeste,Mayorista,1.4,16.18
50,10075,D,6,428.04,2023-07-07,Oeste,Mayorista,10.8,295.08
51,2563,B,9,350.58,2023-08-08,Norte,Tienda,6.2,180.9
52,9424,B,5,331.15,2023-09-24,Este,Online,5.4,160.61
53,10093,E,20,97.88,2023-06-13,Centro,Mayorista,5.5,64.78
54,9261,A,10,87.78,2023-11-25,Oeste,Mayorista,13.0,37.64
55,9773,D,14,139.04,2023-07-01,Oeste,Mayorista,4.7,50.74
56,8407,C,19,338.23,2023-08-12,Sur,Online,6.4,156.65
57,5687,B,1,387.38,2023-02-11,Norte,Tienda,2.5,213.43
58,4021,D,16,116.13,2023-07-02,Sur,Mayorista,2.7,48.84
59,8378,C,10,111.17,2023-12-13,Este,Distribuidor,4.3,55.87
60,10301,E,13,119.38,2023-04-13,Centro,Online,5.4,53.56
61,4692,B,19,111.49,2023-06-24,Sur,Mayorista,2.6,36.3
62,1035,D,9,247.64,2023-08-04,Norte,Distribuidor,14.3,145.98
63,10492,C,4,284.71,2023-08-29,Norte,Mayorista,7.1,121.96
64,1727,A,1,13.51,2023-01-20,Sur,Tienda,2.4,8.86
65,2292,C,10,108.78,2023-02-24,Sur,Tienda,12.9,50.8
66,8390,B,6,116.11,2023-10-12,Este,Mayorista,1.5,80.17
67,2692,B,7,207.6,2023-07-31,Sur,Tienda,4.4,88.81
68,7780,A,20,57.67,2023-05-17,Este,Tienda,12.5,26.36
69,8906,E,15,431.63,2023-09-14,Norte,Tienda,10.2,239.79
70,9921,D,5,54.71,2023-10-02,Este,Online,2.9,20.24
71,6443,C,11,99.14,2023-08-01,Centro,Tienda,3.1,58.19
72,9219,A,2,354.32,2023-06-24,Oeste,Tienda,8.5,141.35
73,3281,C,3,353.09,2023-05-31,Este,Mayorista,2.1,242.51
74,9162,B,13,366.14,2023-11-19,Oeste,Tienda,13.2,238.55
75,5403,E,0,217.6,2023-04-30,Norte,Distribuidor,7.6,150.42
76,9826,D,0,363.51,2023-12-23,Centro,Distribuidor,7.4,191.79
77,6423,E,19,286.9,2023-04-22,Centro,Tienda,15.0,200.62
78,2021,E,20,444.02,2023-05-29,Centro,Distribuidor,4.1,154.11
79,3842,E,2,481.79,2023-12-23,Norte,Tienda,2.1,162.08
80,5519,E,10,60.97,2024-01-25,Oeste,Online,13.5,40.76
81,3453,B,6,169.95,2023-08-31,Norte,Online,7.6,106.38
82,9905,E,13,203.91,2023-08-10,Centro,Mayorista,12.2,129.14
83,4401,D,2,110.2,2023-03-24,Norte,Tienda,10.7,63.65
84,5809,C,2,432.3,2023-12-25,Centro,Mayorista,12.6,165.44
85,10054,C,11,467.76,2024-01-19,Sur,Tienda,0.3,206.5
86,8115,B,1,37.87,2023-12-15,Norte,Online,6.9,20.04
87,680,E,20,280.83,2023-10-24,Este,Distribuidor,9.1,152.54
88,5436,B,9,434.49,2023-05-11,Sur,Online,1.5,228.95
89,5463,B,3,87.7,2023-06-26,Centro,Distribuidor,0.7,31.18
90,81,A,16,379.51,2023-10-10,Norte,Mayorista,0.7,201.03
91,10139,A,10,294.45,2023-06-04,Norte,Mayorista,0.0,181.09
92,9149,B,2,177.59,2023-12-12,Este,Distribuidor,9.4,104.08
93,9854,D,7,345.58,2023-05-11,Norte,Online,2.6,160.62
94,7410,B,8,72.15,2023-12-25,Centro,Online,4.3,27.76
95,6519,B,9,11.49,2023-05-10,Norte,Tienda,6.8,6.7
96,4530,E,7,73.42,2023-12-25,Oeste,Mayorista,11.3,27.48
97,7087,A,5,254.04,2023-10-19,Norte,Tienda,2.5,107.37
98,6295,B,8,197.95,2024-02-04,Centro,Tienda,9.1,98.04
99,2645,E,14,8.97,2023-12-28,Norte,Distribuidor,10.1,3.98
100,1664,E,10,416.35,2023-02-09,Norte,Distribuidor,5.1,160.42
101,1922,C,4,222.73,2023-04-15,Sur,Distribuidor,9.0,66.97
102,6378,B,20,30.46,2023-08-28,Oeste,Mayorista,8.3,11.33
103,6026,D,2,103.16,2023-03-12,Norte,Tienda,4.8,40.86
104,407,C,5,8.66,2023-07-15,Centro,Distribuidor,4.1,5.24
105,1101,A,7,99.47,2023-02-21,Este,Tienda,8.9,49.86
106,9998,C,17,148.89,2023-03-22,Sur,Distribuidor,9.8,56.43
107,6029,A,6,154.8,2023-10-31,Centro,Tienda,15.0,86.19
108,5099,B,3,347.25,2023-02-08,Este,Distribuidor,9.6,131.4
109,6213,B,2,218.89,2023-07-25,Este,Distribuidor,13.2,127.47
110,5386,C,9,46.32,2023-03-28,Sur,Online,3.2,30.23
111,3545,C,16,416.21,2024-01-07,Sur,Distribuidor,11.4,219.45
112,4189,C,13,300.06,2023-08-13,Oeste,Mayorista,8.2,209.86
113,3625,E,3,176.53,2023-09-12,Norte,Distribuidor,4.4,120.37
114,4726,A,6,48.73,2023-06-15,Este,Tienda,2.3,19.71
115,7541,D,0,254.0,2023-06-21,Norte,Tienda,6.0,90.6
116,10394,C,6,15.36,2023-10-20,Norte,Mayorista,1.5,4.71
117,5673,D,19,67.06,2023-04-13,Oeste,Mayorista,2.5,45.13
118,1215,C,12,97.81,2023-12-17,Este,Mayorista,3.0,48.37
119,8351,E,15,325.7,2023-08-10,Oeste,Mayorista,5.8,179.73
120,3047,D,16,196.27,2023-12-30,Sur,Tienda,13.4,65.87
121,3809,D,4,107.03,2023-11-11,Centro,Online,12.2,67.64
122,20,D,13,89.65,2023-03-03,Centro,Distribuidor,1.1,57.62
123,4639,C,17,313.43,2023-03-03,Este,Distribuidor,5.3,213.24
124,6813,E,6,370.81,2023-05-25,Centro,Mayorista,14.6,133.53
125,480,B,16,410.47,2023-03-22,Centro,Distribuidor,8.5,239.83
126,1174,A,2,156.89,2023-10-17,Oeste,Distribuidor,1.0,105.78
127,10077,B,6,89.01,2024-01-10,Este,Distribuidor,7.9,28.34
128,8965,D,1,254.82,2023-10-19,Norte,Online,0.8,148.15
129,3647,A,15,146.37,2023-02-10,Sur,Tienda,2.1,56.36
130,2277,C,16,452.46,2023-11-23,Centro,Mayorista,10.5,284.29
131,2283,A,4,298.31,2023-08-26,Sur,Online,3.0,183.69
132,3974,B,17,188.99,2023-04-24,Sur,Mayorista,1.0,109.52
133,3951,E,19,315.11,2023-09-12,Oeste,Online,8.1,177.9
134,9857,D,17,82.88,2023-07-19,Oeste,Online,3.7,25.12
135,9034,B,5,358.57,2023-10-31,Oeste,Distribuidor,4.9,151.26
136,4264,C,12,399.14,2023-08-24,Este,Online,0.4,184.07
137,381,C,2,194.15,2023-12-13,Centro,Mayorista,12.1,105.96
138,2022,B,14,295.87,2023-01-26,Sur,Tienda,0.9,89.96
139,78,B,7,261.27,2023-10-27,Norte,Mayorista,13.5,138.91
140,9007,D,2,62.51,2023-10-30,Oeste,Online,13.4,19.28
141,5532,C,14,497.87,2023-10-20,Este,Tienda,13.0,205.69
142,2799,B,18,223.3,2023-10-20,Centro,Tienda,2.1,113.44
143,4321,D,3,382.28,2023-02-14,Oeste,Online,14.7,261.72
144,2931,E,1,140.14,2024-01-15,Centro,Mayorista,14.7,48.47
145,7010,E,7,120.16,2023-02-23,Sur,Distribuidor,0.2,79.32
146,5246,A,9,243.98,2023-01-20,Sur,Distribuidor,6.2,88.69
147,6790,E,10,427.25,2023-05-18,Norte,Mayorista,1.9,287.3
148,8751,A,11,109.12,2023-08-09,Sur,Mayorista,7.4,35.93
149,1944,D,8,208.63,2023-07-30,Centro,Mayorista,12.1,71.47
150,3115,A,19,89.45,2023-02-21,Norte,Online,12.5,50.05
151,5545,A,10,263.1,2023-02-20,Centro,Mayorista,7.9,175.3
152,872,A,12,51.41,2023-03-09,Sur,Mayorista,3.7,22.37
153,9701,B,16,485.98,2023-09-19,Centro,Tienda,1.5,198.41
154,789,B,4,271.24,2023-06-22,Oeste,Online,12.2,124.67
155,6268,D,4,200.63,2023-02-18,Oeste,Online,6.9,132.1
156,9090,E,14,280.22,2024-01-30,Oeste,Tienda,8.2,179.76
157,3257,B,17,422.66,2023-06-07,Oeste,Distribuidor,11.2,185.65
158,1454,D,8,11.25,2023-04-30,Norte,Tienda,2.8,5.7
159,1547,C,2,111.71,2023-09-19,Sur,Mayorista,9.4,71.75
160,4930,C,0,370.29,2024-01-25,Este,Mayorista,5.7,179.88
161,10270,C,4,296.41,2023-10-16,Oeste,Online,4.5,199.43
162,258,E,2,381.56,2023-08-20,Oeste,Online,3.7,169.37
163,1003,C,19,132.87,2023-02-15,Norte,Online,9.4,51.26
164,7263,A,12,389.15,2023-09-02,Norte,Distribuidor,10.5,133.29
165,6586,D,8,280.4,2023-06-09,Centro,Online,11.9,193.35
166,9820,E,4,263.49,2023-06-08,Centro,Tienda,7.7,135.39
167,9406,B,4,199.63,2024-02-04,Este,Mayorista,13.5,64.34
168,6061,D,9,222.77,2024-01-23,Oeste,Online,1.2,86.65
169,9351,D,6,207.91,2023-03-20,Norte,Tienda,6.1,141.41
170,4465,A,9,294.19,2023-09-02,Sur,Online,1.0,161.7
171,1025,D,12,222.25,2023-09-27,Oeste,Online,12.3,78.6
172,8939,E,17,397.92,2023-04-21,Este,Mayorista,10.9,266.23
173,836,D,9,404.31,2023-01-21,Este,Distribuidor,1.3,266.23
174,2604,D,10,416.69,2023-06-27,Oeste,Mayorista,1.5,196.41
175,6473,A,14,197.93,2023-06-21,Oeste,Tienda,14.6,124.47
176,2300,A,15,24.3,2023-02-23,Centro,Tienda,10.4,13.37
177,9286,E,11,99.92,2023-08-05,Oeste,Online,12.1,65.32
178,2989,B,10,183.96,2023-06-26,Oeste,Distribuidor,1.2,57.27
179,3894,E,19,97.83,2023-11-27,Este,Tienda,12.6,45.7
180,8258,E,20,218.4,2024-01-15,Sur,Tienda,12.3,83.35
181,2377,D,19,84.72,2023-10-04,Este,Online,2.0,54.83
182,55,B,7,36.95,2023-10-26,Centro,Online,0.1,11.29
183,121,D,15,28.48,2023-06-26,Centro,Mayorista,12.5,19.02
184,9294,A,0,332.39,2023-06-05,Norte,Mayorista,6.5,197.54
185,2426,E,14,417.88,2023-09-08,Norte,Tienda,9.2,227.42
186,2344,E,14,342.69,2023-10-16,Norte,Mayorista,5.9,156.94
187,1115,A,18,389.98,2023-09-22,Sur,Distribuidor,13.2,199.77
188,8861,D,4,97.9,2023-10-28,Oeste,Tienda,6.2,36.96
189,7293,A,15,337.53,2023-08-22,Oeste,Mayorista,2.8,156.76
190,9348,D,5,354.77,2023-11-15,Norte,Mayorista,12.8,206.8
191,10364,E,17,308.99,2024-01-09,Norte,Mayorista,1.4,109.79
192,5373,D,14,417.05,2023-01-19,Este,Tienda,11.9,259.34
193,7742,A,10,172.23,2023-06-14,Oeste,Online,4.0,109.72
194,8754,E,17,44.77,2023-12-04,Oeste,Distribuidor,7.7,24.03
195,6030,B,3,432.65,2023-10-21,Norte,Online,7.9,140.57
196,4561,C,2,419.77,2023-03-28,Norte,Tienda,3.6,266.35
197,8814,E,6,429.94,2024-01-18,Sur,Tienda,14.0,182.41
198,4800,D,9,198.25,2023-09-30,Oeste,Online,11.9,126.14
199,3031,D,5,111.75,2023-04-27,Sur,Tienda,7.5,59.02
200,3964,C,9,156.38,2023-07-23,Centro,Mayorista,12.1,62.49
201,2927,E,1,418.37,2023-06-14,Este,Distribuidor,8.4,142.53
202,7545,A,6,402.08,2024-02-05,Oeste,Tienda,8.6,132.85
203,9358,E,20,307.36,2023-05-23,Oeste,Distribuidor,6.3,149.42
204,9777,A,3,289.26,2024-01-21,Norte,Online,10.7,127.4
205,2671,B,12,162.66,2023-02-05,Norte,Tienda,2.1,50.48
206,7433,C,18,380.26,2023-07-11,Norte,Tienda,12.1,230.46
207,4880,D,11,140.72,2024-01-29,Oeste,Online,0.6,93.3
208,7354,C,15,448.51,2023-08-11,Sur,Online,0.3,154.94
209,5232,E,5,272.63,2023-04-19,Centro,Tienda,4.8,131.9
210,1926,D,20,373.42,2023-12-29,Oeste,Tienda,14.5,211.36
211,3027,B,6,7.38,2024-01-10,Este,Online,12.5,2.63
212,7627,C,15,446.13,2023-08-04,Oeste,Distribuidor,9.2,182.2
213,6159,C,17,197.04,2023-04-15,Sur,Mayorista,1.8,119.2
214,8280,E,13,145.04,2023-11-06,Centro,Tienda,13.3,69.11
215,7803,D,9,434.77,2023-06-26,Centro,Mayorista,10.2,206.77
216,6091,C,9,200.27,2023-02-14,Centro,Online,4.2,96.0
217,3967,B,17,136.36,2023-12-01,Centro,Mayorista,1.4,59.77
218,3008,B,15,335.18,2023-06-17,Norte,Tienda,8.3,164.98
219,6444,A,20,124.06,2023-05-21,Este,Distribuidor,10.0,59.12
220,7290,E,6,470.68,2023-08-17,Norte,Tienda,2.9,239.83
221,7190,D,5,427.02,2023-09-07,Centro,Distribuidor,14.5,277.54
222,8837,D,16,255.23,2023-08-13,Este,Online,14.3,110.31
223,499,D,10,334.02,2023-10-01,Este,Distribuidor,2.6,210.16
224,6640,C,13,108.57,2023-02-17,Centro,Distribuidor,12.9,66.09
225,5672,A,4,120.19,2023-05-31,Norte,Online,10.7,42.08
226,10089,E,15,253.39,2023-01-25,Centro,Distribuidor,9.9,119.32
227,1771,D,8,460.76,2023-07-29,Norte,Tienda,7.4,285.65
228,5734,D,19,285.5,2023-08-26,Norte,Tienda,14.9,178.7
229,5485,B,5,187.95,2023-07-18,Este,Tienda,11.1,76.15
230,6322,C,11,478.62,2023-03-20,Centro,Mayorista,10.8,251.03
231,3206,D,3,460.19,2023-10-06,Sur,Online,0.1,288.31
232,2607,A,14,400.06,2023-02-12,Sur,Tienda,7.5,129.6
233,1348,E,19,374.63,2023-01-27,Norte,Mayorista,6.6,215.15
234,5454,B,15,183.16,2023-05-29,Sur,Online,8.4,71.72
235,9936,A,4,38.8,2023-10-09,Sur,Distribuidor,5.9,24.24
236,4304,C,7,313.72,2023-10-28,Centro,Tienda,7.9,143.06
237,8454,B,15,407.43,2023-03-12,Centro,Distribuidor,13.4,205.42
238,5488,A,15,216.36,2023-11-28,Sur,Distribuidor,0.8,77.34
239,4897,E,19,199.22,2023-05-22,Este,Tienda,9.0,90.02
240,461,E,14,288.97,2023-04-12,Norte,Distribuidor,2.2,184.31
241,4768,E,10,205.71,2023-09-30,Centro,Distribuidor,2.7,83.73
242,4924,A,7,197.48,2023-03-14,Centro,Mayorista,12.0,113.54
243,703,D,5,291.71,2023-06-06,Centro,Online,10.3,184.04
244,9649,B,2,260.26,2023-03-12,Norte,Online,14.4,85.78
245,1579,E,20,493.92,2023-07-01,Norte,Online,5.7,203.28
246,5320,D,3,148.87,2023-12-09,Este,Online,14.9,73.75
247,21,D,14,384.37,2023-09-01,Este,Tienda,9.2,230.76
248,3370,A,13,92.07,2023-09-01,Sur,Mayorista,11.4,44.72
249,4702,D,13,123.72,2023-05-12,Centro,Mayorista,6.3,86.43
250,3592,B,1,43.43,2023-03-13,Sur,Online,8.2,24.56
251,5800,D,7,406.45,2024-01-02,Oeste,Distribuidor,3.5,243.38
252,8979,A,5,174.71,2023-11-14,Oeste,Mayorista,11.4,94.52
253,10040,B,4,212.68,2023-05-19,Sur,Tienda,13.7,121.68
254,1310,E,11,78.88,2023-09-14,Centro,Online,11.0,28.98
255,3376,A,17,15.38,2023-05-17,Norte,Online,13.8,9.34
256,7658,D,13,15.27,2023-01-30,Oeste,Distribuidor,12.5,8.88
257,3055,C,9,421.62,2023-12-31,Este,Mayorista,11.0,286.62
258,5340,A,14,328.77,2023-02-22,Sur,Tienda,5.6,197.88
259,6803,B,15,401.21,2023-03-01,Norte,Online,4.5,182.5
260,4845,B,13,162.06,2023-10-20,Este,Distribuidor,7.9,72.68
261,3502,E,0,355.83,2023-01-08,Sur,Mayorista,8.3,155.85
262,7803,B,6,71.94,2023-12-22,Oeste,Mayorista,0.5,26.97
263,10385,D,4,40.12,2023-06-06,Sur,Tienda,11.2,14.81
264,9008,E,5,391.72,2023-10-08,Norte,Distribuidor,3.7,270.42
265,10445,A,15,157.24,2023-07-13,Centro,Mayorista,8.7,86.2
266,10334,C,12,62.92,2023-04-23,Sur,Mayorista,6.2,23.63
267,5461,A,5,395.16,2023-02-09,Norte,Distribuidor,0.1,125.53
268,68,B,4,24.84,2023-03-07,Norte,Mayorista,3.5,14.9
269,697,E,7,273.19,2024-01-03,Este,Distribuidor,14.8,87.34
270,9360,D,9,266.53,2023-07-16,Norte,Distribuidor,1.7,170.49
271,1510,B,17,146.57,2023-05-15,Oeste,Mayorista,13.5,79.96
272,1633,B,15,385.64,2023-10-18,Norte,Distribuidor,6.3,124.68
273,6601,E,20,259.87,2023-07-06,Oeste,Distribuidor,11.7,96.96
274,3226,B,0,64.95,2023-06-28,Norte,Online,10.3,42.86
275,5575,B,6,12.73,2024-01-15,Oeste,Tienda,14.0,7.36
276,5726,A,8,81.47,2023-12-05,Oeste,Mayorista,11.7,45.16
277,5144,D,9,218.48,2023-10-02,Oeste,Distribuidor,7.0,133.12
278,4168,C,3,208.81,2023-03-26,Centro,Mayorista,0.1,63.06
279,222,B,3,419.26,2024-01-25,Oeste,Mayorista,2.9,211.4
280,8014,D,0,367.17,2023-05-04,Centro,Online,2.9,136.65
281,5327,B,17,424.3,2023-04-25,Oeste,Distribuidor,11.7,280.64
282,2315,B,6,436.11,2023-05-18,Este,Tienda,1.7,178.97
283,7713,D,11,249.44,2023-10-03,Oeste,Distribuidor,1.2,144.51
284,827,E,11,22.69,2023-02-14,Norte,Distribuidor,2.4,13.45
285,8186,E,7,306.15,2023-04-21,Sur,Mayorista,7.6,162.61
286,4673,E,12,32.77,2023-11-25,Oeste,Online,1.3,14.03
287,5696,A,16,318.51,2023-11-29,Norte,Distribuidor,5.6,193.95
288,7552,A,6,167.6,2023-09-18,Sur,Online,14.1,83.21
289,8807,D,8,144.03,2023-10-02,Este,Tienda,1.6,54.62
290,8875,C,16,48.38,2024-01-02,Este,Tienda,8.2,20.49
291,10095,C,12,116.76,2023-06-15,Oeste,Tienda,1.0,75.28
292,7354,A,15,128.55,2023-02-04,Norte,Distribuidor,5.4,59.22
293,5669,D,18,150.79,2023-02-12,Sur,Distribuidor,8.7,50.0
294,624,B,12,269.33,2023-11-28,Oeste,Distribuidor,4.7,172.3
295,9796,A,19,304.71,2023-08-11,Norte,Mayorista,1.7,144.27
296,6361,D,11,10.29,2023-07-26,Norte,Tienda,12.3,6.63
297,3062,A,4,277.57,2023-12-28,Norte,Distribuidor,4.7,131.1
298,3595,A,7,183.72,2023-10-27,Oeste,Mayorista,3.3,69.68
299,6184,E,8,103.12,2023-03-10,Centro,Distribuidor,14.8,34.83
300,6624,C,15,64.44,2023-11-28,Oeste,Distribuidor,3.3,42.57
301,4504,C,12,400.3,2023-12-08,Sur,Online,0.4,249.66
302,9303,B,18,445.98,2023-06-23,Este,Online,0.8,169.14
303,5730,D,17,269.68,2023-07-08,Oeste,Online,3.8,112.17
304,1588,E,1,360.92,2023-09-23,Este,Online,4.4,188.76
305,8952,E,2,123.8,2024-01-22,Sur,Distribuidor,10.9,45.24
306,7419,E,14,423.6,2023-04-18,Este,Tienda,7.5,268.62
307,10262,E,4,405.95,2023-02-10,Centro,Tienda,5.8,198.73
308,8046,A,3,228.7,2023-01-04,Sur,Mayorista,0.7,73.48
309,8052,A,13,436.5,2023-09-13,Este,Mayorista,6.8,304.57
310,1729,A,19,239.49,2023-09-15,Este,Tienda,0.3,77.8
311,252,B,2,438.86,2023-05-03,Norte,Online,10.8,180.16
312,8972,A,8,296.44,2023-02-10,Norte,Online,12.5,180.33
313,9351,E,11,85.02,2024-01-07,Norte,Online,7.0,42.24
314,2413,D,7,136.95,2023-12-30,Oeste,Mayorista,4.8,45.22
315,5084,A,18,216.01,2023-07-11,Centro,Online,3.1,99.12
316,5379,C,14,312.41,2023-09-07,Norte,Tienda,4.4,151.38
317,1945,A,19,303.61,2023-09-19,Sur,Online,14.1,198.93
318,6159,E,3,177.03,2023-08-29,Centro,Distribuidor,8.2,58.1
319,6177,E,19,204.57,2023-03-02,Oeste,Online,10.9,141.41
320,7423,D,16,338.66,2023-12-23,Oeste,Mayorista,6.8,224.21
321,4857,C,13,463.53,2023-11-02,Oeste,Distribuidor,10.0,198.35
322,7602,B,15,247.77,2023-12-21,Centro,Tienda,0.6,120.16
323,557,E,13,367.52,2023-03-10,Sur,Online,11.7,144.8
324,3670,D,8,285.14,2024-01-31,Este,Tienda,13.9,167.54
325,7111,D,16,251.89,2023-06-22,Oeste,Tienda,6.7,140.53
326,8924,C,11,452.83,2023-07-26,Norte,Mayorista,2.3,312.1
327,3443,B,7,71.97,2023-01-02,Este,Distribuidor,10.2,38.4
328,10300,B,0,256.42,2024-01-01,Sur,Mayorista,5.0,154.04
329,8191,A,6,202.18,2023-09-20,Centro,Online,7.5,115.94
330,7187,A,18,301.23,2023-12-22,Centro,Tienda,6.3,113.07
331,1362,B,9,176.17,2024-01-31,Este,Mayorista,9.4,92.52
332,8062,A,14,158.59,2023-11-23,Centro,Mayorista,8.1,72.76
333,2033,B,14,60.34,2023-05-31,Centro,Mayorista,12.4,27.2
334,4196,A,11,105.01,2023-11-12,Este,Tienda,6.3,37.44
335,6420,C,5,482.16,2023-01-06,Centro,Distribuidor,2.5,272.85
336,931,B,7,46.27,2023-02-21,Este,Distribuidor,6.4,15.03
337,10154,A,14,42.93,2023-08-26,Norte,Tienda,4.0,18.61
338,9997,B,19,288.27,2024-01-02,Norte,Distribuidor,12.1,191.42
339,9966,B,0,277.41,2023-03-30,Norte,Online,1.6,144.84
340,6515,B,1,21.02,2023-06-09,Oeste,Tienda,13.0,11.64
341,7761,D,2,122.77,2023-12-28,Este,Tienda,4.2,77.86
342,5660,A,10,185.29,2023-04-04,Sur,Online,14.0,80.81
343,9618,E,9,42.12,2023-02-14,Este,Distribuidor,6.1,13.03
344,3218,E,7,194.01,2023-07-30,Este,Distribuidor,5.0,62.43
345,4827,B,10,134.65,2023-06-12,Norte,Tienda,14.7,45.11
346,5995,D,8,119.35,2023-01-11,Oeste,Distribuidor,9.2,76.11
347,10246,D,15,390.97,2023-09-17,Norte,Online,4.0,165.61
348,5607,E,8,79.1,2023-08-10,Este,Tienda,10.3,33.74
349,5671,A,18,459.1,2023-12-09,Este,Online,14.5,272.68
350,1244,A,8,417.57,2023-07-13,Sur,Online,9.0,168.28
351,6620,B,6,185.18,2023-08-22,Norte,Tienda,0.5,101.35
352,9550,D,5,56.34,2024-01-28,Este,Online,14.5,22.88
353,7735,E,19,357.11,2023-02-20,Centro,Online,9.7,158.9
354,9924,B,12,52.06,2023-05-03,Centro,Online,9.9,32.66
355,6407,B,18,67.9,2023-03-10,Centro,Distribuidor,5.4,40.65
356,1962,B,19,60.01,2023-12-29,Este,Tienda,2.1,36.47
357,3472,D,0,6.29,2023-03-30,Sur,Tienda,7.7,4.18
358,10201,A,11,89.13,2023-08-01,Oeste,Tienda,7.4,41.0
359,9390,E,15,221.17,2023-02-13,Norte,Distribuidor,2.1,150.29
360,2447,E,10,122.39,2023-03-04,Sur,Online,5.4,40.75
361,6117,B,13,127.38,2023-12-31,Centro,Distribuidor,10.8,74.82
362,5801,A,20,350.54,2024-01-30,Este,Tienda,8.6,119.68
363,7313,D,2,334.24,2023-10-09,Sur,Online,1.2,187.24
364,4756,B,17,146.29,2023-02-19,Oeste,Online,5.6,78.87
365,65,C,13,109.91,2023-11-26,Oeste,Online,2.1,64.48
366,3567,C,4,453.58,2023-03-23,Oeste,Online,6.8,294.05
367,3520,B,2,199.41,2023-06-24,Este,Tienda,4.4,139.52
368,8544,C,17,390.04,2023-09-02,Este,Tienda,4.2,189.65
369,1480,B,9,224.18,2023-05-20,Este,Tienda,0.1,108.35
370,4908,D,1,335.53,2023-12-20,Este,Online,11.3,129.77
371,9487,C,4,127.13,2023-06-03,Este,Online,4.2,57.17
372,9450,C,11,475.52,2023-01-03,Centro,Distribuidor,7.2,318.05
373,4323,A,17,249.58,2024-01-16,Este,Distribuidor,0.4,117.6
374,2916,A,0,176.41,2023-12-28,Oeste,Online,2.8,74.15
375,7350,C,3,224.55,2023-11-10,Este,Distribuidor,2.5,113.89
376,9576,A,13,483.47,2023-06-28,Sur,Online,0.1,290.37
377,9004,E,1,71.09,2023-01-25,Centro,Online,0.3,34.8
378,8229,E,19,427.58,2023-09-21,Sur,Online,15.0,227.52
379,2120,A,20,181.43,2023-01-03,Centro,Mayorista,11.5,68.62
380,5661,E,15,340.97,2023-02-11,Sur,Tienda,10.9,169.11
381,9520,A,18,69.7,2023-03-27,Este,Tienda,0.3,43.08
382,2750,E,19,88.84,2023-03-11,Este,Distribuidor,8.6,54.71
383,8397,C,7,450.63,2023-11-10,Este,Online,2.5,277.57
384,3802,C,5,93.21,2023-01-26,Centro,Tienda,12.8,45.4
385,527,E,15,11.21,2023-02-23,Oeste,Tienda,11.8,3.58
386,6223,C,4,273.34,2023-07-15,Norte,Mayorista,12.3,99.68
387,819,C,3,272.97,2023-02-13,Sur,Online,9.7,137.6
388,6279,E,0,481.36,2023-10-26,Centro,Distribuidor,14.5,200.2
389,4599,D,3,459.57,2023-02-26,Este,Tienda,3.5,192.23
390,8206,D,7,361.73,2023-03-06,Este,Tienda,11.3,129.64
391,9867,C,16,290.03,2023-09-24,Sur,Mayorista,11.4,168.06
392,9247,E,14,465.97,2023-12-05,Oeste,Distribuidor,1.1,197.99
393,3017,C,18,405.68,2023-12-11,Centro,Mayorista,12.0,134.97
394,9528,D,20,154.5,2023-01-27,Norte,Distribuidor,14.8,83.44
395,1368,B,1,372.15,2023-07-07,Sur,Online,6.0,144.81
396,5724,D,3,313.92,2023-04-02,Sur,Mayorista,0.2,136.67
397,10344,E,10,47.9,2024-01-05,Centro,Distribuidor,6.3,30.04
398,1806,C,20,491.8,2023-12-08,Sur,Distribuidor,0.8,169.16
399,5618,A,3,155.43,2023-12-23,Centro,Mayorista,9.2,83.77
400,1879,C,12,313.86,2023-12-10,Centro,Mayorista,1.8,119.93
401,6454,C,13,328.82,2023-10-08,Norte,Mayorista,3.3,127.32
402,7382,A,0,451.13,2023-12-25,Norte,Tienda,13.4,284.35
403,79,E,7,449.06,2023-03-26,Sur,Mayorista,12.6,176.97
404,6299,E,8,176.93,2024-01-11,Este,Tienda,10.0,96.1
405,8210,D,18,64.65,2023-09-14,Este,Mayorista,1.0,31.04
406,1848,D,7,176.45,2023-10-24,Centro,Tienda,13.4,116.33
407,4420,E,8,186.76,2023-11-01,Sur,Tienda,14.6,77.22
408,4470,E,1,29.46,2023-02-05,Norte,Tienda,6.2,12.68
409,10048,E,19,272.76,2023-12-26,Sur,Online,14.0,190.04
410,3124,E,15,47.45,2024-01-24,Sur,Distribuidor,12.0,19.7
411,3894,C,14,355.27,2023-01-02,Este,Tienda,9.8,167.78
412,338,D,1,260.37,2023-08-18,Norte,Tienda,8.6,124.1
413,6158,C,0,187.92,2023-11-06,Sur,Tienda,8.1,81.04
414,8173,C,8,148.21,2023-12-20,Este,Online,8.9,49.51
415,5970,D,13,434.52,2024-01-11,Este,Mayorista,13.3,298.01
416,4191,A,16,459.74,2023-03-17,Oeste,Tienda,0.1,253.36
417,10326,B,12,372.03,2023-04-01,Norte,Tienda,9.0,117.53
418,3571,E,20,16.32,2023-03-03,Oeste,Distribuidor,1.9,11.19
419,2832,E,16,166.9,2023-02-28,Norte,Tienda,2.5,79.44
420,6859,A,11,53.76,2023-10-07,Norte,Distribuidor,15.0,34.61
421,5097,D,12,67.77,2023-08-11,Norte,Tienda,3.8,38.18
422,2277,E,11,403.22,2023-08-16,Oeste,Mayorista,7.5,150.58
423,4205,E,11,152.64,2023-06-04,Oeste,Mayorista,1.3,69.66
424,4166,A,19,288.96,2023-02-04,Este,Tienda,10.4,154.59
425,352,C,20,170.69,2023-06-09,Centro,Distribuidor,2.5,101.97
426,6130,D,3,76.61,2023-06-28,Sur,Distribuidor,12.3,52.12
427,3557,D,1,398.11,2023-07-26,Oeste,Distribuidor,7.3,231.15
428,4207,A,5,323.91,2023-05-04,Norte,Mayorista,7.2,174.1
429,149,E,11,205.17,2023-02-03,Norte,Online,4.2,123.69
430,7747,D,7,221.64,2023-04-25,Este,Tienda,10.1,121.81
431,8382,E,3,29.16,2023-03-13,Sur,Distribuidor,1.8,17.8
432,6802,B,19,89.81,2023-07-03,Sur,Distribuidor,0.0,43.51
433,10310,D,5,479.3,2023-06-25,Este,Tienda,12.6,182.9
434,7121,C,10,53.8,2023-03-11,Oeste,Tienda,1.2,37.39
435,9025,B,6,68.37,2023-11-26,Norte,Tienda,2.5,44.09
436,3650,D,12,26.33,2024-01-11,Este,Tienda,11.7,8.89
437,6099,A,3,113.94,2023-06-24,Oeste,Mayorista,10.5,44.21
438,6795,D,17,92.96,2023-06-23,Sur,Tienda,11.6,37.51
439,3880,E,9,122.69,2023-03-19,Norte,Mayorista,2.3,71.34
440,9617,E,11,210.4,2023-08-28,Norte,Distribuidor,5.8,117.78
441,3429,B,6,360.74,2023-03-24,Norte,Distribuidor,11.4,187.89
442,8414,A,0,27.94,2023-09-20,Sur,Tienda,12.5,17.59
443,5479,A,8,171.43,2023-03-10,Este,Tienda,2.7,88.78
444,3121,C,6,481.52,2023-01-08,Norte,Distribuidor,8.6,158.4
445,4983,C,10,136.75,2023-08-31,Oeste,Distribuidor,13.9,82.33
446,6174,D,6,79.52,2023-08-20,Norte,Tienda,7.3,47.71
447,708,D,11,117.94,2023-12-21,Este,Tienda,9.5,81.05
448,5584,B,19,193.41,2023-04-17,Norte,Tienda,14.0,72.33
449,2921,A,14,68.89,2023-07-26,Oeste,Mayorista,3.4,26.65
450,3156,A,11,369.3,2023-11-03,Centro,Distribuidor,9.4,134.4
451,1073,B,10,37.7,2023-11-11,Sur,Distribuidor,11.3,11.44
452,10085,B,18,465.92,2024-01-07,Norte,Distribuidor,12.2,219.72
453,4206,A,20,67.21,2024-01-08,Norte,Distribuidor,13.8,42.61
454,4024,A,2,42.2,2023-11-10,Norte,Tienda,14.3,25.59
455,6429,B,10,22.75,2023-11-28,Norte,Mayorista,8.8,14.36
456,6842,C,12,269.75,2023-02-15,Norte,Online,8.2,145.36
457,3450,B,20,238.73,2023-03-11,Oeste,Online,12.4,158.12
458,9838,B,10,9.04,2023-04-03,Este,Mayorista,7.9,4.68
459,365,E,13,248.4,2024-01-07,Oeste,Mayorista,6.9,153.45
460,5153,C,18,159.37,2023-11-02,Sur,Tienda,3.8,62.86
461,1195,C,20,87.26,2023-06-25,Sur,Mayorista,6.8,46.49
462,1079,A,12,474.82,2024-01-08,Centro,Mayorista,10.2,230.86
463,1975,B,4,281.22,2023-04-20,Este,Mayorista,9.5,174.17
464,4562,E,9,229.78,2023-06-05,Centro,Mayorista,11.8,105.25
465,10147,C,9,396.58,2023-06-18,Norte,Mayorista,2.7,218.8
466,7594,A,18,74.52,2023-05-12,Sur,Distribuidor,10.8,36.65
467,3595,A,18,105.48,2023-05-19,Sur,Online,6.6,64.8
468,6498,B,4,62.06,2024-01-11,Centro,Mayorista,4.8,27.73
469,10445,E,10,460.66,2024-02-03,Norte,Online,6.6,292.77
470,172,D,14,412.93,2023-11-23,Sur,Tienda,14.2,282.86
471,7551,E,7,283.01,2023-11-10,Sur,Mayorista,6.0,129.63
472,834,B,10,358.64,2023-10-16,Norte,Tienda,11.4,219.94
473,9539,B,17,476.17,2023-09-22,Centro,Tienda,7.7,280.22
474,5251,E,7,11.51,2023-09-14,Este,Mayorista,5.1,5.13
475,6410,A,11,257.17,2023-12-17,Norte,Mayorista,6.2,124.53
476,8229,D,20,170.17,2023-03-24,Norte,Distribuidor,14.0,99.12
477,6434,B,14,463.35,2023-06-08,Sur,Tienda,14.4,195.54
478,5941,A,11,207.72,2023-12-30,Este,Distribuidor,5.1,116.34
479,1142,B,12,151.55,2023-05-05,Centro,Mayorista,4.8,62.68
480,55,B,20,49.18,2023-03-13,Norte,Mayorista,8.4,18.78
481,2100,E,11,486.09,2023-05-06,Norte,Online,0.4,255.85
482,2491,B,5,328.59,2023-12-31,Norte,Online,10.8,219.86
483,1132,D,13,405.66,2024-02-05,Centro,Distribuidor,0.7,251.3
484,6617,E,6,436.04,2023-03-23,Centro,Online,5.7,202.11
485,4744,A,0,34.88,2023-11-03,Oeste,Distribuidor,3.3,20.1
486,4811,B,13,292.27,2023-07-07,Centro,Mayorista,8.9,173.11
487,2313,C,11,49.92,2023-04-07,Norte,Tienda,2.4,19.4
488,3253,D,8,218.67,2023-08-08,Centro,Online,7.0,102.88
489,10399,C,13,167.49,2023-05-29,Norte,Online,9.4,68.19
490,2876,E,2,95.82,2024-01-08,Este,Mayorista,14.3,57.67
491,8091,C,11,94.37,2023-06-13,Sur,Online,1.5,58.9
492,9038,C,11,420.71,2023-01-01,Sur,Distribuidor,12.4,226.48
493,6020,B,16,11.8,2024-01-08,Oeste,Tienda,6.9,4.24
494,9184,E,18,253.93,2023-04-13,Centro,Online,11.9,160.11
495,10392,D,13,484.05,2023-09-16,Centro,Tienda,1.5,222.65
496,5580,E,5,470.6,2023-06-26,Este,Mayorista,11.0,147.2
497,2862,A,13,331.82,2023-05-11,Norte,Distribuidor,12.4,223.35
498,3827,D,0,328.04,2023-11-23,Sur,Distribuidor,13.7,190.98
499,480,C,20,27.32,2023-01-28,Sur,Mayorista,12.1,8.25
500,7251,E,7,287.21,2023-08-15,Oeste,Tienda,0.7,116.33
501,6053,E,11,294.92,2023-01-13,Este,Mayorista,2.6,185.71
502,9112,C,16,379.77,2023-11-21,Norte,Mayorista,1.6,160.61
503,1712,E,16,133.84,2023-08-26,Oeste,Mayorista,12.7,44.3
504,6564,B,5,306.89,2023-10-30,Norte,Online,6.8,186.33
505,555,E,12,316.13,2023-09-26,Este,Tienda,4.6,155.24
506,6616,A,7,346.36,2024-02-04,Centro,Mayorista,7.1,192.73
507,1640,E,10,155.86,2023-04-06,Centro,Mayorista,2.1,101.58
508,6227,C,14,247.71,2023-02-22,Oeste,Mayorista,3.6,118.37
509,6687,E,14,368.82,2023-06-25,Oeste,Online,10.3,125.59
510,4859,A,2,122.09,2023-02-18,Oeste,Mayorista,8.8,54.77
511,2266,A,15,158.8,2023-08-09,Centro,Distribuidor,4.5,82.43
512,5153,C,7,206.35,2024-01-10,Sur,Online,4.9,62.74
513,1342,E,17,18.4,2023-04-14,Norte,Mayorista,8.6,11.21
514,4422,A,2,42.9,2024-01-15,Sur,Tienda,12.1,23.97
515,5006,A,17,236.37,2023-06-10,Oeste,Distribuidor,1.4,126.51
516,4491,E,6,443.63,2023-01-29,Sur,Tienda,2.6,190.25
517,8832,A,15,81.29,2023-09-18,Norte,Distribuidor,0.6,30.25
518,8478,D,11,323.66,2023-05-18,Sur,Distribuidor,10.4,118.28
519,4498,D,9,93.34,2023-02-01,Sur,Distribuidor,9.4,32.04
520,5217,D,9,412.83,2023-07-27,Oeste,Online,13.8,124.1
521,2856,B,4,288.0,2024-01-21,Sur,Tienda,10.8,146.68
522,7171,D,16,488.29,2023-12-21,Sur,Online,12.4,205.58
523,4533,D,18,178.45,2023-07-04,Norte,Online,8.5,100.23
524,3296,D,10,477.43,2023-12-25,Centro,Tienda,14.3,249.62
525,4563,D,4,5.95,2023-09-22,Sur,Distribuidor,10.4,3.35
526,9047,E,8,484.92,2023-06-01,Norte,Mayorista,12.1,234.27
527,905,C,14,135.67,2023-02-11,Este,Online,13.4,75.05
528,2732,A,20,203.39,2024-01-24,Oeste,Tienda,13.4,123.68
529,2117,B,16,128.32,2023-01-06,Norte,Tienda,10.2,47.34
530,7743,D,13,270.49,2024-01-10,Centro,Online,9.4,126.8
531,10347,E,0,160.19,2023-03-17,Sur,Online,14.3,55.81
532,8422,E,12,276.06,2023-01-11,Sur,Mayorista,12.3,173.29
533,2860,B,4,359.86,2023-03-27,Oeste,Online,3.4,145.25
534,4390,A,12,40.34,2023-09-22,Sur,Tienda,3.8,20.87
535,9747,B,5,139.16,2023-04-20,Sur,Online,2.6,94.04
536,4934,A,12,215.36,2023-11-05,Centro,Distribuidor,1.2,108.4
537,1537,B,12,384.21,2023-03-17,Norte,Online,9.6,183.82
538,5211,A,5,359.26,2024-02-03,Este,Mayorista,9.9,226.39
539,4217,D,4,226.07,2023-01-15,Norte,Mayorista,14.9,149.94
540,10437,C,15,310.99,2024-01-31,Este,Online,13.6,175.1
541,10049,B,14,343.04,2023-01-17,Sur,Distribuidor,3.8,220.87
542,5976,B,16,325.64,2023-08-13,Este,Online,2.2,104.26
543,856,E,0,203.08,2023-05-07,Norte,Distribuidor,7.3,138.49
544,6256,E,11,244.08,2023-07-02,Centro,Distribuidor,13.6,166.46
545,5197,B,7,236.56,2023-04-30,Este,Online,7.5,118.17
546,9664,B,5,483.42,2023-10-01,Centro,Mayorista,11.7,155.86
547,7157,D,9,299.1,2023-07-14,Norte,Online,7.0,178.07
548,8594,D,1,64.3,2023-11-07,Oeste,Online,4.2,20.22
549,9412,B,11,399.8,2023-03-23,Este,Online,11.3,172.35
550,1898,D,7,435.69,2023-03-19,Norte,Tienda,7.1,257.39
551,373,C,14,36.5,2023-11-23,Este,Mayorista,10.4,17.59
552,4822,A,11,242.56,2023-01-23,Oeste,Distribuidor,10.7,156.84
553,4267,E,19,347.37,2023-10-16,Norte,Distribuidor,14.2,201.61
554,7999,E,16,315.8,2023-01-27,Sur,Tienda,12.2,218.16
555,9431,A,7,425.13,2023-01-05,Centro,Online,3.4,148.06
556,8740,C,3,242.51,2023-12-28,Este,Tienda,14.9,91.76
557,10247,E,7,101.09,2023-01-06,Sur,Mayorista,4.0,34.59
558,4085,A,7,223.31,2023-03-19,Centro,Mayorista,11.9,69.57
559,4433,E,16,277.66,2023-02-25,Centro,Distribuidor,10.5,146.07
560,9275,B,4,233.92,2023-11-25,Centro,Online,13.1,115.18
561,639,E,4,312.86,2023-05-01,Centro,Distribuidor,3.2,166.19
562,10307,A,5,24.3,2023-05-22,Oeste,Distribuidor,8.4,16.14
563,661,A,17,385.35,2023-07-18,Centro,Tienda,13.7,231.91
564,8935,D,1,199.5,2023-11-29,Oeste,Distribuidor,12.7,125.23
565,4466,A,18,413.56,2023-03-03,Centro,Mayorista,1.2,141.57
566,4305,B,14,336.11,2023-06-15,Este,Distribuidor,3.4,199.86
567,8260,D,16,374.71,2023-03-11,Este,Mayorista,2.6,146.02
568,2150,B,15,84.87,2023-09-06,Este,Online,1.7,37.13
569,2754,B,4,246.14,2023-02-05,Norte,Mayorista,3.3,80.52
570,6326,E,7,194.94,2023-03-23,Oeste,Distribuidor,6.6,86.97
571,9548,D,14,222.39,2023-08-27,Norte,Mayorista,6.1,98.08
572,4935,D,10,476.56,2023-05-27,Norte,Distribuidor,11.9,187.24
573,8749,E,20,477.45,2023-09-16,Oeste,Tienda,6.4,198.67
574,6563,B,19,395.37,2023-10-17,Norte,Distribuidor,7.2,149.14
575,319,A,19,166.19,2023-10-06,Norte,Tienda,11.7,51.41
576,7900,E,15,425.57,2023-05-02,Norte,Online,11.0,162.29
577,10476,E,18,128.82,2023-09-06,Norte,Online,13.7,48.23
578,927,E,2,367.9,2023-04-12,Sur,Online,2.4,253.53
579,4231,C,11,325.99,2023-12-04,Este,Mayorista,11.5,216.74
580,2627,E,15,224.63,2023-03-31,Este,Mayorista,12.0,140.75
581,7532,D,2,461.48,2023-06-09,Norte,Distribuidor,13.9,241.46
582,7363,C,18,286.38,2023-03-06,Norte,Distribuidor,1.8,140.03
583,9983,B,5,486.96,2023-08-20,Oeste,Tienda,12.3,171.59
584,9914,A,6,429.11,2023-10-06,Oeste,Distribuidor,8.5,231.74
585,2897,B,2,252.65,2023-02-12,Sur,Distribuidor,3.3,156.44
586,9100,D,13,60.27,2023-02-08,Norte,Online,14.4,27.45
587,2793,E,3,356.14,2023-04-13,Sur,Mayorista,6.3,220.38
588,8315,B,9,433.29,2023-09-07,Sur,Online,13.3,216.65
589,460,B,3,363.34,2023-07-01,Sur,Tienda,0.6,144.69
590,763,E,2,283.44,2023-03-22,Centro,Tienda,2.3,139.62
591,10123,D,13,201.68,2023-12-05,Oeste,Online,0.4,138.88
592,8032,A,8,88.9,2023-11-11,Centro,Online,13.1,43.58
593,1317,E,13,110.49,2023-05-13,Centro,Tienda,4.5,62.01
594,9757,E,15,369.46,2023-11-11,Norte,Mayorista,12.2,120.93
595,2513,E,8,6.42,2024-01-19,Oeste,Mayorista,3.7,3.24
596,1494,A,8,453.77,2023-07-11,Oeste,Mayorista,11.3,199.11
597,9535,A,8,424.5,2023-02-20,Norte,Distribuidor,5.5,157.0
598,7419,E,19,355.38,2023-08-31,Sur,Online,13.0,232.96
599,7744,A,10,393.77,2023-03-07,Sur,Mayorista,9.3,259.01
600,1928,D,5,332.73,2023-03-28,Este,Mayorista,13.2,189.98
601,9341,A,10,405.53,2023-05-07,Norte,Distribuidor,8.6,210.2
602,5412,D,13,129.43,2023-08-14,Sur,Online,9.3,61.7
603,7946,A,18,262.48,2023-08-16,Este,Tienda,6.1,135.8
604,6565,D,12,215.98,2023-11-15,Este,Tienda,9.1,114.76
605,631,B,14,232.2,2023-03-28,Centro,Tienda,7.5,95.13
606,247,C,2,112.66,2023-11-21,Este,Mayorista,3.8,64.39
607,2987,C,19,299.57,2023-07-15,Este,Tienda,10.0,128.8
608,8563,A,9,143.98,2023-11-24,Este,Online,12.1,74.16
609,5375,B,1,357.99,2023-03-11,Centro,Online,14.6,236.65
610,1344,E,9,333.27,2023-11-21,Oeste,Online,6.2,132.33
611,8853,E,11,368.96,2023-05-10,Oeste,Tienda,7.1,208.26
612,4307,D,3,118.29,2023-07-11,Centro,Online,1.2,43.08
613,1073,E,1,440.64,2023-12-11,Este,Mayorista,6.0,295.1
614,1252,D,8,378.97,2023-12-16,Centro,Distribuidor,1.6,140.91
615,5501,E,17,29.82,2023-11-06,Oeste,Mayorista,15.0,14.98
616,5244,E,15,101.29,2023-11-04,Oeste,Tienda,6.4,47.37
617,10403,C,12,26.36,2023-02-09,Norte,Distribuidor,4.3,11.1
618,7779,A,5,101.1,2023-09-01,Oeste,Mayorista,4.4,48.99
619,7816,A,14,462.22,2023-07-23,Norte,Mayorista,11.1,240.75
620,8316,E,9,336.57,2023-07-11,Oeste,Mayorista,11.3,197.78
621,2731,C,11,427.5,2023-02-12,Norte,Mayorista,6.4,153.96
622,7438,C,2,30.38,2023-07-16,Sur,Distribuidor,6.0,18.31
623,9249,A,17,271.19,2023-07-08,Sur,Distribuidor,14.8,145.13
624,435,C,10,27.32,2023-07-23,Sur,Tienda,6.3,16.52
625,4548,A,13,466.48,2023-07-24,Oeste,Mayorista,8.5,177.44
626,2633,C,10,123.18,2023-12-22,Centro,Online,7.7,46.89
627,3685,C,2,117.23,2023-10-25,Sur,Online,5.4,48.56
628,5320,E,5,465.87,2023-11-19,Sur,Tienda,14.1,290.11
629,7040,C,6,220.21,2023-09-13,Centro,Distribuidor,13.7,133.79
630,573,B,0,285.86,2023-10-02,Norte,Tienda,0.6,109.22
631,2750,D,12,375.02,2023-02-16,Oeste,Tienda,7.6,189.23
632,6653,E,9,399.1,2023-12-27,Centro,Tienda,5.9,275.2
633,8097,C,13,348.92,2023-01-02,Sur,Mayorista,14.0,127.26
634,1023,B,4,380.2,2023-10-21,Norte,Mayorista,14.3,170.09
635,7480,B,18,167.21,2023-09-04,Norte,Distribuidor,13.0,100.01
636,1905,B,9,191.1,2023-11-07,Sur,Online,8.0,65.69
637,794,A,15,383.1,2023-03-01,Oeste,Distribuidor,11.3,253.85
638,5055,B,17,201.14,2023-06-01,Centro,Distribuidor,4.0,69.76
639,5300,B,17,9.72,2023-02-18,Sur,Online,3.3,6.25
640,3708,D,15,139.99,2023-03-30,Norte,Distribuidor,4.3,77.75
641,10442,A,11,114.53,2023-06-02,Norte,Distribuidor,4.2,67.93
642,6691,E,16,348.89,2023-10-14,Sur,Online,9.1,168.01
643,3157,D,4,476.88,2023-09-28,Oeste,Tienda,2.4,243.35
644,10231,B,13,469.74,2023-07-04,Este,Mayorista,9.8,325.68
645,1115,E,19,74.88,2023-02-11,Este,Mayorista,1.9,28.19
646,5520,A,7,290.46,2023-02-12,Centro,Distribuidor,5.5,153.28
647,7996,C,19,33.75,2023-05-12,Este,Tienda,3.9,12.12
648,1153,B,1,7.24,2023-09-16,Centro,Distribuidor,0.0,3.48
649,4046,D,20,419.48,2023-01-12,Este,Online,1.0,286.29
650,1628,A,0,403.22,2023-05-27,Oeste,Distribuidor,9.1,178.01
651,1325,E,1,25.02,2023-05-26,Centro,Distribuidor,4.7,9.26
652,5426,D,16,355.27,2023-03-14,Sur,Online,9.3,241.97
653,5280,A,9,404.37,2023-08-24,Norte,Tienda,5.2,260.76
654,8158,E,4,111.33,2023-04-21,Oeste,Tienda,7.0,33.81
655,6225,D,16,129.34,2023-03-14,Sur,Mayorista,11.4,88.63
656,3079,E,20,473.76,2023-12-08,Este,Tienda,6.9,211.17
657,2274,D,14,31.92,2023-01-12,Norte,Mayorista,7.8,18.48
658,7319,B,14,198.41,2023-03-29,Este,Mayorista,3.2,72.03
659,5030,B,7,111.92,2023-12-23,Oeste,Online,13.0,48.68
660,6974,C,6,436.65,2023-09-29,Sur,Distribuidor,3.5,261.39
661,2244,A,7,448.21,2023-02-06,Este,Distribuidor,3.8,221.01
662,490,E,1,128.24,2023-06-17,Este,Tienda,8.1,74.13
663,1011,A,15,109.99,2023-01-23,Norte,Tienda,4.1,44.89
664,3569,E,1,22.75,2023-10-04,Norte,Online,12.3,7.2
665,9502,A,0,420.21,2024-01-09,Centro,Distribuidor,13.2,194.0
666,4780,C,12,335.14,2023-06-17,Centro,Mayorista,2.3,147.67
667,7609,C,16,222.72,2023-08-28,Este,Mayorista,10.4,141.78
668,4805,E,4,159.3,2023-03-31,Oeste,Distribuidor,5.1,53.3
669,3444,B,11,77.48,2023-12-29,Oeste,Distribuidor,4.7,31.9
670,3065,A,5,382.7,2023-08-06,Oeste,Tienda,9.2,251.25
671,2863,C,3,99.49,2023-11-08,Centro,Distribuidor,1.1,41.3
672,357,C,7,366.93,2023-08-22,Oeste,Distribuidor,9.3,127.72
673,4153,B,18,30.11,2023-09-22,Oeste,Online,5.6,18.12
674,1114,C,10,460.34,2023-04-15,Sur,Distribuidor,3.0,192.89
675,7916,D,20,491.48,2023-04-22,Norte,Distribuidor,4.8,252.88
676,8345,C,13,75.71,2023-06-03,Oeste,Tienda,5.2,42.0
677,9081,A,7,287.14,2023-11-24,Sur,Distribuidor,11.3,192.59
678,8643,C,8,465.81,2023-11-23,Sur,Online,6.1,226.84
679,1876,C,14,313.91,2023-01-13,Este,Distribuidor,1.2,210.91
680,5688,C,11,474.1,2023-02-19,Norte,Distribuidor,14.0,295.19
681,10250,E,17,274.78,2023-07-25,Centro,Distribuidor,13.3,91.93
682,9090,A,0,266.24,2023-09-07,Norte,Distribuidor,12.5,142.99
683,129,D,5,412.71,2023-09-17,Sur,Tienda,5.3,190.83
684,4274,A,12,97.13,2023-07-11,Norte,Tienda,6.1,58.99
685,7889,C,0,211.64,2023-05-17,Sur,Mayorista,11.5,135.82
686,9040,E,2,394.68,2023-06-02,Oeste,Tienda,8.7,118.6
687,2147,D,5,334.74,2023-12-28,Norte,Tienda,14.1,193.76
688,4038,C,14,67.37,2023-11-16,Sur,Tienda,14.1,26.68
689,586,C,6,404.42,2023-09-18,Centro,Tienda,4.9,236.64
690,3349,D,2,497.02,2023-03-12,Norte,Tienda,9.7,204.74
691,6474,A,2,108.72,2023-09-26,Oeste,Distribuidor,13.1,60.97
692,9280,B,17,270.99,2023-06-29,Norte,Mayorista,4.5,113.29
693,10149,A,17,98.83,2023-04-24,Norte,Online,5.4,65.31
694,59,E,18,479.69,2023-09-13,Sur,Mayorista,12.3,189.18
695,351,A,8,466.54,2023-08-19,Oeste,Mayorista,11.3,230.06
696,9119,B,12,418.88,2023-11-19,Centro,Mayorista,2.9,217.54
697,1813,C,9,98.78,2023-04-30,Centro,Mayorista,8.3,29.96
698,7677,D,0,416.17,2024-01-27,Centro,Mayorista,10.9,182.57
699,8488,C,17,142.12,2023-01-28,Sur,Online,2.4,83.55
700,6208,A,4,344.53,2023-10-11,Norte,Distribuidor,11.4,223.84
701,2073,E,14,171.2,2023-04-09,Este,Mayorista,13.5,75.39
702,2014,A,18,357.52,2023-07-27,Oeste,Distribuidor,4.5,127.81
703,128,B,17,426.11,2023-01-08,Oeste,Online,10.9,178.16
704,8028,C,16,55.9,2023-03-27,Este,Distribuidor,13.1,39.07
705,4417,D,7,96.72,2023-05-03,Este,Online,10.3,50.89
706,7476,E,9,67.15,2023-08-03,Centro,Online,2.5,44.26
707,3624,B,5,171.64,2023-08-18,Oeste,Mayorista,9.8,95.41
708,121,C,16,100.27,2023-09-09,Norte,Online,13.9,65.65
709,5563,D,15,266.29,2024-01-08,Este,Online,2.4,163.88
710,10267,A,1,335.54,2024-01-11,Este,Tienda,9.5,129.49
711,4608,B,1,70.77,2023-04-26,Centro,Distribuidor,9.6,36.89
712,6111,C,6,460.07,2023-01-17,Norte,Online,1.5,260.09
713,6740,D,6,123.74,2023-07-13,Oeste,Mayorista,9.6,46.46
714,5552,C,19,256.34,2023-11-12,Norte,Distribuidor,8.1,166.63
715,1872,C,20,420.61,2023-05-31,Este,Mayorista,3.7,153.37
716,6388,D,6,251.51,2023-06-11,Centro,Mayorista,13.1,91.16
717,3425,E,20,48.93,2023-09-26,Oeste,Tienda,6.0,22.88
718,3762,B,9,125.71,2023-09-20,Norte,Tienda,1.5,50.77
719,1842,C,5,192.67,2023-11-07,Oeste,Distribuidor,0.1,85.26
720,4246,A,3,335.1,2023-12-12,Este,Tienda,14.2,157.98
721,4429,C,12,493.79,2023-02-18,Sur,Distribuidor,7.2,274.65
722,4482,D,0,488.18,2023-07-02,Sur,Mayorista,1.5,246.73
723,4272,B,13,468.33,2023-10-17,Sur,Online,4.5,253.01
724,6914,C,3,423.67,2023-12-21,Centro,Online,2.3,288.54
725,3501,C,19,423.71,2023-09-07,Oeste,Tienda,5.1,199.47
726,6690,D,11,490.33,2023-02-12,Sur,Mayorista,8.5,254.61
727,3580,C,9,118.92,2023-02-19,Este,Distribuidor,7.3,63.27
728,6299,E,6,292.82,2023-10-28,Sur,Mayorista,10.1,187.14
729,1654,E,20,404.68,2023-04-25,Oeste,Online,11.3,224.87
730,2615,B,16,308.5,2023-02-13,Norte,Distribuidor,10.3,156.06
731,7335,D,8,346.46,2023-09-26,Oeste,Distribuidor,3.0,104.39
732,1038,D,3,268.29,2023-11-12,Este,Mayorista,12.6,151.66
733,2345,D,19,199.98,2023-12-09,Norte,Distribuidor,10.3,117.07
734,5617,E,18,118.0,2023-12-11,Oeste,Mayorista,14.3,36.39
735,4455,E,2,43.24,2024-01-26,Centro,Mayorista,10.8,25.05
736,8753,A,3,318.28,2023-09-04,Este,Online,5.9,135.14
737,2325,A,9,447.53,2023-06-01,Este,Tienda,14.8,283.68
738,8583,E,16,341.45,2023-11-26,Sur,Distribuidor,0.4,118.18
739,3865,B,8,176.1,2023-02-14,Centro,Tienda,0.6,74.76
740,9542,D,8,464.79,2023-01-19,Norte,Online,8.1,206.14
741,9332,D,20,289.59,2023-04-02,Oeste,Online,1.5,125.68
742,8389,D,17,40.29,2023-08-12,Oeste,Tienda,4.0,22.98
743,2119,D,11,369.97,2023-11-03,Norte,Online,4.8,210.25
744,6347,E,20,139.08,2023-03-23,Sur,Mayorista,8.5,69.59
745,8730,D,15,253.85,2023-11-15,Norte,Distribuidor,4.2,153.83
746,8494,A,9,348.51,2023-03-31,Norte,Online,3.6,183.94
747,573,B,20,178.33,2024-01-23,Oeste,Tienda,10.6,63.93
748,2347,D,4,116.77,2023-05-19,Sur,Distribuidor,1.3,46.51
749,8492,D,17,398.7,2023-01-30,Este,Distribuidor,1.5,254.28
750,2650,C,16,419.52,2023-09-12,Este,Mayorista,7.6,287.61
751,864,D,8,286.51,2023-03-02,Este,Distribuidor,8.6,117.99
752,4011,C,16,492.07,2023-07-27,Norte,Tienda,6.5,230.82
753,5548,D,13,279.18,2023-08-14,Centro,Mayorista,3.5,99.07
754,10128,B,10,228.01,2023-11-10,Sur,Tienda,3.4,104.04
755,1243,E,18,437.88,2023-04-17,Sur,Distribuidor,11.0,174.78
756,8877,A,12,463.1,2023-11-20,Este,Distribuidor,13.2,285.98
757,4676,D,6,492.21,2023-10-01,Sur,Distribuidor,11.0,149.35
758,3582,A,14,228.8,2023-10-09,Oeste,Mayorista,8.1,118.47
759,7473,A,12,146.03,2023-12-20,Sur,Tienda,3.8,67.98
760,4956,D,10,166.65,2023-07-19,Sur,Distribuidor,11.2,63.98
761,3196,A,17,487.8,2023-04-17,Centro,Online,11.9,304.56
762,2884,C,1,109.35,2024-01-22,Sur,Tienda,0.8,54.33
763,9351,A,5,276.75,2023-06-04,Centro,Distribuidor,8.4,162.34
764,3522,A,1,251.7,2023-03-31,Sur,Online,5.0,120.55
765,9321,D,6,406.87,2023-11-19,Oeste,Mayorista,9.0,135.21
766,9837,B,19,69.27,2023-11-13,Sur,Tienda,1.0,26.58
767,238,D,10,373.37,2023-05-17,Norte,Mayorista,0.7,220.15
768,7742,A,19,354.42,2023-02-11,Sur,Online,8.1,134.16
769,6742,E,9,292.01,2023-05-03,Centro,Online,11.6,153.13
770,1435,A,0,123.1,2024-01-01,Sur,Online,8.4,77.83
771,7106,D,6,376.03,2023-02-05,Este,Tienda,4.3,214.07
772,1255,D,11,304.88,2023-02-14,Este,Tienda,7.6,170.15
773,192,E,19,202.01,2023-05-28,Sur,Online,2.5,79.67
774,10166,E,16,247.76,2023-12-31,Este,Online,9.7,88.91
775,1053,E,1,453.81,2023-11-03,Centro,Tienda,13.8,223.42
776,3763,D,4,78.22,2023-06-03,Oeste,Online,12.0,26.3
777,5063,E,0,137.39,2023-10-02,Sur,Mayorista,11.4,56.02
778,2482,C,15,172.95,2023-03-12,Este,Mayorista,1.4,86.19
779,5433,D,15,276.72,2023-01-23,Sur,Online,8.8,139.12
780,10489,E,1,98.96,2023-02-03,Este,Distribuidor,13.7,53.33
781,1536,B,20,10.25,2024-01-14,Centro,Distribuidor,11.5,5.96
782,2867,C,7,464.71,2023-02-16,Norte,Online,14.7,195.33
783,5705,D,19,27.8,2023-04-15,Norte,Tienda,13.8,16.82
784,6944,C,9,420.58,2023-02-03,Centro,Distribuidor,11.9,204.91
785,7077,E,17,417.79,2023-08-01,Norte,Distribuidor,13.9,231.25
786,7175,D,18,352.45,2023-03-06,Norte,Mayorista,2.6,188.45
787,6013,A,17,397.58,2023-01-30,Norte,Mayorista,1.0,234.16
788,8637,C,4,365.1,2023-10-31,Sur,Online,0.7,159.84
789,1898,B,17,241.98,2023-06-16,Norte,Mayorista,13.3,158.96
790,8275,C,1,259.33,2023-11-08,Oeste,Tienda,12.4,106.25
791,9240,E,1,16.91,2023-06-03,Centro,Mayorista,9.9,5.66
792,236,A,4,457.61,2024-01-24,Este,Distribuidor,3.2,141.28
793,8581,E,17,415.24,2023-08-14,Este,Online,5.8,151.32
794,8556,A,9,436.97,2023-04-30,Sur,Online,4.8,245.07
795,2868,A,2,343.25,2023-04-21,Oeste,Distribuidor,0.2,122.47
796,3515,B,4,162.24,2023-06-19,Norte,Distribuidor,2.6,68.8
797,1355,D,11,372.11,2023-01-28,Centro,Online,2.5,259.77
798,586,A,12,135.61,2023-06-09,Sur,Mayorista,12.6,52.61
799,4988,E,3,294.53,2023-10-21,Sur,Mayorista,12.4,166.62
800,7416,D,20,365.95,2023-11-17,Este,Online,2.9,143.54
801,4461,A,6,409.24,2023-12-08,Este,Tienda,7.5,181.76
802,8414,C,7,492.84,2023-01-02,Oeste,Online,9.0,218.95
803,8772,E,19,333.47,2023-05-22,Centro,Tienda,14.5,187.37
804,4121,B,14,387.94,2023-05-02,Sur,Tienda,2.6,269.91
805,10075,D,16,436.51,2024-01-15,Este,Mayorista,6.0,227.23
806,972,A,4,428.49,2023-11-23,Centro,Tienda,5.6,221.78
807,4868,B,18,378.95,2023-08-19,Centro,Mayorista,1.0,243.81
808,4588,E,2,201.12,2023-04-07,Este,Tienda,3.8,69.45
809,2741,A,8,27.07,2024-01-09,Oeste,Online,4.1,8.18
810,7288,D,20,395.17,2023-11-20,Norte,Tienda,11.0,207.32
811,3612,B,14,388.84,2023-06-08,Centro,Distribuidor,3.0,131.48
812,5889,E,7,114.67,2023-08-26,Este,Online,1.5,79.45
813,2151,D,17,409.52,2023-02-21,Sur,Online,3.8,126.63
814,771,E,10,21.29,2023-04-12,Oeste,Mayorista,12.8,7.1
815,3736,A,20,175.11,2023-04-05,Sur,Distribuidor,14.3,71.26
816,8693,D,11,297.69,2023-12-27,Centro,Mayorista,13.0,198.29
817,5676,A,17,45.13,2023-12-29,Sur,Distribuidor,4.7,15.53
818,4942,E,17,294.78,2023-06-02,Norte,Distribuidor,10.8,199.27
819,4562,D,15,438.29,2023-11-29,Centro,Online,7.3,240.46
820,10030,E,6,394.39,2023-12-10,Sur,Tienda,5.2,249.05
821,6011,A,14,371.7,2023-05-09,Este,Online,11.1,145.86
822,4743,C,19,113.46,2023-10-12,Norte,Mayorista,13.6,59.56
823,8381,E,12,415.72,2023-08-29,Este,Mayorista,3.3,236.63
824,3380,A,8,60.14,2023-03-15,Centro,Tienda,3.4,18.53
825,8929,B,0,57.6,2023-11-07,Norte,Tienda,1.7,24.18
826,8054,D,18,175.45,2023-10-03,Oeste,Online,1.1,81.85
827,3522,C,9,129.91,2023-04-30,Norte,Mayorista,3.2,87.12
828,10391,C,10,452.15,2023-01-11,Centro,Online,13.4,235.95
829,8655,A,17,319.43,2023-07-21,Norte,Online,14.2,179.26
830,9523,E,16,442.93,2024-01-31,Norte,Distribuidor,3.4,279.98
831,2352,C,3,455.21,2023-07-14,Sur,Mayorista,5.1,162.51
832,5005,D,16,220.22,2023-04-20,Centro,Distribuidor,2.7,84.5
833,2734,B,7,103.71,2024-01-21,Sur,Distribuidor,0.9,56.4
834,3917,D,4,438.93,2023-12-22,Este,Tienda,2.4,193.58
835,9006,C,5,165.24,2023-07-07,Centro,Tienda,2.5,97.24
836,4061,A,16,64.74,2023-09-16,Este,Mayorista,10.8,38.32
837,5338,C,2,374.41,2023-05-01,Centro,Online,7.1,185.42
838,4368,E,1,452.25,2023-10-21,Este,Mayorista,7.5,152.16
839,1082,C,4,362.38,2024-01-24,Norte,Distribuidor,2.2,119.11
840,4670,B,3,484.95,2023-04-21,Este,Mayorista,6.6,299.96
841,4051,C,5,238.68,2023-06-14,Este,Distribuidor,2.9,131.79
842,1961,C,3,451.18,2023-08-26,Oeste,Tienda,14.9,145.55
843,7375,B,18,458.04,2023-03-15,Sur,Distribuidor,6.2,162.44
844,10392,C,3,186.01,2023-02-24,Centro,Tienda,7.7,118.58
845,2958,C,14,384.92,2023-06-12,Oeste,Mayorista,5.6,169.21
846,9528,B,19,326.96,2023-07-10,Norte,Distribuidor,6.4,122.98
847,3718,D,7,240.15,2023-05-28,Sur,Mayorista,11.3,94.2
848,1839,D,9,94.48,2023-05-05,Norte,Distribuidor,0.9,61.0
849,9958,B,16,493.82,2023-01-11,Este,Online,11.6,322.96
850,6432,A,7,112.39,2023-01-26,Sur,Distribuidor,5.4,48.09
851,8146,C,8,144.27,2023-11-05,Sur,Distribuidor,5.9,56.43
852,2355,E,0,54.19,2023-05-07,Este,Tienda,2.5,34.32
853,9702,A,8,230.77,2023-11-13,Sur,Online,4.0,156.52
854,6409,B,19,143.42,2023-07-06,Sur,Mayorista,13.0,52.42
855,1724,B,9,372.22,2023-12-27,Oeste,Online,12.5,179.34
856,1329,E,17,477.63,2023-11-26,Sur,Distribuidor,11.0,155.04
857,3417,A,18,218.41,2023-07-31,Oeste,Distribuidor,3.3,134.72
858,1972,D,20,352.45,2023-11-29,Oeste,Mayorista,8.8,220.12
859,4891,B,15,136.34,2023-01-13,Este,Mayorista,3.4,53.11
860,7249,E,12,367.02,2023-08-22,Centro,Tienda,10.4,130.31
861,6534,B,8,79.43,2023-10-22,Oeste,Tienda,11.3,30.84
862,633,E,18,493.8,2023-03-30,Sur,Online,9.6,310.86
863,9103,D,2,292.99,2023-09-14,Oeste,Online,10.0,130.67
864,6861,A,5,114.4,2023-02-25,Centro,Distribuidor,8.3,68.82
865,6293,E,20,75.28,2023-09-27,Oeste,Distribuidor,3.3,44.86
866,1920,E,11,464.69,2023-08-25,Sur,Mayorista,4.5,306.66
867,8575,A,0,174.87,2023-11-14,Este,Distribuidor,9.2,70.72
868,9706,D,7,86.03,2024-02-02,Norte,Distribuidor,12.8,55.55
869,9987,D,17,472.81,2023-10-21,Sur,Distribuidor,8.1,308.62
870,3807,D,13,325.46,2023-08-20,Oeste,Online,9.4,147.85
871,6098,D,7,68.4,2023-01-06,Norte,Distribuidor,5.4,20.83
872,149,A,8,327.31,2023-12-30,Sur,Online,11.7,173.31
873,1602,B,10,37.83,2023-10-06,Sur,Tienda,12.2,24.86
874,7687,D,15,300.64,2023-11-25,Centro,Distribuidor,1.9,152.3
875,6123,D,2,210.05,2023-08-07,Este,Tienda,13.3,109.42
876,61,A,17,69.9,2023-03-16,Sur,Online,10.2,29.2
877,6356,C,13,219.4,2023-02-17,Oeste,Mayorista,8.4,100.75
878,3002,D,11,425.41,2023-01-27,Este,Online,8.2,217.8
879,3230,B,5,378.3,2023-12-11,Centro,Mayorista,0.4,200.94
880,1940,E,12,97.69,2023-02-09,Oeste,Distribuidor,11.5,51.82
881,5986,B,9,226.65,2023-08-16,Sur,Mayorista,8.5,154.58
882,906,A,14,341.15,2024-01-05,Este,Mayorista,7.0,108.91
883,10164,D,8,71.04,2023-12-19,Este,Online,8.8,33.04
884,9734,A,15,412.12,2023-09-14,Centro,Tienda,10.5,191.19
885,714,A,3,247.61,2023-01-15,Norte,Distribuidor,8.5,120.82
886,6277,A,1,471.01,2023-04-02,Sur,Tienda,0.4,314.55
887,7047,B,4,157.44,2023-09-19,Sur,Online,3.7,67.36
888,2311,A,9,19.65,2023-03-26,Este,Mayorista,9.8,9.05
889,10378,A,4,314.73,2023-03-28,Este,Mayorista,15.0,175.83
890,432,A,3,290.63,2023-04-07,Centro,Distribuidor,5.0,127.66
891,5396,D,3,348.8,2024-02-02,Oeste,Mayorista,6.2,190.23
892,3610,C,19,213.8,2023-01-14,Centro,Online,6.1,107.86
893,10092,D,11,405.41,2023-03-20,Norte,Online,10.7,137.73
894,3220,A,12,428.31,2023-06-03,Sur,Online,7.7,290.77
895,8660,D,9,290.86,2023-01-21,Centro,Tienda,6.2,154.19
896,8965,B,18,61.26,2023-04-25,Oeste,Tienda,0.9,25.81
897,965,B,3,250.0,2023-12-04,Oeste,Mayorista,6.4,170.63
898,885,E,12,438.91,2023-09-28,Oeste,Mayorista,8.1,136.18
899,9811,D,20,54.75,2023-09-05,Centro,Tienda,5.0,37.48
900,8870,A,10,372.83,2024-01-04,Centro,Mayorista,3.2,225.29
901,2958,D,18,494.99,2023-11-25,Norte,Online,8.5,327.1
902,8088,A,16,105.52,2023-01-16,Este,Tienda,3.8,71.92
903,3174,E,13,86.67,2023-06-09,Este,Tienda,11.8,54.51
904,2185,A,4,471.84,2023-01-18,Centro,Distribuidor,5.5,212.36
905,3113,E,8,469.67,2023-09-06,Centro,Tienda,9.2,196.95
906,2740,C,2,449.14,2023-08-13,Este,Distribuidor,7.0,288.91
907,7969,A,10,113.63,2023-12-29,Este,Tienda,5.0,53.17
908,7478,B,2,464.96,2023-05-24,Sur,Online,1.7,247.58
909,9379,D,8,477.97,2023-12-23,Oeste,Tienda,6.9,152.67
910,5366,A,6,320.14,2023-01-21,Este,Distribuidor,7.8,130.73
911,7356,C,6,82.24,2023-01-29,Oeste,Distribuidor,12.2,33.31
912,3723,D,5,494.63,2023-04-10,Norte,Tienda,12.1,313.27
913,899,E,17,455.87,2023-03-09,Sur,Online,0.7,164.42
914,1238,D,6,383.54,2023-01-16,Este,Mayorista,11.8,121.43
915,8426,D,0,207.78,2023-03-26,Centro,Mayorista,2.9,96.42
916,8256,C,8,231.45,2023-03-05,Sur,Mayorista,12.4,126.35
917,2391,C,10,270.8,2023-10-05,Oeste,Distribuidor,9.4,107.45
918,6217,B,1,452.56,2023-08-31,Centro,Distribuidor,2.9,267.88
919,4849,D,14,269.72,2024-02-03,Este,Distribuidor,14.7,161.37
920,2184,D,1,267.3,2023-11-07,Este,Mayorista,11.8,97.08
921,2048,C,19,57.18,2023-04-19,Norte,Distribuidor,12.8,24.8
922,6401,C,17,238.61,2023-11-11,Oeste,Tienda,3.2,78.52
923,2137,E,20,305.75,2023-12-17,Centro,Tienda,0.1,112.34
924,3481,B,10,277.72,2023-05-10,Oeste,Distribuidor,4.8,175.97
925,4752,E,1,482.67,2023-06-15,Este,Mayorista,8.1,315.79
926,9841,A,20,259.56,2023-07-18,Centro,Tienda,4.6,138.04
927,8990,E,16,240.15,2023-11-07,Centro,Mayorista,9.3,152.03
928,4990,D,0,384.88,2023-01-20,Sur,Distribuidor,8.7,258.8
929,9357,C,19,319.69,2023-01-25,Este,Online,1.6,168.24
930,9402,A,5,310.66,2024-01-30,Oeste,Distribuidor,7.5,99.55
931,8241,B,10,440.08,2023-01-11,Sur,Online,3.1,299.87
932,7618,B,11,227.16,2023-10-16,Oeste,Online,5.3,117.28
933,1657,D,4,354.11,2023-10-29,Norte,Online,2.2,137.44
934,4073,E,11,74.25,2024-01-23,Centro,Mayorista,11.6,45.45
935,285,D,2,155.4,2023-03-30,Oeste,Mayorista,2.7,52.66
936,1837,C,10,48.71,2023-11-30,Este,Mayorista,9.7,24.63
937,5743,D,9,12.61,2023-12-24,Norte,Tienda,10.2,4.14
938,8750,D,0,51.34,2023-02-22,Sur,Distribuidor,7.3,27.32
939,8024,C,19,119.58,2023-02-18,Este,Distribuidor,0.2,44.98
940,8085,A,9,90.11,2023-05-05,Sur,Mayorista,0.1,37.97
941,336,D,2,55.78,2023-10-12,Este,Distribuidor,14.4,38.89
942,3363,B,9,450.51,2023-07-24,Norte,Mayorista,5.1,283.67
943,1390,C,0,82.4,2023-05-03,Norte,Online,7.9,39.05
944,6961,C,14,216.79,2023-07-16,Este,Distribuidor,13.4,148.89
945,8219,D,6,386.92,2023-05-04,Sur,Online,0.5,159.76
946,1551,B,11,206.19,2023-02-13,Centro,Tienda,10.3,100.8
947,545,D,9,38.28,2023-02-27,Centro,Distribuidor,13.2,12.35
948,10294,B,15,354.21,2023-11-15,Sur,Mayorista,12.0,171.66
949,3789,C,12,49.13,2023-03-22,Este,Tienda,7.6,24.9
950,2880,B,8,122.69,2023-11-16,Oeste,Distribuidor,12.8,72.26
951,7337,B,15,340.52,2023-03-18,Sur,Distribuidor,2.4,219.97
952,9690,E,5,358.12,2023-03-26,Norte,Online,3.5,151.24
953,88,E,2,463.65,2023-07-26,Centro,Mayorista,6.1,205.41
954,9642,D,4,407.47,2023-05-10,Este,Tienda,13.9,239.82
955,6663,B,16,310.73,2023-07-15,Norte,Distribuidor,11.1,105.0
956,4531,E,20,483.52,2023-12-12,Norte,Online,11.5,253.44
957,771,B,12,96.78,2023-02-12,Centro,Distribuidor,4.1,45.91
958,4911,C,1,367.66,2023-03-17,Este,Tienda,4.3,212.2
959,6824,D,4,160.98,2023-02-06,Oeste,Tienda,3.8,67.41
960,437,D,0,439.94,2023-03-24,Este,Distribuidor,13.5,289.16
961,168,B,11,481.06,2023-02-06,Sur,Distribuidor,11.4,184.68
962,4652,E,12,241.48,2024-02-05,Sur,Distribuidor,7.1,118.95
963,3039,C,5,156.04,2023-03-28,Oeste,Mayorista,11.7,51.31
964,8828,D,20,335.22,2024-01-30,Norte,Online,11.3,168.24
965,6991,C,5,487.72,2024-01-01,Centro,Distribuidor,6.7,256.98
966,4696,A,16,331.07,2023-10-26,Este,Tienda,6.1,172.35
967,2909,D,11,424.21,2023-02-16,Norte,Mayorista,13.7,222.12
968,7737,B,6,417.46,2023-06-15,Centro,Distribuidor,7.5,169.68
969,1176,C,5,19.95,2023-08-24,Norte,Distribuidor,5.2,9.11
970,3183,D,17,316.32,2023-06-12,Norte,Online,0.4,128.15
971,5814,A,16,396.81,2024-01-09,Oeste,Distribuidor,13.2,166.56
972,7922,E,13,8.84,2023-07-12,Sur,Tienda,13.3,3.19
973,3923,D,4,100.59,2023-01-16,Oeste,Mayorista,11.5,57.28
974,1183,E,15,108.17,2023-10-31,Este,Distribuidor,10.3,73.0
975,5371,C,7,150.84,2023-11-29,Norte,Online,8.8,46.41
976,5889,D,18,274.75,2023-04-23,Centro,Mayorista,12.6,184.44
977,2261,C,1,148.61,2023-01-21,Norte,Mayorista,12.4,91.48
978,360,D,20,367.67,2024-01-27,Oeste,Tienda,5.6,185.82
979,9481,C,5,161.28,2023-04-19,Centro,Tienda,5.1,82.35
980,8379,C,4,126.85,2023-09-08,Norte,Online,1.7,58.95
981,6398,B,1,204.18,2023-10-03,Centro,Online,7.9,130.85
982,4216,D,19,309.21,2023-06-29,Oeste,Tienda,12.4,152.41
983,1809,C,11,477.56,2023-12-12,Centro,Online,14.5,296.69
984,1130,B,17,161.39,2023-04-24,Oeste,Distribuidor,11.4,103.19
985,5008,C,6,146.03,2023-08-27,Este,Online,0.8,61.01
986,2322,E,14,217.96,2024-01-18,Este,Mayorista,12.0,103.25
987,1058,C,10,58.92,2023-07-24,Centro,Tienda,13.4,39.36
988,9770,A,9,490.14,2023-07-09,Oeste,Distribuidor,12.7,228.9
989,1248,B,17,238.15,2023-12-13,Centro,Distribuidor,12.8,153.93
990,4658,B,15,375.75,2023-01-09,Oeste,Mayorista,13.8,220.85
991,2449,B,15,230.91,2023-09-12,Sur,Tienda,1.7,123.53
992,10064,C,18,216.54,2023-07-22,Este,Online,1.6,90.27
993,6093,E,10,327.94,2023-10-25,Centro,Mayorista,2.9,170.92
994,9209,B,9,151.44,2023-12-19,Centro,Tienda,10.0,98.91
995,4484,C,9,57.64,2023-08-27,Centro,Mayorista,15.0,39.13
996,7447,C,2,102.52,2023-11-21,Oeste,Distribuidor,8.7,55.18
997,7682,A,16,323.37,2023-06-26,Oeste,Tienda,2.8,99.77
998,10275,D,5,117.2,2023-07-26,Sur,Tienda,5.9,64.77
999,10150,D,19,145.61,2023-04-16,Centro,Distribuidor,5.9,70.7
1000,6282,C,13,186.41,2023-09-13,Norte,Tienda,10.1,91.89
1001,3719,D,18,136.77,2023-02-25,Centro,Distribuidor,11.6,86.89
1002,1860,C,15,48.08,2023-08-03,Sur,Mayorista,12.3,15.55
1003,817,E,1,80.42,2023-02-21,Oeste,Online,6.5,37.49
1004,6877,D,5,462.12,2023-09-16,Sur,Online,2.6,288.47
1005,6215,B,15,461.61,2023-02-03,Centro,Distribuidor,12.0,170.67
1006,3170,A,16,213.1,2024-01-22,Sur,Tienda,0.7,104.23
1007,10079,D,13,227.13,2023-03-03,Este,Distribuidor,8.8,126.14
1008,7679,A,0,403.85,2023-03-22,Centro,Online,14.3,245.18
1009,4187,A,9,344.45,2024-02-05,Oeste,Mayorista,5.8,170.5
1010,1762,D,0,178.84,2023-11-24,Oeste,Mayorista,13.7,92.9
1011,3281,C,8,29.79,2023-07-11,Oeste,Distribuidor,8.0,18.47
1012,10135,B,4,95.26,2024-01-14,Norte,Tienda,11.5,63.89
1013,5677,D,19,361.92,2023-11-28,Oeste,Mayorista,9.6,151.56
1014,2221,E,2,321.08,2023-12-04,Norte,Online,13.8,217.73
1015,21,D,17,360.11,2023-03-30,Norte,Distribuidor,0.4,228.25
1016,7030,A,15,211.79,2023-12-05,Centro,Tienda,12.0,115.26
1017,2321,D,13,66.57,2023-02-25,Sur,Online,0.6,30.34
1018,5620,C,12,256.18,2023-11-06,Centro,Tienda,11.2,145.96
1019,1574,C,13,206.15,2023-10-07,Norte,Online,6.3,95.46
1020,2682,A,4,87.71,2023-10-06,Oeste,Tienda,10.3,31.2
1021,3894,A,11,429.6,2023-10-20,Oeste,Online,9.0,173.6
1022,9022,E,9,101.12,2023-10-08,Norte,Mayorista,5.9,60.96
1023,9151,C,14,77.0,2023-01-08,Oeste,Mayorista,13.9,32.67
1024,4672,C,14,400.1,2023-07-12,Oeste,Distribuidor,1.3,273.99
1025,6528,B,7,96.98,2023-05-01,Centro,Online,9.3,29.48
1026,9622,A,12,244.22,2023-01-21,Sur,Online,12.0,111.57
1027,8230,D,17,354.67,2023-03-18,Oeste,Distribuidor,10.2,230.2
1028,5440,E,3,331.1,2023-04-25,Centro,Online,13.9,107.52
1029,304,E,20,138.94,2023-02-14,Oeste,Distribuidor,12.6,75.08
1030,1351,A,7,302.37,2023-05-19,Sur,Tienda,1.3,158.6
1031,9597,B,11,35.4,2023-09-02,Sur,Tienda,1.2,18.41
1032,6449,D,13,178.78,2023-04-06,Sur,Mayorista,1.6,90.15
1033,5495,E,7,365.14,2023-06-09,Norte,Tienda,1.4,208.38
1034,5799,E,18,403.51,2023-11-18,Sur,Online,2.7,215.53
1035,4446,A,8,131.13,2024-01-03,Oeste,Distribuidor,13.9,86.82
1036,5663,B,5,288.96,2023-03-10,Norte,Distribuidor,12.4,167.71
1037,4546,A,12,410.49,2023-10-10,Sur,Online,5.2,267.7
1038,9634,B,7,63.82,2023-02-08,Norte,Distribuidor,2.6,28.08
1039,994,E,2,391.05,2023-03-31,Norte,Tienda,8.3,135.13
1040,7404,E,0,470.18,2023-09-11,Norte,Online,5.1,321.86
1041,5029,B,6,223.96,2023-05-16,Sur,Tienda,13.3,129.09
1042,5866,D,7,234.82,2023-07-06,Centro,Mayorista,8.7,100.12
1043,422,D,5,248.79,2023-12-01,Centro,Online,9.0,144.27
1044,7053,E,19,374.22,2024-01-23,Norte,Tienda,10.9,133.73
1045,1408,D,7,326.47,2023-01-27,Sur,Distribuidor,10.9,147.94
1046,1514,B,15,196.19,2023-09-12,Norte,Online,2.2,81.81
1047,621,B,13,393.95,2023-02-19,Norte,Online,0.2,150.73
1048,3058,A,18,14.25,2023-06-05,Sur,Tienda,12.6,5.63
1049,4182,B,10,422.41,2023-02-16,Norte,Online,3.4,208.12
1050,3789,D,18,44.44,2023-03-15,Centro,Distribuidor,12.2,22.74
1051,7559,C,1,41.06,2023-03-14,Sur,Distribuidor,10.1,20.6
1052,369,A,0,372.08,2024-01-15,Oeste,Distribuidor,9.2,153.55
1053,7547,E,1,438.73,2023-08-25,Centro,Mayorista,2.2,174.77
1054,9618,B,2,310.78,2023-09-26,Este,Mayorista,14.2,121.3
1055,7546,C,8,315.41,2023-10-03,Este,Tienda,11.9,139.87
1056,4608,B,7,473.0,2023-05-14,Este,Tienda,2.6,277.69
1057,8295,A,10,477.18,2023-01-05,Centro,Online,9.5,162.9
1058,1573,D,16,498.33,2023-05-21,Centro,Mayorista,3.7,217.18
1059,10339,D,19,394.08,2023-05-28,Oeste,Tienda,8.4,188.93
1060,2208,C,10,413.07,2023-09-13,Oeste,Distribuidor,5.0,280.22
1061,8963,D,14,63.57,2023-10-02,Sur,Mayorista,2.8,26.07
1062,8586,A,3,44.45,2023-12-06,Norte,Distribuidor,2.3,30.66
1063,8524,C,15,286.73,2024-02-04,Este,Distribuidor,8.7,199.14
1064,1475,C,2,212.42,2023-12-14,Norte,Distribuidor,4.3,73.49
1065,10070,C,1,14.35,2023-05-23,Este,Tienda,9.0,6.47
1066,9436,A,7,436.82,2023-07-14,Oeste,Tienda,12.8,296.09
1067,225,C,20,61.73,2024-02-05,Centro,Mayorista,2.5,26.42
1068,4404,A,14,429.88,2023-11-03,Sur,Tienda,5.7,286.05
1069,4857,B,15,413.39,2023-12-19,Centro,Tienda,11.6,203.27
1070,3156,E,20,173.39,2023-10-14,Sur,Online,10.9,118.85
1071,5398,A,11,335.1,2023-05-01,Sur,Online,1.0,196.44
1072,6693,C,11,372.69,2023-04-11,Sur,Online,2.8,173.72
1073,3595,D,3,178.62,2023-11-12,Oeste,Online,9.9,89.08
1074,7759,A,5,243.55,2023-06-07,Sur,Distribuidor,12.8,121.97
1075,8992,D,4,341.12,2023-02-26,Oeste,Distribuidor,4.7,140.8
1076,5821,E,6,182.89,2023-03-25,Centro,Mayorista,0.3,69.73
1077,4364,D,19,246.04,2023-06-03,Este,Mayorista,14.0,103.95
1078,6846,E,19,199.56,2024-01-08,Este,Online,5.1,72.76
1079,3094,A,7,201.46,2023-11-17,Centro,Tienda,1.1,112.63
1080,8863,B,3,247.23,2023-10-18,Centro,Online,10.9,165.17
1081,587,D,11,348.91,2023-11-18,Este,Distribuidor,13.3,127.61
1082,3326,D,3,270.77,2024-01-11,Norte,Tienda,8.2,127.76
1083,9529,D,7,58.48,2023-12-13,Este,Tienda,10.4,31.41
1084,8864,A,11,20.88,2023-09-20,Este,Tienda,4.4,10.39
1085,7993,B,1,124.45,2023-03-03,Centro,Mayorista,8.8,78.72
1086,1048,B,5,196.97,2023-09-27,Este,Mayorista,6.1,131.83
1087,3663,D,7,411.65,2023-07-28,Norte,Online,3.3,147.67
1088,1520,B,18,251.42,2023-02-24,Norte,Online,14.4,133.14
1089,4062,A,10,18.54,2023-01-11,Sur,Distribuidor,1.3,5.69
1090,8536,E,14,48.34,2023-08-03,Norte,Mayorista,5.7,19.2
1091,3555,D,8,22.43,2023-10-23,Oeste,Distribuidor,14.2,11.45
1092,4357,D,20,102.75,2023-05-21,Este,Online,9.2,41.46
1093,3372,B,15,483.22,2023-05-08,Sur,Tienda,0.6,285.78
1094,4464,D,12,230.87,2023-03-19,Sur,Mayorista,15.0,85.57
1095,4055,A,1,373.71,2023-03-06,Centro,Tienda,8.9,113.9
1096,64,E,4,58.76,2023-06-26,Sur,Tienda,7.3,34.61
1097,1673,A,9,270.01,2023-06-05,Oeste,Mayorista,6.2,126.11
1098,3874,A,15,228.04,2023-11-20,Este,Online,9.6,111.72
1099,7471,C,2,353.41,2023-05-01,Este,Online,12.9,155.72
1100,4305,B,5,216.87,2023-03-20,Centro,Mayorista,6.9,145.23
1101,6341,D,19,22.61,2023-06-07,Centro,Tienda,8.6,15.05
1102,1495,A,12,324.99,2023-11-07,Sur,Mayorista,8.3,145.44
1103,4875,E,11,52.81,2023-06-02,Norte,Tienda,4.7,26.61
1104,9920,D,10,402.45,2023-01-04,Centro,Mayorista,5.8,180.13
1105,4459,D,10,300.78,2024-01-17,Centro,Distribuidor,14.4,133.61
1106,7020,B,2,457.45,2023-05-06,Este,Tienda,0.7,152.22
1107,5372,A,19,71.08,2023-05-31,Norte,Tienda,5.4,35.05
1108,2704,B,8,298.82,2023-01-12,Norte,Online,11.2,144.51
1109,3039,B,9,25.85,2023-05-11,Sur,Online,0.4,17.31
1110,4868,E,2,482.65,2023-10-08,Este,Distribuidor,6.8,243.66
1111,3458,D,7,147.96,2023-03-18,Sur,Tienda,10.8,71.43
1112,5168,B,20,249.05,2023-07-19,Norte,Distribuidor,7.0,132.28
1113,8422,C,18,455.4,2023-04-17,Este,Online,4.8,194.69
1114,4045,E,10,405.29,2023-10-20,Este,Tienda,4.7,138.67
1115,4777,C,1,127.83,2023-05-03,Centro,Distribuidor,1.9,53.02
1116,38,C,16,492.43,2023-10-13,Oeste,Tienda,6.4,199.56
1117,1948,C,9,464.59,2024-01-13,Sur,Mayorista,11.2,303.96
1118,817,E,12,286.05,2023-04-09,Sur,Distribuidor,5.0,141.4
1119,799,A,11,54.95,2023-09-28,Centro,Tienda,13.0,20.93
1120,5567,C,10,262.69,2023-06-27,Norte,Mayorista,13.5,148.19
1121,2964,D,19,484.65,2023-06-26,Sur,Distribuidor,0.7,313.36
1122,4166,A,16,239.69,2023-11-08,Centro,Mayorista,14.2,109.91
1123,3858,C,1,455.37,2023-02-20,Centro,Online,4.1,318.58
1124,2987,C,11,231.6,2023-11-21,Oeste,Tienda,1.9,95.04
1125,9659,B,7,173.08,2023-08-08,Centro,Online,5.7,67.5
1126,582,A,3,81.52,2023-01-15,Este,Mayorista,4.5,43.06
1127,675,C,20,315.89,2023-07-19,Norte,Distribuidor,5.4,209.34
1128,10399,E,0,291.91,2023-08-05,Oeste,Distribuidor,13.7,110.62
1129,9887,A,12,66.52,2023-07-11,Este,Distribuidor,6.7,25.02
1130,9421,C,11,24.76,2023-11-23,Este,Online,6.2,9.27
1131,3638,B,19,100.51,2023-02-07,Sur,Tienda,10.8,52.48
1132,1926,B,1,342.57,2023-10-05,Oeste,Distribuidor,2.9,202.36
1133,8981,D,1,17.92,2024-01-15,Oeste,Tienda,12.9,10.33
1134,9044,A,14,388.59,2023-12-22,Oeste,Distribuidor,14.1,195.75
1135,8308,B,6,152.68,2023-02-15,Oeste,Mayorista,0.5,78.96
1136,3689,B,2,449.92,2023-09-09,Sur,Mayorista,9.1,143.0
1137,4415,B,9,31.96,2023-11-02,Sur,Mayorista,5.6,17.54
1138,9853,B,15,262.98,2023-09-21,Este,Online,8.9,164.71
1139,7982,E,11,93.08,2023-01-07,Norte,Mayorista,11.6,52.73
1140,6042,D,18,263.0,2023-03-20,Norte,Tienda,3.1,167.26
1141,579,E,3,85.39,2023-03-11,Oeste,Distribuidor,0.9,29.39
1142,3754,C,10,256.21,2023-07-06,Este,Tienda,5.2,141.01
1143,1507,D,14,413.6,2023-02-16,Este,Online,5.8,193.45
1144,4848,D,13,156.31,2023-09-02,Norte,Mayorista,9.4,90.6
1145,1423,A,1,12.86,2023-11-20,Sur,Distribuidor,13.4,7.04
1146,3325,D,18,463.89,2023-05-13,Centro,Mayorista,14.2,188.51
1147,6093,B,10,79.29,2023-02-16,Oeste,Distribuidor,11.3,53.44
1148,110,D,7,184.56,2023-03-31,Este,Distribuidor,5.2,71.9
1149,3414,B,8,250.85,2023-06-07,Centro,Tienda,9.3,77.79
1150,508,C,5,462.48,2023-04-01,Norte,Tienda,12.1,221.85
1151,6153,D,12,397.0,2023-03-10,Este,Mayorista,14.6,193.87
1152,7739,A,3,151.44,2023-03-08,Centro,Mayorista,7.5,56.01
1153,7931,D,5,486.54,2023-05-10,Sur,Tienda,14.7,267.01
1154,901,D,9,331.39,2023-10-13,Centro,Tienda,3.0,163.03
1155,7155,E,13,39.7,2023-05-31,Centro,Tienda,9.5,18.01
1156,3859,D,4,346.53,2023-11-01,Este,Tienda,4.6,193.41
1157,5639,B,14,6.58,2024-01-27,Sur,Online,13.4,3.56
1158,8543,E,7,240.91,2023-03-24,Este,Online,13.7,124.95
1159,2554,E,9,250.63,2023-08-17,Sur,Mayorista,4.6,105.85
1160,6388,D,9,440.09,2023-05-14,Oeste,Mayorista,8.5,281.89
1161,9301,A,3,65.01,2023-01-08,Norte,Mayorista,1.9,23.8
1162,1213,E,20,489.44,2023-02-17,Este,Mayorista,14.1,251.09
1163,2687,E,17,101.73,2023-07-30,Oeste,Tienda,7.6,53.01
1164,2836,C,7,119.94,2023-02-21,Norte,Online,9.8,51.75
1165,2705,E,8,90.47,2023-12-16,Este,Mayorista,6.7,34.71
1166,7695,A,3,204.05,2023-02-14,Sur,Online,4.2,65.61
1167,7880,A,16,98.07,2023-05-30,Norte,Mayorista,2.7,38.16
1168,5868,C,8,221.92,2023-12-15,Este,Mayorista,12.9,77.45
1169,7236,B,7,381.04,2023-01-03,Norte,Distribuidor,5.1,264.32
1170,8320,D,11,230.5,2023-09-29,Norte,Mayorista,11.0,75.93
1171,6406,C,11,466.19,2023-11-22,Norte,Distribuidor,2.2,243.86
1172,4106,D,6,81.31,2023-01-28,Norte,Distribuidor,13.0,34.28
1173,7926,B,5,456.03,2023-12-12,Sur,Mayorista,5.0,309.42
1174,9245,A,10,205.7,2023-07-16,Este,Mayorista,13.2,69.81
1175,256,A,8,392.01,2023-01-15,Centro,Mayorista,10.9,198.78
1176,223,C,19,334.05,2024-01-29,Sur,Tienda,11.7,217.23
1177,10091,E,3,201.95,2023-10-30,Norte,Distribuidor,8.9,124.69
1178,6979,A,18,167.93,2023-04-26,Norte,Tienda,8.3,83.94
1179,8576,C,2,232.34,2023-08-18,Este,Tienda,6.3,114.87
1180,6941,D,13,441.21,2023-01-26,Centro,Distribuidor,6.5,275.68
1181,8960,D,3,269.81,2023-10-09,Sur,Tienda,3.0,141.02
1182,6024,C,16,77.25,2023-08-28,Centro,Mayorista,12.1,25.21
1183,5525,A,9,474.22,2023-12-08,Este,Tienda,6.0,291.2
1184,9136,E,3,173.27,2023-10-11,Norte,Tienda,5.7,106.28
1185,8032,D,17,492.17,2023-04-13,Este,Tienda,8.4,210.72
1186,4136,D,12,309.33,2023-08-20,Este,Distribuidor,9.9,178.9
1187,6237,A,9,287.82,2023-03-13,Sur,Tienda,14.8,198.43
1188,4706,E,12,482.27,2023-04-11,Centro,Distribuidor,8.8,211.06
1189,1558,E,20,482.99,2023-06-30,Oeste,Tienda,0.7,226.51
1190,4789,B,20,177.08,2023-03-28,Este,Tienda,2.6,89.9
1191,7293,E,17,405.23,2023-12-13,Sur,Tienda,3.0,140.26
1192,4842,A,12,366.59,2023-05-21,Norte,Distribuidor,13.1,238.53
1193,6923,B,18,76.38,2023-03-19,Este,Mayorista,3.0,35.92
1194,1947,E,18,429.36,2023-07-04,Sur,Online,10.7,151.03
1195,2226,D,1,399.68,2023-07-23,Oeste,Mayorista,14.6,260.68
1196,245,D,18,185.09,2023-04-20,Norte,Online,6.9,104.85
1197,7744,A,11,388.77,2023-09-17,Centro,Online,0.1,178.94
1198,2274,A,16,284.02,2023-08-15,Norte,Mayorista,14.1,163.49
1199,7998,B,9,78.74,2023-08-17,Centro,Tienda,13.7,53.13
1200,7030,D,6,454.31,2023-12-22,Centro,Tienda,0.5,273.52
1201,7331,E,5,77.35,2023-10-03,Centro,Online,14.8,41.1
1202,9217,A,15,459.89,2024-01-28,Centro,Distribuidor,7.1,296.47
1203,5178,B,9,335.44,2023-05-17,Este,Online,1.3,224.54
1204,2070,B,6,312.21,2023-02-18,Norte,Online,14.9,152.58
1205,4326,E,1,409.34,2023-04-05,Este,Mayorista,2.2,126.72
1206,9654,E,3,259.89,2023-03-04,Centro,Tienda,3.6,106.93
1207,481,C,3,457.76,2023-10-05,Centro,Online,13.2,308.06
1208,5033,B,17,175.91,2023-09-10,Este,Distribuidor,7.8,123.09
1209,1587,C,15,299.48,2023-09-17,Centro,Mayorista,6.2,142.47
1210,8959,B,5,440.63,2023-03-29,Centro,Distribuidor,14.6,176.95
1211,5484,C,13,9.12,2023-08-25,Norte,Distribuidor,4.4,4.15
1212,8917,A,9,274.7,2023-07-28,Oeste,Tienda,13.7,112.07
1213,418,A,13,46.29,2023-02-21,Sur,Mayorista,10.6,32.24
1214,9086,A,13,57.02,2023-08-22,Oeste,Online,11.1,17.63
1215,6551,D,5,307.16,2024-01-11,Sur,Tienda,5.6,125.47
1216,2960,A,5,366.92,2023-07-14,Sur,Tienda,11.8,120.02
1217,570,C,4,459.4,2023-05-12,Sur,Online,8.8,275.1
1218,4868,D,11,7.09,2023-09-29,Oeste,Mayorista,2.2,3.75
1219,6453,B,15,373.82,2024-01-28,Este,Distribuidor,13.6,132.71
1220,8063,E,2,339.1,2023-10-12,Centro,Distribuidor,0.6,225.77
1221,5058,A,4,137.27,2023-04-18,Oeste,Mayorista,14.0,81.35
1222,7792,A,19,41.28,2023-12-08,Oeste,Distribuidor,3.0,23.91
1223,10272,A,4,41.65,2023-02-20,Este,Tienda,7.0,21.8
1224,1272,D,13,432.41,2023-06-09,Centro,Online,12.4,131.45
1225,939,E,7,99.87,2023-05-30,Sur,Distribuidor,1.7,59.79
1226,4342,A,15,75.77,2023-08-02,Este,Online,1.9,26.6
1227,7293,D,3,400.19,2024-01-06,Este,Tienda,11.9,164.91
1228,8209,C,18,453.32,2023-03-25,Este,Tienda,4.0,251.53
1229,5960,D,13,217.32,2023-04-22,Centro,Distribuidor,1.2,108.71
1230,1475,D,1,74.03,2023-04-17,Sur,Mayorista,14.0,36.84
1231,10432,E,15,291.24,2023-05-20,Centro,Distribuidor,4.7,134.53
1232,5833,D,12,212.2,2023-09-11,Oeste,Distribuidor,14.0,131.94
1233,9422,C,7,358.64,2023-12-26,Centro,Tienda,5.9,191.4
1234,4561,B,6,455.22,2023-06-04,Sur,Online,1.7,317.51
1235,4192,B,6,372.74,2023-12-14,Este,Mayorista,10.4,131.68
1236,5017,A,0,202.56,2023-05-26,Centro,Online,4.7,111.08
1237,865,A,16,170.5,2024-01-27,Centro,Online,6.3,56.3
1238,4798,C,1,203.16,2023-11-01,Norte,Online,7.2,89.67
1239,10149,A,1,231.35,2023-06-14,Oeste,Online,11.5,77.85
1240,8896,A,11,29.47,2023-10-30,Este,Tienda,9.9,20.13
1241,5300,A,11,139.83,2023-04-18,Oeste,Mayorista,0.6,82.52
1242,9956,B,5,445.57,2023-12-19,Norte,Mayorista,8.8,134.13
1243,3133,B,3,495.33,2024-01-23,Norte,Mayorista,5.1,262.2
1244,9416,E,11,309.04,2024-02-01,Sur,Mayorista,1.1,178.56
1245,1823,C,10,219.52,2023-04-21,Oeste,Tienda,1.8,73.43
1246,7707,B,6,384.73,2023-10-08,Norte,Online,2.3,170.07
1247,8804,C,2,103.89,2023-05-17,Centro,Tienda,7.0,37.65
1248,1157,A,10,328.89,2023-06-09,Centro,Tienda,13.1,111.76
1249,4822,E,13,449.27,2023-09-13,Sur,Distribuidor,1.7,223.49
1250,7836,C,3,12.17,2023-04-17,Centro,Mayorista,5.3,7.86
1251,5940,E,18,166.25,2023-07-23,Oeste,Online,1.3,94.04
1252,2488,B,2,63.03,2023-06-08,Sur,Mayorista,10.6,28.52
1253,6361,A,19,68.43,2023-04-14,Oeste,Online,1.2,26.74
1254,4522,A,8,477.41,2024-01-26,Oeste,Tienda,1.2,324.08
1255,6867,A,4,365.28,2023-06-25,Centro,Mayorista,8.9,150.7
1256,7402,B,19,189.28,2023-08-06,Norte,Tienda,7.2,95.83
1257,3311,C,6,425.91,2023-05-01,Sur,Online,14.3,282.55
1258,4511,C,14,36.19,2023-02-26,Centro,Tienda,10.1,17.35
1259,5732,B,17,196.33,2023-06-22,Este,Mayorista,7.7,77.65
1260,6977,A,12,281.5,2023-03-14,Sur,Mayorista,11.5,139.23
1261,35,D,0,461.64,2023-04-16,Norte,Tienda,7.2,162.0
1262,4099,C,16,478.08,2023-07-17,Sur,Distribuidor,6.4,227.94
1263,1603,E,6,456.82,2024-01-15,Oeste,Online,10.3,209.5
1264,3347,C,14,274.69,2023-06-07,Oeste,Tienda,1.8,91.14
1265,1369,E,11,147.23,2024-01-16,Sur,Online,8.6,53.66
1266,7290,B,16,492.89,2023-09-30,Centro,Tienda,11.5,322.21
1267,6029,A,12,372.86,2023-05-31,Norte,Online,8.3,181.16
1268,4998,D,0,232.85,2023-05-24,Centro,Tienda,3.1,101.26
1269,8561,E,5,487.94,2023-10-29,Sur,Mayorista,13.0,201.81
1270,2142,A,10,119.74,2023-07-27,Centro,Mayorista,3.2,64.27
1271,9676,D,19,400.72,2023-01-14,Oeste,Online,13.1,151.69
1272,2419,E,3,118.91,2023-03-12,Centro,Mayorista,7.1,68.89
1273,8230,C,15,345.28,2023-07-01,Este,Mayorista,6.3,197.48
1274,244,E,3,430.67,2023-07-30,Centro,Distribuidor,5.4,160.72
1275,9789,E,9,414.01,2023-02-28,Sur,Distribuidor,4.4,285.01
1276,4664,D,4,262.25,2023-09-11,Norte,Mayorista,9.1,178.51
1277,1994,C,18,313.74,2023-02-26,Sur,Distribuidor,4.5,179.36
1278,7713,A,3,84.59,2023-10-05,Centro,Mayorista,12.9,26.84
1279,1905,A,14,399.69,2023-10-12,Sur,Online,1.3,214.48
1280,6177,B,20,59.58,2023-06-30,Centro,Online,10.2,30.17
1281,4299,D,5,457.99,2023-03-02,Centro,Tienda,4.0,197.11
1282,1500,E,17,488.3,2023-10-17,Este,Tienda,2.4,270.71
1283,7822,C,20,451.81,2023-08-16,Este,Distribuidor,11.3,269.94
1284,6415,B,16,174.24,2024-02-02,Oeste,Tienda,4.5,55.21
1285,2688,A,14,100.46,2023-12-02,Sur,Mayorista,0.3,61.73
1286,3035,A,4,59.93,2023-04-23,Este,Tienda,11.7,41.31
1287,10111,E,14,316.67,2023-12-05,Este,Tienda,9.3,203.61
1288,7087,C,8,318.83,2023-03-18,Este,Tienda,5.5,160.23
1289,7634,E,11,91.01,2023-02-02,Centro,Mayorista,11.6,40.34
1290,2778,D,19,302.13,2023-09-05,Norte,Online,5.5,161.37
1291,9034,C,17,145.32,2023-06-10,Este,Online,2.4,45.81
1292,4824,D,16,365.71,2023-04-02,Centro,Tienda,2.8,183.44
1293,9228,B,7,204.06,2023-11-30,Este,Online,6.8,130.1
1294,7020,B,4,374.45,2023-01-27,Norte,Tienda,6.6,203.46
1295,5798,D,11,483.34,2023-08-09,Sur,Online,8.9,217.35
1296,1957,B,13,199.53,2023-02-06,Este,Distribuidor,9.5,126.73
1297,4423,B,12,398.97,2023-09-12,Este,Distribuidor,0.8,222.3
1298,3484,E,7,209.84,2023-08-07,Norte,Online,5.8,105.87
1299,1910,E,10,342.01,2023-05-13,Norte,Mayorista,3.4,207.25
1300,8707,C,13,315.27,2023-10-07,Este,Online,2.8,159.43
1301,7686,D,3,198.18,2023-03-22,Oeste,Mayorista,13.3,64.05
1302,4029,A,2,439.41,2024-01-26,Este,Online,12.1,211.09
1303,3861,A,15,189.64,2023-10-29,Centro,Mayorista,10.1,109.43
1304,7290,A,0,132.71,2023-11-06,Oeste,Tienda,6.4,90.17
1305,4226,A,15,29.93,2023-11-24,Sur,Mayorista,3.4,12.43
1306,6849,C,10,57.66,2023-11-17,Este,Online,12.5,23.3
1307,494,E,14,396.59,2023-12-14,Sur,Tienda,1.7,206.62
1308,1877,E,0,118.41,2023-11-30,Sur,Mayorista,2.9,39.05
1309,7105,A,10,320.63,2023-06-30,Sur,Online,13.3,221.87
1310,3361,E,1,135.13,2023-10-17,Oeste,Tienda,10.3,90.99
1311,1229,D,6,452.56,2024-01-28,Oeste,Distribuidor,12.1,137.96
1312,9187,A,12,438.17,2023-08-08,Norte,Mayorista,10.8,141.95
1313,6878,A,11,148.43,2023-02-15,Centro,Online,2.7,87.87
1314,361,C,3,414.72,2024-01-07,Este,Tienda,6.8,127.78
1315,3312,B,18,456.56,2023-06-14,Sur,Tienda,6.8,271.87
1316,4765,C,11,219.46,2023-03-22,Sur,Mayorista,9.8,72.88
1317,4066,C,2,466.12,2023-10-10,Norte,Online,6.2,242.23
1318,2184,C,12,437.18,2023-10-04,Sur,Mayorista,14.2,161.67
1319,3930,E,20,270.71,2023-07-29,Centro,Mayorista,6.1,158.73
1320,6706,C,19,484.79,2023-06-16,Oeste,Mayorista,6.6,331.75
1321,3527,C,19,439.69,2023-09-09,Centro,Distribuidor,5.0,150.15
1322,10357,C,8,125.84,2023-11-28,Centro,Mayorista,9.3,38.0
1323,9061,E,14,157.92,2023-05-15,Este,Tienda,11.0,58.03
1324,3832,A,15,33.88,2023-06-08,Oeste,Mayorista,13.8,10.59
1325,2450,A,0,280.3,2023-02-09,Centro,Online,6.7,177.72
1326,1104,E,2,20.63,2023-12-31,Centro,Tienda,10.4,12.43
1327,7746,A,3,266.38,2023-01-23,Este,Distribuidor,0.0,149.67
1328,4386,C,8,142.19,2023-06-11,Sur,Online,5.2,69.38
1329,1465,E,2,486.75,2023-12-15,Este,Tienda,14.4,162.87
1330,9311,D,4,139.9,2023-07-01,Centro,Online,1.1,61.08
1331,1451,B,13,153.52,2023-12-15,Norte,Tienda,0.1,107.45
1332,8883,D,20,375.6,2023-11-25,Oeste,Mayorista,11.2,128.73
1333,3932,B,14,231.64,2023-03-23,Sur,Mayorista,4.9,157.65
1334,9494,A,6,482.48,2024-01-22,Este,Online,5.3,248.24
1335,1178,B,15,362.51,2023-03-15,Oeste,Distribuidor,12.9,245.35
1336,1182,A,19,297.48,2023-05-02,Oeste,Distribuidor,6.8,99.76
1337,154,B,10,397.55,2024-02-05,Oeste,Mayorista,12.9,211.58
1338,3415,C,17,168.45,2023-02-28,Este,Tienda,9.4,89.25
1339,645,C,15,333.84,2023-08-09,Oeste,Online,3.4,161.33
1340,10204,E,16,407.2,2023-02-11,Norte,Online,1.4,273.94
1341,770,C,1,222.42,2023-12-08,Centro,Mayorista,13.4,114.36
1342,10381,A,14,345.01,2023-05-09,Sur,Mayorista,3.3,163.95
1343,7676,D,13,206.11,2024-01-02,Sur,Online,12.6,135.05
1344,9627,D,0,199.21,2023-01-04,Sur,Distribuidor,3.2,119.73
1345,8118,E,6,420.38,2023-01-15,Este,Distribuidor,1.8,152.32
1346,6604,B,13,426.93,2023-11-05,Oeste,Distribuidor,7.8,259.29
1347,2971,B,8,241.4,2023-09-26,Centro,Tienda,9.8,98.06
1348,6505,C,9,273.37,2023-07-21,Norte,Distribuidor,15.0,139.65
1349,5437,E,19,469.02,2023-05-03,Sur,Tienda,9.4,266.64
1350,3760,C,1,98.36,2023-06-02,Sur,Tienda,7.2,42.31
1351,3445,C,17,153.33,2023-08-02,Este,Mayorista,11.2,63.37
1352,6795,C,0,88.34,2023-12-17,Este,Tienda,6.1,34.12
1353,6960,C,12,363.76,2023-02-18,Oeste,Tienda,0.8,141.25
1354,7220,D,8,295.17,2023-05-17,Sur,Tienda,2.0,195.96
1355,6975,A,12,402.77,2023-07-11,Centro,Tienda,10.4,207.08
1356,5341,B,0,212.3,2024-01-06,Centro,Tienda,9.4,68.12
1357,8306,B,14,253.52,2023-05-22,Sur,Tienda,7.2,99.88
1358,9200,D,14,470.53,2023-03-16,Sur,Distribuidor,12.5,220.9
1359,6415,C,7,465.7,2023-11-14,Este,Distribuidor,14.6,156.35
1360,5321,E,1,358.7,2023-07-10,Centro,Mayorista,11.4,190.16
1361,4772,A,11,346.44,2023-08-12,Oeste,Online,14.4,123.75
1362,1068,B,10,361.15,2023-07-27,Norte,Distribuidor,1.8,168.87
1363,986,E,13,334.62,2023-05-04,Oeste,Online,13.2,233.99
1364,7161,C,20,131.36,2023-05-13,Oeste,Tienda,3.7,46.45
1365,5344,D,18,279.2,2023-04-17,Este,Tienda,3.4,177.92
1366,4976,D,7,341.73,2023-03-15,Este,Distribuidor,8.5,193.86
1367,4027,E,20,476.57,2023-12-13,Sur,Tienda,5.2,293.2
1368,1316,D,15,468.13,2023-03-26,Este,Tienda,4.2,220.68
1369,1514,A,2,18.72,2023-08-11,Norte,Mayorista,11.1,12.03
1370,6157,B,19,50.32,2024-01-02,Sur,Distribuidor,4.9,35.17
1371,6307,C,9,387.92,2023-01-09,Norte,Tienda,8.4,203.13
1372,933,C,14,480.55,2024-01-21,Sur,Distribuidor,9.7,178.15
1373,1075,A,12,146.03,2023-09-27,Centro,Tienda,2.0,47.51
1374,2621,E,2,38.05,2023-05-03,Sur,Distribuidor,3.1,12.1
1375,6330,B,7,24.26,2023-09-16,Centro,Distribuidor,9.0,16.64
1376,5877,D,7,473.87,2024-01-16,Oeste,Mayorista,6.5,282.8
1377,10329,A,20,458.77,2023-01-12,Centro,Mayorista,5.5,143.41
1378,2071,E,10,484.38,2023-05-20,Norte,Online,7.4,196.11
1379,4898,B,6,348.6,2023-01-12,Centro,Mayorista,11.0,154.92
1380,2215,C,10,412.3,2023-11-15,Este,Online,2.5,179.95
1381,1165,D,7,133.33,2024-01-13,Sur,Online,5.3,56.81
1382,7065,B,7,429.1,2024-01-12,Sur,Online,0.2,202.12
1383,10300,A,3,450.99,2023-03-05,Sur,Distribuidor,2.1,172.57
1384,6889,A,19,237.34,2023-09-19,Sur,Tienda,14.2,141.58
1385,6070,B,5,364.41,2023-02-09,Norte,Tienda,1.6,194.71
1386,9379,E,1,276.89,2023-09-04,Centro,Online,13.3,105.95
1387,9849,B,2,328.03,2023-09-22,Centro,Tienda,9.5,178.1
1388,6927,B,0,411.86,2023-01-10,Centro,Online,8.4,190.61
1389,8298,A,17,319.74,2023-05-17,Sur,Online,11.5,213.95
1390,8509,B,17,213.72,2023-07-09,Centro,Tienda,5.4,110.51
1391,7405,D,18,245.56,2023-09-14,Norte,Distribuidor,6.1,122.28
1392,844,D,9,93.3,2023-05-14,Este,Online,13.9,52.48
1393,9419,D,20,267.17,2023-05-20,Centro,Mayorista,0.4,157.69
1394,9565,A,15,96.95,2023-03-16,Centro,Tienda,12.1,64.27
1395,4189,C,4,491.93,2023-10-11,Centro,Tienda,1.4,238.81
1396,8862,D,6,290.4,2023-04-08,Centro,Tienda,5.0,159.47
1397,5851,D,12,383.49,2023-12-13,Centro,Tienda,4.1,234.73
1398,4443,C,8,271.69,2023-05-22,Este,Online,6.3,143.09
1399,3085,D,5,327.7,2023-04-08,Sur,Mayorista,5.2,156.63
1400,8304,D,2,336.42,2023-07-03,Centro,Distribuidor,6.1,112.62
1401,4774,D,13,156.42,2023-07-11,Centro,Mayorista,14.0,50.6
1402,9939,D,11,401.43,2023-03-04,Norte,Distribuidor,0.6,139.11
1403,4208,B,5,435.07,2023-12-04,Sur,Mayorista,13.4,289.76
1404,6846,E,11,10.69,2023-06-21,Este,Online,2.7,6.46
1405,5935,C,9,16.33,2023-04-20,Oeste,Tienda,12.0,6.67
1406,8424,E,9,406.83,2023-12-03,Oeste,Tienda,8.0,202.72
1407,5295,D,10,222.62,2023-07-26,Centro,Online,6.5,85.81
1408,7105,A,0,301.21,2023-09-17,Centro,Distribuidor,14.1,205.06
1409,775,E,11,114.27,2023-12-25,Norte,Distribuidor,7.0,53.65
1410,4109,A,9,111.44,2023-10-18,Oeste,Tienda,4.8,48.46
1411,487,B,6,59.55,2023-04-10,Este,Online,11.2,41.25
1412,7700,C,15,363.95,2023-11-15,Oeste,Online,1.4,251.78
1413,5836,A,8,121.02,2024-01-26,Sur,Distribuidor,13.4,76.3
1414,797,C,16,65.56,2023-03-19,Oeste,Online,13.5,25.12
1415,1373,C,16,27.76,2023-08-29,Oeste,Mayorista,6.3,19.06
1416,6092,A,4,420.33,2024-01-19,Norte,Tienda,7.8,192.1
1417,8368,D,5,90.63,2023-04-27,Este,Tienda,1.2,45.65
1418,1506,D,14,144.99,2024-01-06,Este,Tienda,8.2,47.82
1419,8243,D,4,345.89,2023-02-10,Este,Tienda,11.6,207.54
1420,9666,E,5,138.96,2023-10-14,Sur,Distribuidor,6.2,53.86
1421,3440,D,8,398.72,2023-04-30,Este,Distribuidor,11.0,204.46
1422,8662,B,17,203.94,2023-06-12,Este,Distribuidor,14.5,129.53
1423,4679,C,3,169.78,2023-12-21,Oeste,Online,6.7,114.78
1424,7460,A,6,299.75,2023-12-19,Centro,Tienda,6.6,105.28
1425,3116,A,16,214.86,2023-12-17,Sur,Tienda,5.0,87.69
1426,2617,B,14,416.22,2023-10-29,Centro,Distribuidor,6.8,241.65
1427,332,C,3,139.19,2023-12-25,Este,Distribuidor,1.3,63.74
1428,3190,E,11,79.67,2024-01-21,Norte,Distribuidor,3.6,52.26
1429,7499,C,10,228.62,2024-01-04,Centro,Mayorista,0.6,70.01
1430,2457,E,0,38.58,2023-10-23,Oeste,Mayorista,6.9,22.53
1431,1132,D,12,341.05,2023-12-04,Oeste,Distribuidor,8.6,214.54
1432,9277,E,15,371.63,2023-12-11,Sur,Distribuidor,9.6,116.25
1433,8093,A,19,292.88,2024-01-01,Centro,Distribuidor,11.0,197.49
1434,9818,D,0,316.31,2023-12-04,Centro,Online,14.2,183.4
1435,8526,A,0,39.81,2024-01-23,Sur,Distribuidor,13.2,16.41
1436,8309,E,2,372.91,2023-06-21,Sur,Distribuidor,3.9,170.83
1437,4685,D,10,438.04,2023-12-20,Sur,Online,2.2,244.32
1438,5390,D,9,16.12,2023-08-27,Centro,Mayorista,7.5,8.42
1439,189,E,11,377.25,2023-06-19,Este,Distribuidor,4.3,114.29
1440,2091,B,18,268.92,2023-04-25,Este,Online,9.9,173.79
1441,1542,C,5,484.49,2023-04-09,Centro,Tienda,11.8,193.0
1442,7558,C,5,433.68,2023-11-08,Sur,Mayorista,12.4,265.84
1443,9368,C,13,204.5,2023-09-09,Sur,Mayorista,3.5,99.42
1444,1788,A,4,92.02,2023-09-06,Sur,Tienda,12.4,39.3
1445,9345,A,20,341.4,2023-06-18,Oeste,Tienda,2.7,127.53
1446,4409,B,1,250.53,2023-03-28,Norte,Online,11.7,148.22
1447,3126,A,0,234.66,2023-07-18,Centro,Mayorista,0.2,134.92
1448,4551,E,4,492.84,2023-04-29,Centro,Mayorista,4.9,155.6
1449,10278,A,5,295.43,2023-01-20,Centro,Online,9.9,183.32
1450,4912,A,18,137.35,2023-04-23,Norte,Distribuidor,12.7,41.21
1451,6079,A,15,162.29,2023-05-24,Norte,Online,6.1,48.8
1452,6261,C,3,140.7,2023-02-25,Norte,Online,2.7,58.39
1453,3676,E,5,336.99,2023-07-10,Norte,Tienda,0.4,134.08
1454,3190,A,5,439.64,2023-04-22,Centro,Online,13.9,226.9
1455,8312,B,9,447.54,2023-09-11,Sur,Mayorista,0.5,158.88
1456,4404,A,19,391.87,2023-07-20,Norte,Tienda,10.4,130.79
1457,9515,A,4,173.03,2023-01-01,Este,Distribuidor,7.5,72.48
1458,2935,A,17,407.47,2023-05-31,Sur,Mayorista,12.6,238.24
1459,10143,E,3,325.59,2023-10-20,Oeste,Tienda,7.3,129.14
1460,1739,A,20,299.32,2023-02-25,Este,Mayorista,12.0,114.82
1461,1868,A,14,407.86,2023-02-10,Este,Tienda,14.2,122.56
1462,4943,E,17,338.76,2023-03-12,Norte,Distribuidor,3.9,148.77
1463,2387,A,0,325.59,2023-11-12,Centro,Online,9.5,189.56
1464,3121,B,11,219.53,2023-11-28,Centro,Online,9.1,77.35
1465,10455,A,4,366.15,2024-01-16,Este,Distribuidor,5.3,210.56
1466,7608,D,3,311.33,2023-08-16,Norte,Online,7.0,193.98
1467,10100,A,8,158.8,2023-02-19,Sur,Tienda,5.2,84.26
1468,2140,B,6,163.98,2023-11-29,Sur,Mayorista,11.6,87.45
1469,713,A,6,231.79,2023-07-22,Centro,Distribuidor,13.0,116.78
1470,9030,E,3,420.74,2023-04-04,Norte,Online,12.3,149.95
1471,5647,A,8,148.01,2023-03-14,Oeste,Tienda,6.4,67.5
1472,8518,A,10,330.01,2023-02-21,Este,Distribuidor,11.2,116.16
1473,5611,E,8,399.67,2023-02-28,Centro,Tienda,6.1,166.33
1474,9992,E,14,273.99,2023-02-03,Este,Distribuidor,14.6,119.62
1475,7120,A,14,154.05,2023-09-05,Sur,Tienda,2.6,80.93
1476,1561,B,7,160.24,2023-05-19,Este,Online,2.9,67.16
1477,3415,B,20,15.35,2023-08-02,Centro,Distribuidor,7.6,8.61
1478,3431,A,5,63.35,2023-09-15,Este,Online,0.6,28.21
1479,4240,A,16,172.32,2023-04-07,Este,Mayorista,0.8,88.72
1480,5869,C,19,221.37,2023-02-10,Centro,Distribuidor,11.2,128.3
1481,9924,C,1,386.42,2023-06-01,Este,Online,11.3,118.63
1482,6096,C,11,143.61,2023-11-05,Norte,Online,11.3,55.19
1483,1604,C,18,404.07,2023-10-26,Este,Mayorista,13.6,150.92
1484,8416,E,19,122.11,2023-06-21,Centro,Distribuidor,14.8,51.09
1485,7182,D,19,475.41,2024-01-15,Sur,Tienda,12.8,259.6
1486,5256,A,10,412.67,2023-10-18,Este,Distribuidor,8.0,235.05
1487,4671,B,13,38.24,2023-10-07,Centro,Online,7.6,25.52
1488,220,E,10,498.77,2024-01-24,Sur,Mayorista,1.5,170.52
1489,8257,D,9,297.58,2023-03-23,Sur,Tienda,14.4,140.94
1490,6161,D,11,187.75,2023-04-25,Oeste,Online,0.0,126.53
1491,4840,B,6,411.13,2023-06-13,Centro,Tienda,1.2,188.53
1492,4839,C,20,11.29,2024-01-23,Este,Distribuidor,8.5,7.22
1493,4336,B,14,466.2,2023-06-24,Centro,Online,10.4,176.26
1494,10086,C,4,194.63,2024-01-22,Oeste,Distribuidor,3.9,66.29
1495,6440,C,13,65.66,2023-08-02,Oeste,Mayorista,13.5,30.26
1496,224,D,7,201.74,2023-07-03,Este,Distribuidor,1.7,69.87
1497,913,D,13,214.1,2023-10-20,Oeste,Online,9.2,147.24
1498,4599,D,20,446.32,2023-03-21,Sur,Mayorista,4.3,209.43
1499,2821,A,10,254.11,2023-06-26,Oeste,Online,10.7,97.19
1500,8137,D,9,301.25,2023-08-18,Este,Tienda,7.5,116.38
1501,4052,A,1,210.28,2023-01-28,Oeste,Distribuidor,7.2,128.06
1502,740,C,9,187.01,2023-01-19,Sur,Mayorista,14.0,118.91
1503,1636,C,11,216.96,2023-11-09,Centro,Tienda,9.4,99.17
1504,8377,C,12,423.8,2023-10-11,Oeste,Distribuidor,0.1,215.8
1505,6078,C,12,428.61,2023-08-08,Norte,Online,12.8,278.85
1506,3322,B,9,332.31,2023-10-03,Oeste,Distribuidor,2.7,166.07
1507,10186,A,4,484.14,2023-08-22,Sur,Distribuidor,5.8,328.79
1508,7132,E,7,212.29,2023-01-29,Oeste,Tienda,14.0,140.38
1509,8157,B,5,341.9,2023-07-31,Este,Distribuidor,6.2,231.48
1510,7530,C,13,350.66,2023-12-21,Oeste,Tienda,6.3,109.13
1511,2563,B,3,83.11,2023-04-11,Este,Mayorista,12.2,36.21
1512,7350,E,8,91.28,2023-02-14,Oeste,Distribuidor,4.1,53.59
1513,3013,E,9,214.23,2023-11-22,Norte,Tienda,8.7,141.81
1514,5574,E,15,459.55,2023-02-06,Centro,Online,3.1,255.11
1515,278,B,0,248.1,2023-11-20,Sur,Tienda,5.3,150.27
1516,7919,B,6,9.68,2023-11-28,Norte,Mayorista,1.3,4.98
1517,8898,D,1,340.04,2023-10-19,Oeste,Online,4.6,186.05
1518,9911,A,18,185.21,2023-02-02,Norte,Online,0.2,95.76
1519,9639,E,11,223.24,2023-07-17,Sur,Tienda,14.0,71.88
1520,4859,D,3,386.05,2023-02-08,Oeste,Distribuidor,9.5,268.1
1521,1601,D,0,104.6,2023-04-13,Este,Mayorista,7.9,39.49
1522,6871,C,0,48.63,2023-09-21,Norte,Tienda,4.7,27.28
1523,4294,E,18,497.76,2023-12-30,Oeste,Mayorista,7.9,347.35
1524,877,B,18,88.78,2023-09-14,Oeste,Tienda,12.4,45.76
1525,9804,E,14,380.34,2023-12-19,Sur,Mayorista,10.0,229.17
1526,4312,E,10,344.71,2024-01-19,Centro,Tienda,5.1,204.7
1527,3314,E,3,327.74,2024-01-18,Centro,Mayorista,2.0,108.15
1528,4543,E,14,351.57,2023-03-29,Este,Mayorista,11.0,161.98
1529,3741,C,1,220.11,2023-02-26,Sur,Tienda,6.2,139.18
1530,10114,A,7,294.76,2023-08-24,Sur,Online,11.3,111.85
1531,9174,E,12,418.1,2023-11-19,Sur,Distribuidor,8.6,231.52
1532,7331,A,20,24.63,2023-02-28,Este,Tienda,12.6,9.78
1533,3347,B,13,64.14,2023-11-09,Sur,Online,10.9,29.64
1534,2028,B,8,427.23,2023-05-03,Este,Distribuidor,1.3,264.29
1535,272,D,10,445.31,2023-06-08,Centro,Online,12.3,172.64
1536,8763,E,12,215.28,2023-04-06,Centro,Distribuidor,11.5,132.44
1537,8375,C,4,227.28,2023-07-09,Oeste,Mayorista,12.0,97.94
1538,3822,D,1,445.87,2023-07-23,Centro,Tienda,7.2,136.44
1539,9457,E,17,195.89,2023-08-12,Oeste,Mayorista,4.0,109.26
1540,5291,B,18,492.03,2023-05-23,Este,Distribuidor,13.8,227.61
1541,1852,D,11,470.41,2023-04-16,Sur,Distribuidor,0.3,268.87
1542,1329,B,2,13.56,2023-12-17,Sur,Online,1.0,5.1
1543,3736,B,15,445.77,2023-08-07,Centro,Mayorista,6.6,311.74
1544,644,E,13,273.53,2023-01-22,Sur,Mayorista,0.4,161.33
1545,4454,D,1,484.95,2023-03-16,Centro,Mayorista,11.0,290.16
1546,4499,C,17,72.63,2023-02-21,Norte,Distribuidor,7.9,38.01
1547,3651,A,2,294.44,2023-06-09,Sur,Distribuidor,7.4,129.1
1548,7399,D,8,120.69,2023-07-13,Oeste,Distribuidor,14.0,55.48
1549,2109,A,1,309.79,2024-01-14,Oeste,Online,7.1,122.68
1550,8276,C,15,478.88,2023-08-10,Este,Online,7.6,209.11
1551,8599,C,5,261.52,2023-12-11,Oeste,Tienda,4.2,172.57
1552,5523,B,8,391.48,2023-10-13,Sur,Mayorista,9.5,201.9
1553,7855,A,5,316.2,2023-01-25,Centro,Mayorista,3.5,163.66
1554,5708,E,14,389.19,2023-11-29,Este,Online,0.1,135.43
1555,6973,A,17,412.12,2024-01-31,Oeste,Mayorista,11.9,278.53
1556,9397,E,18,118.52,2023-07-04,Oeste,Distribuidor,11.4,80.83
1557,147,B,8,478.65,2023-09-03,Norte,Online,9.0,222.32
1558,5498,E,16,149.38,2023-06-03,Sur,Online,11.7,75.52
1559,136,B,11,457.9,2023-07-30,Sur,Mayorista,6.7,304.98
1560,1304,D,12,468.23,2023-09-15,Norte,Mayorista,11.7,285.98
1561,7276,A,17,327.7,2023-06-26,Este,Mayorista,5.2,115.5
1562,2811,C,5,188.47,2023-10-25,Norte,Mayorista,8.2,98.64
1563,4242,A,5,166.54,2023-11-30,Centro,Online,1.5,97.41
1564,5679,D,15,263.02,2024-01-28,Centro,Distribuidor,12.1,155.64
1565,6225,A,8,37.43,2023-07-16,Este,Distribuidor,0.9,12.78
1566,8176,C,14,450.68,2024-01-30,Norte,Tienda,4.9,209.36
1567,2126,C,5,208.72,2023-08-05,Sur,Tienda,2.7,126.72
1568,10455,D,17,471.0,2023-06-22,Sur,Mayorista,7.2,213.56
1569,6408,D,6,232.81,2024-02-03,Norte,Online,13.8,150.43
1570,1823,C,5,321.0,2023-06-14,Centro,Distribuidor,1.2,209.28
1571,7906,C,16,307.58,2023-05-16,Norte,Mayorista,1.0,165.4
1572,8401,D,5,105.71,2024-01-15,Oeste,Online,11.8,70.52
1573,8736,E,1,296.34,2023-03-15,Sur,Distribuidor,1.6,133.2
1574,6862,B,5,10.57,2023-04-26,Centro,Tienda,4.1,6.16
1575,4023,B,15,80.41,2023-03-07,Este,Online,10.5,48.43
1576,5172,A,3,480.23,2023-08-07,Sur,Mayorista,8.6,320.6
1577,10066,A,14,420.52,2023-09-15,Este,Tienda,1.8,238.82
1578,7238,D,3,223.57,2023-04-14,Norte,Mayorista,9.2,84.81
1579,827,B,12,298.99,2023-11-30,Oeste,Distribuidor,13.2,103.01
1580,8495,E,2,374.83,2023-03-26,Centro,Online,10.3,154.5
1581,4399,D,4,23.15,2023-11-25,Norte,Online,5.0,12.09
1582,8884,C,14,374.52,2023-11-21,Sur,Mayorista,9.7,121.46
1583,8341,C,17,398.12,2023-03-23,Norte,Mayorista,9.2,177.15
1584,4114,E,5,462.18,2023-09-11,Oeste,Distribuidor,10.0,218.79
1585,5175,D,16,117.62,2023-07-29,Centro,Tienda,4.7,51.4
1586,3483,C,4,378.72,2023-02-14,Sur,Online,7.3,142.11
1587,2838,A,9,482.02,2023-09-24,Norte,Mayorista,4.7,252.97
1588,986,A,4,385.13,2023-09-24,Este,Online,11.9,151.53
1589,9998,B,18,292.87,2023-02-17,Este,Distribuidor,14.8,147.24
1590,4214,B,16,353.84,2023-10-16,Oeste,Tienda,12.1,107.94
1591,5131,D,16,78.36,2023-01-15,Norte,Tienda,8.6,35.31
1592,4686,B,11,216.22,2023-02-03,Sur,Online,5.3,78.15
1593,4759,B,13,113.35,2023-11-09,Sur,Tienda,6.4,75.88
1594,4267,D,13,186.71,2024-02-05,Oeste,Tienda,13.8,88.9
1595,787,A,2,222.72,2023-10-17,Este,Mayorista,7.3,153.33
1596,3828,B,16,454.71,2023-06-25,Oeste,Mayorista,10.3,219.89
1597,1685,E,2,240.41,2023-06-29,Oeste,Tienda,10.3,141.15
1598,7741,A,17,421.76,2023-09-14,Centro,Distribuidor,12.0,281.07
1599,8273,E,11,381.85,2023-10-29,Norte,Distribuidor,2.1,206.51
1600,7644,E,1,261.58,2023-11-28,Oeste,Tienda,8.6,128.36
1601,5648,A,5,429.72,2023-01-05,Norte,Tienda,3.9,212.66
1602,1147,A,9,395.48,2023-08-11,Este,Distribuidor,7.7,245.75
1603,630,D,6,405.94,2023-01-03,Centro,Distribuidor,14.9,264.0
1604,4958,E,6,214.4,2023-02-12,Norte,Online,11.9,103.76
1605,4808,E,15,90.8,2023-04-10,Oeste,Distribuidor,2.1,35.85
1606,4507,B,2,238.5,2023-07-21,Norte,Mayorista,13.2,157.78
1607,2571,D,4,499.1,2023-07-18,Centro,Online,13.4,227.14
1608,856,C,7,492.77,2023-03-14,Norte,Mayorista,10.7,309.3
1609,7163,E,4,118.46,2023-09-14,Oeste,Online,14.9,40.73
1610,9028,E,3,13.83,2023-07-20,Centro,Mayorista,2.9,7.41
1611,3144,B,16,371.32,2023-12-11,Oeste,Online,7.5,243.09
1612,4619,E,16,226.08,2023-03-14,Este,Mayorista,10.3,148.64
1613,9959,A,17,262.76,2024-01-06,Sur,Online,8.5,161.66
1614,2435,E,4,102.86,2023-09-23,Sur,Online,9.3,59.81
1615,7495,B,2,163.22,2023-09-29,Oeste,Tienda,5.6,69.79
1616,4612,C,10,18.31,2023-09-06,Este,Mayorista,2.9,7.65
1617,1848,E,13,460.88,2023-01-21,Oeste,Tienda,11.9,167.42
1618,4905,C,3,294.02,2023-12-12,Norte,Tienda,10.4,189.93
1619,7733,E,14,410.07,2023-10-17,Oeste,Distribuidor,11.3,244.34
1620,6271,C,0,458.03,2024-02-02,Este,Mayorista,5.1,248.55
1621,2289,B,11,250.64,2023-08-27,Sur,Distribuidor,3.1,165.7
1622,9429,D,6,437.58,2023-03-17,Este,Mayorista,4.1,297.44
1623,1973,D,5,85.9,2023-10-30,Este,Tienda,4.4,56.27
1624,3968,A,5,211.09,2023-01-31,Centro,Tienda,11.6,147.02
1625,8372,A,9,190.0,2023-03-10,Centro,Distribuidor,13.7,95.61
1626,9435,E,16,180.54,2023-08-30,Norte,Distribuidor,10.0,56.7
1627,3364,C,15,495.07,2023-10-11,Centro,Distribuidor,12.5,258.77
1628,2135,D,7,217.09,2023-07-14,Centro,Online,3.9,71.14
1629,5422,E,18,361.47,2023-11-27,Sur,Tienda,8.2,111.77
1630,4918,C,19,389.51,2023-01-14,Este,Tienda,12.0,270.89
1631,5376,E,10,393.2,2023-05-20,Centro,Tienda,6.1,127.51
1632,5409,D,5,212.82,2023-01-06,Oeste,Tienda,0.3,94.66
1633,954,A,19,494.36,2023-09-06,Norte,Mayorista,3.7,177.83
1634,1575,A,8,233.31,2023-10-13,Centro,Mayorista,7.1,111.19
1635,3477,C,3,42.08,2024-01-13,Este,Mayorista,14.2,25.21
1636,6899,E,7,152.99,2023-09-28,Sur,Online,5.8,94.23
1637,7567,E,1,483.56,2023-08-22,Este,Tienda,12.8,251.87
1638,6802,E,4,277.96,2023-12-18,Oeste,Mayorista,7.3,94.06
1639,8879,B,5,275.68,2023-01-27,Oeste,Mayorista,10.4,120.97
1640,7756,A,13,415.26,2023-07-14,Este,Mayorista,1.5,257.44
1641,108,B,19,23.32,2023-03-24,Sur,Tienda,6.1,10.74
1642,353,D,13,212.92,2023-03-30,Centro,Online,6.3,71.11
1643,10273,A,2,156.09,2023-04-03,Centro,Online,9.0,59.39
1644,8372,D,5,345.14,2023-06-09,Centro,Online,12.5,209.29
1645,894,A,11,119.3,2023-11-18,Sur,Online,11.2,50.84
1646,8622,D,14,47.15,2023-03-31,Centro,Online,5.2,24.16
1647,6951,E,13,120.88,2023-02-24,Sur,Online,0.3,69.66
1648,2434,D,4,421.77,2023-01-25,Norte,Tienda,9.5,217.54
1649,1753,A,7,444.84,2023-09-03,Sur,Tienda,14.0,147.06
1650,2323,C,4,87.4,2023-11-17,Sur,Distribuidor,5.3,30.68
1651,1559,D,1,34.79,2023-11-24,Este,Mayorista,2.7,22.45
1652,5702,E,1,353.42,2023-10-23,Norte,Tienda,9.1,208.34
1653,1913,E,0,164.17,2023-07-10,Norte,Tienda,14.6,53.4
1654,5290,A,9,16.51,2023-03-26,Sur,Mayorista,0.9,5.45
1655,2729,C,14,453.16,2023-01-31,Centro,Online,5.9,281.34
1656,3197,D,18,285.23,2023-05-07,Centro,Tienda,6.6,152.81
1657,4658,D,7,304.55,2023-02-25,Centro,Tienda,0.5,136.42
1658,4965,E,12,65.52,2023-09-14,Norte,Distribuidor,4.8,30.39
1659,691,B,17,285.18,2023-06-01,Centro,Online,5.1,153.56
1660,2609,D,7,236.45,2024-01-17,Sur,Mayorista,13.9,115.67
1661,10120,B,11,372.93,2024-01-27,Sur,Online,14.1,210.41
1662,5045,E,0,240.85,2023-02-05,Oeste,Online,5.3,112.88
1663,6180,A,8,465.38,2023-11-19,Este,Mayorista,7.6,153.21
1664,8935,D,14,188.7,2023-02-13,Oeste,Tienda,6.6,90.67
1665,7740,B,13,215.98,2023-08-25,Norte,Tienda,12.8,126.11
1666,1695,B,9,473.03,2024-02-03,Norte,Online,0.3,181.03
1667,5717,E,12,120.84,2023-03-15,Centro,Tienda,4.8,76.35
1668,7650,D,0,270.5,2023-11-30,Centro,Distribuidor,13.3,180.6
1669,7027,E,1,304.44,2023-06-12,Sur,Mayorista,10.7,131.19
1670,996,E,9,374.5,2023-02-20,Este,Mayorista,13.9,147.85
1671,9679,E,13,134.77,2023-03-28,Oeste,Distribuidor,2.6,82.02
1672,9780,E,3,447.44,2023-12-23,Centro,Tienda,10.7,175.08
1673,3822,C,19,98.36,2023-02-10,Este,Mayorista,13.5,52.08
1674,10113,D,14,83.8,2023-12-14,Oeste,Tienda,2.9,43.02
1675,9909,D,20,482.12,2023-03-02,Oeste,Tienda,0.9,184.18
1676,1910,D,20,125.04,2023-09-14,Oeste,Tienda,12.0,64.57
1677,9924,E,16,393.77,2023-03-26,Centro,Online,0.9,127.19
1678,7385,C,4,476.11,2023-10-11,Este,Tienda,12.2,152.7
1679,88,C,5,428.81,2023-01-14,Centro,Mayorista,6.1,194.54
1680,6469,D,0,6.85,2023-09-22,Centro,Tienda,14.0,4.52
1681,5954,E,5,371.78,2023-09-24,Centro,Distribuidor,3.0,206.44
1682,4315,C,0,17.65,2023-02-28,Centro,Tienda,2.6,7.19
1683,1977,D,3,208.1,2023-08-18,Sur,Online,14.2,109.88
1684,7216,E,1,381.81,2023-01-08,Este,Online,12.1,144.28
1685,919,B,18,62.37,2023-06-18,Norte,Distribuidor,4.2,19.2
1686,8655,A,10,189.49,2023-03-29,Sur,Tienda,3.7,90.94
1687,4813,A,15,356.16,2023-06-26,Oeste,Mayorista,0.8,223.8
1688,1624,A,0,165.12,2023-09-05,Este,Online,13.4,59.37
1689,8814,A,1,76.64,2023-03-15,Norte,Online,10.8,47.17
1690,1762,D,4,455.62,2023-03-30,Norte,Distribuidor,9.9,260.54
1691,6973,C,18,344.2,2023-12-31,Oeste,Mayorista,10.2,117.58
1692,8284,D,19,219.47,2023-03-14,Este,Tienda,12.1,104.14
1693,9754,C,13,235.79,2023-09-21,Oeste,Mayorista,8.8,84.7
1694,3450,A,11,64.12,2023-02-26,Norte,Tienda,12.1,32.38
1695,1284,D,10,498.0,2023-02-06,Centro,Tienda,8.9,188.66
1696,6715,D,3,215.52,2023-07-29,Este,Tienda,7.9,108.63
1697,3932,A,12,402.71,2023-08-04,Norte,Distribuidor,1.2,274.17
1698,5592,C,14,346.01,2023-10-04,Este,Online,9.1,214.91
1699,7843,D,5,478.55,2023-05-17,Norte,Online,4.0,270.18
1700,5028,B,1,107.53,2023-09-22,Centro,Mayorista,10.3,68.86
1701,9726,A,2,299.21,2023-09-19,Oeste,Distribuidor,1.6,127.32
1702,7156,C,7,192.06,2023-09-08,Centro,Tienda,12.6,121.24
1703,8316,E,13,38.92,2023-04-14,Sur,Tienda,0.1,26.65
1704,3341,C,12,279.0,2023-05-29,Sur,Distribuidor,0.1,97.37
1705,6450,B,18,407.16,2023-09-26,Centro,Distribuidor,9.7,143.88
1706,9374,A,13,460.51,2023-11-09,Sur,Mayorista,12.2,229.23
1707,6252,A,7,26.6,2023-01-12,Centro,Distribuidor,2.0,11.85
1708,1300,D,10,459.5,2023-02-24,Centro,Online,11.6,199.53
1709,2955,A,3,433.83,2023-07-26,Centro,Mayorista,6.1,276.21
1710,7148,C,13,181.88,2023-10-05,Este,Tienda,4.3,100.86
1711,9491,B,1,46.52,2023-08-15,Este,Distribuidor,2.9,19.53
1712,6800,B,2,250.38,2023-02-10,Sur,Mayorista,9.1,148.1
1713,7304,A,9,219.13,2023-06-14,Este,Distribuidor,12.4,143.77
1714,2232,A,7,65.0,2023-12-23,Centro,Tienda,3.7,45.03
1715,8610,A,18,459.18,2023-03-28,Centro,Online,8.7,217.29
1716,2891,D,0,93.46,2023-02-13,Norte,Online,14.2,29.07
1717,3728,E,13,98.51,2024-01-20,Centro,Mayorista,12.3,40.9
1718,2307,D,6,249.82,2023-09-01,Oeste,Mayorista,4.4,93.69
1719,4750,E,3,169.22,2023-06-19,Este,Mayorista,8.5,114.32
1720,8849,D,5,130.26,2023-12-18,Oeste,Tienda,3.9,87.0
1721,2852,D,2,450.35,2023-09-13,Norte,Distribuidor,1.4,311.97
1722,9667,C,9,486.68,2023-06-08,Sur,Online,8.7,187.51
1723,2845,A,1,139.68,2023-06-08,Sur,Mayorista,14.5,94.4
1724,4443,A,15,495.66,2023-03-26,Norte,Tienda,6.6,342.88
1725,1445,E,1,194.52,2023-01-23,Oeste,Online,4.0,77.44
1726,10395,D,20,302.17,2023-07-20,Oeste,Mayorista,3.0,204.3
1727,9304,E,7,285.42,2023-02-21,Centro,Distribuidor,10.5,124.51
1728,9399,E,16,30.37,2023-06-03,Norte,Mayorista,7.7,12.46
1729,4843,A,3,342.91,2023-09-28,Centro,Tienda,12.6,202.37
1730,6576,D,0,228.66,2023-02-24,Oeste,Online,8.1,92.86
1731,3909,D,0,258.03,2023-05-06,Oeste,Tienda,14.0,122.74
1732,1155,E,1,283.22,2023-03-07,Sur,Distribuidor,1.0,113.08
1733,754,C,12,175.12,2023-11-10,Centro,Mayorista,14.9,95.6
1734,1834,C,5,240.64,2023-02-01,Norte,Tienda,6.8,107.05
1735,4799,C,7,298.07,2023-08-19,Centro,Tienda,4.3,107.46
1736,7730,A,0,471.29,2024-01-11,Este,Online,2.9,306.98
1737,8109,E,4,300.75,2023-05-03,Centro,Online,8.9,199.5
1738,3946,A,3,253.6,2023-12-02,Centro,Distribuidor,4.2,142.29
1739,742,C,15,32.4,2023-04-25,Sur,Distribuidor,2.5,21.41
1740,10326,B,5,129.98,2023-12-05,Oeste,Distribuidor,0.6,76.78
1741,3490,B,15,163.13,2023-10-31,Este,Mayorista,13.6,67.58
1742,7885,B,4,90.26,2023-08-05,Este,Distribuidor,2.2,58.28
1743,4014,B,7,113.55,2023-11-20,Oeste,Tienda,11.6,76.04
1744,3553,D,4,94.21,2023-06-19,Oeste,Tienda,7.5,61.79
1745,5799,C,9,266.2,2023-12-10,Norte,Distribuidor,3.3,146.21
1746,8311,E,2,401.88,2024-01-20,Norte,Online,4.3,266.86
1747,2331,E,5,143.59,2023-08-12,Sur,Mayorista,12.2,71.35
1748,2637,B,16,73.0,2023-03-18,Norte,Online,8.8,44.34
1749,10123,E,0,275.88,2023-04-01,Centro,Online,6.1,131.19
1750,6026,C,8,416.05,2023-06-25,Este,Mayorista,4.3,246.83
1751,2309,D,19,393.61,2023-04-24,Oeste,Online,6.4,147.71
1752,3787,E,8,106.08,2023-04-20,Sur,Distribuidor,10.1,47.61
1753,7331,D,7,320.77,2023-10-05,Este,Tienda,3.5,172.48
1754,1251,C,12,58.02,2023-04-21,Norte,Online,12.9,27.16
1755,5675,D,19,469.32,2023-08-16,Este,Distribuidor,0.5,230.47
1756,7846,A,19,51.34,2023-11-30,Centro,Online,13.6,31.61
1757,3712,B,12,119.99,2024-01-31,Este,Mayorista,0.3,45.88
1758,9029,B,1,156.02,2024-01-09,Este,Tienda,1.2,61.35
1759,3155,A,4,411.78,2023-12-05,Sur,Online,0.5,284.33
1760,7457,B,17,118.11,2023-03-06,Oeste,Tienda,14.4,54.18
1761,6454,D,17,316.58,2023-08-04,Sur,Tienda,11.3,97.06
1762,10199,E,9,485.97,2023-10-04,Oeste,Online,13.8,291.4
1763,8350,D,10,428.22,2023-10-15,Norte,Online,9.4,258.85
1764,9407,A,2,391.77,2023-01-10,Sur,Mayorista,8.7,150.06
1765,3114,B,18,163.32,2023-03-16,Oeste,Mayorista,2.9,89.35
1766,6367,D,16,305.27,2023-04-08,Sur,Tienda,10.5,101.56
1767,3974,D,0,364.24,2023-06-15,Sur,Online,2.6,196.77
1768,6423,A,19,457.21,2023-02-20,Centro,Distribuidor,5.7,298.84
1769,1817,A,10,490.5,2024-01-19,Oeste,Mayorista,12.4,299.25
1770,4131,E,10,462.56,2023-03-17,Sur,Distribuidor,11.7,310.31
1771,9748,D,4,238.84,2023-10-27,Norte,Tienda,7.9,71.99
1772,7461,B,5,6.54,2023-08-02,Norte,Tienda,12.4,3.28
1773,8706,E,6,156.49,2023-02-11,Sur,Mayorista,9.3,62.29
1774,352,E,6,483.64,2023-09-23,Centro,Online,1.5,176.23
1775,134,B,8,158.96,2023-09-15,Sur,Online,11.1,55.61
1776,545,E,0,383.21,2023-09-09,Sur,Online,10.7,141.24
1777,2072,A,20,423.87,2023-01-21,Norte,Mayorista,11.4,128.13
1778,6799,D,19,486.43,2023-09-21,Este,Distribuidor,10.1,200.7
1779,10487,E,1,81.44,2023-08-13,Oeste,Distribuidor,12.7,38.33
1780,3950,A,1,55.77,2023-11-05,Este,Mayorista,3.0,30.05
1781,10359,B,4,142.83,2023-07-16,Este,Online,2.5,47.39
1782,7891,C,5,388.9,2023-01-07,Oeste,Distribuidor,12.2,147.17
1783,2088,C,14,488.09,2023-01-21,Centro,Mayorista,13.6,306.11
1784,4252,D,2,259.72,2024-02-04,Este,Online,14.9,78.86
1785,1205,E,13,202.13,2023-08-31,Oeste,Online,11.0,135.55
1786,3279,C,4,235.25,2023-09-04,Este,Mayorista,8.0,108.48
1787,9826,A,1,63.88,2023-04-19,Centro,Tienda,0.1,33.7
1788,7237,B,4,279.82,2023-12-11,Sur,Online,10.2,179.57
1789,5517,B,4,267.24,2023-05-21,Sur,Online,3.4,111.36
1790,2149,A,9,76.36,2023-01-09,Norte,Mayorista,9.5,52.02
1791,2313,C,0,100.19,2023-07-15,Oeste,Mayorista,11.3,48.17
1792,206,A,12,365.36,2023-11-20,Sur,Mayorista,14.8,180.63
1793,3902,A,3,154.39,2023-10-05,Este,Online,14.9,79.45
1794,8388,E,6,466.31,2023-01-14,Sur,Tienda,6.5,216.72
1795,6387,A,16,218.81,2024-01-28,Sur,Distribuidor,10.0,129.65
1796,7791,C,17,149.52,2023-02-26,Norte,Distribuidor,12.4,70.23
1797,6997,D,8,61.69,2023-12-17,Oeste,Mayorista,11.8,32.96
1798,6194,E,13,215.76,2023-03-22,Oeste,Mayorista,9.0,141.67
1799,658,D,5,95.58,2023-08-21,Este,Distribuidor,9.2,57.44
1800,8926,C,9,95.72,2023-08-28,Oeste,Online,4.4,59.78
1801,9151,A,1,498.69,2023-02-25,Sur,Distribuidor,9.9,251.68
1802,5932,E,5,463.29,2023-02-09,Sur,Distribuidor,1.9,187.9
1803,758,C,13,474.51,2023-04-27,Este,Online,1.0,235.83
1804,1013,B,15,490.37,2023-07-13,Oeste,Distribuidor,8.6,184.95
1805,716,B,1,404.5,2024-01-05,Norte,Online,0.6,152.23
1806,799,D,15,460.61,2023-10-17,Norte,Tienda,9.6,162.17
1807,1458,B,6,420.87,2023-05-07,Centro,Mayorista,0.9,222.22
1808,5552,D,0,188.4,2023-03-24,Oeste,Tienda,8.4,60.35
1809,3275,C,17,40.06,2023-05-26,Este,Tienda,6.5,19.23
1810,6249,B,13,139.11,2023-11-22,Centro,Tienda,10.0,96.05
1811,6912,C,12,164.68,2023-02-13,Sur,Distribuidor,4.8,106.6
1812,7807,A,15,421.42,2023-05-20,Sur,Tienda,11.8,146.54
1813,2367,D,14,121.61,2024-01-20,Centro,Distribuidor,12.0,73.8
1814,103,C,10,285.91,2023-06-27,Norte,Distribuidor,9.6,109.23
1815,5579,B,12,314.62,2023-12-09,Sur,Tienda,2.8,206.07
1816,4868,B,6,473.2,2023-08-09,Norte,Distribuidor,2.3,181.05
1817,6765,A,20,32.77,2023-11-19,Oeste,Tienda,6.7,15.99
1818,6482,A,17,212.54,2023-05-04,Norte,Distribuidor,12.5,118.4
1819,7134,A,19,13.04,2023-05-18,Oeste,Distribuidor,0.3,5.67
1820,9695,E,2,380.44,2023-10-24,Este,Online,14.7,154.96
1821,9957,D,20,38.42,2023-02-13,Este,Tienda,2.8,20.12
1822,9987,D,4,350.89,2023-12-02,Sur,Online,14.2,152.47
1823,5459,A,9,225.5,2023-11-14,Este,Mayorista,15.0,154.0
1824,713,A,19,263.06,2023-08-11,Oeste,Tienda,3.5,103.43
1825,217,D,2,293.14,2023-02-10,Oeste,Online,1.9,196.87
1826,3239,C,6,127.97,2023-06-15,Sur,Tienda,4.0,49.63
1827,2915,C,12,371.64,2023-05-23,Este,Mayorista,11.8,125.66
1828,4948,D,8,294.61,2023-02-19,Este,Online,9.5,136.71
1829,1858,A,19,167.29,2023-07-05,Oeste,Distribuidor,4.5,100.46
1830,10324,C,18,245.93,2023-10-20,Norte,Distribuidor,9.8,160.85
1831,479,A,17,214.67,2023-03-13,Este,Distribuidor,12.8,98.14
1832,2545,B,16,349.56,2023-03-17,Este,Distribuidor,1.0,171.42
1833,6714,D,19,246.66,2023-06-18,Norte,Tienda,11.6,138.98
1834,2992,D,18,421.77,2023-11-14,Oeste,Distribuidor,4.6,235.38
1835,115,D,17,327.45,2023-12-06,Norte,Tienda,6.1,150.41
1836,2322,B,13,158.65,2023-06-20,Oeste,Mayorista,1.0,101.28
1837,1089,E,4,213.88,2024-01-07,Norte,Online,5.7,73.51
1838,4503,E,4,93.63,2023-12-06,Este,Distribuidor,4.3,50.04
1839,8544,B,3,175.19,2023-08-05,Centro,Tienda,9.1,115.59
1840,8842,C,8,15.83,2024-01-11,Oeste,Online,13.6,9.09
1841,640,B,20,410.24,2023-08-19,Sur,Tienda,6.7,166.82
1842,1731,E,5,71.3,2023-01-21,Este,Mayorista,1.0,49.86
1843,6403,D,5,318.45,2023-11-19,Sur,Tienda,11.6,221.73
1844,4939,A,13,294.64,2023-08-27,Centro,Tienda,10.8,107.26
1845,5532,A,4,472.33,2023-10-29,Sur,Mayorista,2.5,173.09
1846,10082,C,2,113.03,2023-04-05,Sur,Tienda,1.2,73.35
1847,5093,D,18,244.15,2023-11-19,Norte,Mayorista,13.1,144.75
1848,9364,B,16,385.28,2023-02-10,Sur,Tienda,5.7,121.08
1849,3769,B,9,293.36,2024-01-23,Sur,Mayorista,5.2,163.62
1850,2132,B,18,417.79,2023-10-02,Oeste,Mayorista,3.0,125.9
1851,4795,C,2,288.09,2023-09-28,Oeste,Distribuidor,12.5,107.01
1852,3554,E,0,7.24,2023-03-27,Norte,Tienda,8.0,4.71
1853,997,E,13,441.67,2024-01-17,Centro,Online,2.2,233.33
1854,4451,D,3,32.67,2023-03-30,Centro,Tienda,1.3,15.23
1855,565,B,14,468.88,2023-03-29,Centro,Tienda,12.2,227.64
1856,6010,A,20,314.82,2023-08-21,Oeste,Online,1.1,212.23
1857,9119,D,0,312.36,2023-08-03,Este,Tienda,10.0,146.89
1858,6069,A,0,120.5,2023-03-18,Oeste,Distribuidor,1.2,39.46
1859,2209,C,14,401.4,2023-04-30,Centro,Mayorista,3.9,154.14
1860,1534,D,20,350.81,2023-02-18,Norte,Distribuidor,8.9,120.81
1861,4572,A,5,389.6,2023-09-17,Este,Online,8.5,154.51
1862,409,E,8,440.06,2023-03-16,Sur,Mayorista,6.2,284.9
1863,10239,A,20,236.74,2023-07-28,Oeste,Tienda,1.7,106.26
1864,595,A,2,374.31,2023-10-21,Sur,Tienda,14.0,231.7
1865,3784,D,13,224.34,2023-06-14,Este,Distribuidor,13.4,121.9
1866,5429,A,18,243.85,2023-04-08,Este,Tienda,9.8,126.45
1867,5138,D,12,40.55,2023-12-14,Sur,Distribuidor,2.2,20.03
1868,5645,D,0,419.17,2023-04-08,Este,Online,1.8,255.16
1869,5896,A,1,41.77,2023-11-07,Centro,Tienda,2.6,26.92
1870,8636,E,8,94.96,2023-08-10,Norte,Online,10.3,32.17
1871,3114,A,16,441.96,2023-08-21,Oeste,Tienda,0.9,236.88
1872,2722,C,8,33.64,2023-12-11,Centro,Online,7.7,18.27
1873,9984,B,12,456.5,2023-09-25,Este,Mayorista,3.7,269.48
1874,6406,E,3,275.69,2023-08-02,Oeste,Online,12.4,181.03
1875,775,B,14,9.48,2023-07-20,Sur,Distribuidor,11.7,5.43
1876,5638,E,1,241.81,2023-02-05,Este,Tienda,10.4,152.71
1877,202,D,14,470.56,2023-10-04,Sur,Online,11.6,240.26
1878,6726,D,9,36.58,2023-05-16,Este,Mayorista,6.7,24.03
1879,1091,B,1,35.5,2023-07-30,Oeste,Distribuidor,4.6,23.97
1880,7773,C,2,162.95,2023-09-25,Centro,Tienda,2.6,73.19
1881,2154,C,12,311.79,2023-04-14,Centro,Distribuidor,8.5,127.91
1882,4121,E,10,9.81,2023-11-28,Oeste,Distribuidor,7.9,6.3
1883,9465,B,14,409.05,2023-07-04,Este,Mayorista,12.7,150.4
1884,8680,C,4,98.7,2023-01-15,Sur,Online,0.5,50.2
1885,9565,B,2,452.64,2023-03-24,Centro,Mayorista,2.9,215.46
1886,5128,A,3,491.5,2023-03-18,Sur,Mayorista,1.7,277.78
1887,9657,C,18,32.77,2023-01-21,Norte,Distribuidor,12.4,20.65
1888,4264,E,3,313.82,2023-03-31,Centro,Online,2.1,165.23
1889,1588,D,18,60.35,2023-12-25,Oeste,Tienda,10.2,22.38
1890,4852,D,2,313.34,2023-10-23,Centro,Online,11.9,184.43
1891,9131,D,14,384.89,2023-03-15,Centro,Distribuidor,4.1,256.34
1892,7225,D,0,305.36,2023-03-17,Norte,Distribuidor,12.6,113.06
1893,9600,D,4,351.87,2023-11-06,Norte,Tienda,6.1,177.76
1894,4145,C,12,475.08,2023-04-01,Centro,Distribuidor,14.2,199.73
1895,7243,C,6,466.77,2023-09-20,Oeste,Online,1.5,155.98
1896,3525,B,19,186.07,2023-06-10,Centro,Distribuidor,7.0,79.62
1897,4765,A,7,159.59,2023-04-16,Sur,Tienda,13.1,71.72
1898,6328,E,13,43.49,2023-04-06,Sur,Online,14.7,25.66
1899,10203,D,9,356.78,2023-01-02,Centro,Mayorista,5.8,238.79
1900,7243,D,1,487.54,2023-03-10,Este,Tienda,11.4,167.46
1901,7827,D,19,313.91,2023-02-22,Oeste,Tienda,8.1,126.08
1902,1333,D,5,162.75,2023-08-20,Norte,Tienda,5.4,107.93
1903,8084,D,0,164.16,2023-11-21,Sur,Distribuidor,1.2,114.88
1904,3914,A,9,97.73,2023-07-23,Sur,Online,12.6,36.9
1905,2817,E,3,323.14,2023-08-22,Centro,Tienda,12.0,198.97
1906,3476,D,7,18.04,2023-07-18,Norte,Distribuidor,6.9,6.2
1907,7203,E,13,296.97,2023-08-13,Centro,Tienda,5.7,136.75
1908,8023,A,8,51.82,2023-08-10,Centro,Online,6.1,29.84
1909,9513,D,1,249.03,2023-04-21,Sur,Tienda,15.0,88.46
1910,1200,A,4,335.55,2023-07-01,Norte,Distribuidor,13.3,229.23
1911,9941,D,4,422.65,2023-04-23,Norte,Distribuidor,7.1,267.38
1912,9298,C,17,312.41,2023-03-15,Oeste,Distribuidor,7.8,185.56
1913,7332,A,8,252.61,2023-06-15,Este,Mayorista,13.9,141.49
1914,2098,B,3,13.55,2024-01-13,Oeste,Distribuidor,13.1,6.61
1915,1744,E,19,138.9,2023-08-22,Oeste,Tienda,13.6,80.03
1916,8624,B,19,325.81,2024-01-24,Oeste,Tienda,14.6,116.68
1917,5857,B,7,299.98,2024-01-03,Centro,Tienda,8.9,196.48
1918,9473,D,16,110.89,2023-05-17,Sur,Tienda,4.7,36.85
1919,2190,A,12,355.0,2023-01-04,Centro,Tienda,10.9,181.4
1920,2473,D,10,242.21,2023-12-04,Este,Online,9.1,149.89
1921,3488,D,13,488.39,2023-04-27,Sur,Distribuidor,11.3,305.68
1922,2654,D,13,220.65,2023-08-15,Sur,Tienda,1.3,147.78
1923,3312,D,4,173.45,2023-12-12,Centro,Mayorista,3.6,54.63
1924,7500,B,12,40.84,2024-01-28,Oeste,Distribuidor,6.5,20.11
1925,5040,C,0,263.26,2023-07-16,Este,Tienda,3.4,153.57
1926,6568,B,1,203.91,2023-11-10,Oeste,Online,9.2,88.38
1927,3315,D,11,490.92,2023-01-04,Centro,Tienda,1.1,198.43
1928,8526,A,17,12.01,2023-01-30,Oeste,Mayorista,13.0,7.6
1929,5972,D,6,344.87,2023-04-22,Sur,Distribuidor,2.6,134.74
1930,5282,C,20,15.72,2023-04-18,Sur,Online,10.8,4.78
1931,2595,D,8,243.46,2023-12-26,Sur,Mayorista,12.9,109.61
1932,8466,C,14,106.3,2023-11-01,Este,Mayorista,7.9,67.94
1933,892,A,6,399.69,2023-08-30,Norte,Tienda,11.2,180.17
1934,680,D,13,371.8,2023-06-06,Norte,Mayorista,7.9,185.18
1935,5214,A,9,338.32,2023-11-21,Centro,Distribuidor,10.5,214.68
1936,5179,C,20,379.14,2023-01-09,Oeste,Mayorista,7.4,176.65
1937,5017,B,20,291.11,2024-02-02,Centro,Online,1.4,151.95
1938,1967,B,9,287.2,2023-05-22,Norte,Mayorista,11.5,132.18
1939,4766,E,2,373.48,2023-02-08,Oeste,Tienda,0.8,138.5
1940,2261,D,10,80.13,2023-09-10,Centro,Online,6.3,28.35
1941,3758,D,3,428.82,2023-10-06,Norte,Mayorista,7.8,255.0
1942,8802,C,12,307.12,2024-01-09,Centro,Distribuidor,1.6,142.18
1943,2491,A,3,330.2,2023-10-26,Sur,Distribuidor,8.1,198.2
1944,7847,B,2,141.26,2023-03-30,Centro,Distribuidor,6.4,43.05
1945,4107,A,15,137.18,2023-10-03,Oeste,Mayorista,9.9,53.64
1946,9876,E,1,30.65,2023-01-27,Centro,Distribuidor,2.1,18.17
1947,3793,D,10,162.12,2023-02-21,Este,Online,7.0,86.68
1948,1374,A,5,299.82,2023-03-19,Este,Mayorista,3.4,130.13
1949,10303,A,9,71.69,2023-03-26,Oeste,Distribuidor,6.0,26.61
1950,743,D,10,215.74,2023-07-31,Norte,Tienda,10.6,109.17
1951,5427,A,2,398.7,2023-02-09,Norte,Online,0.4,176.82
1952,2535,C,2,391.92,2023-07-09,Este,Online,7.0,262.92
1953,7308,C,2,336.96,2023-02-03,Norte,Mayorista,13.8,119.47
1954,8544,C,13,270.38,2024-01-10,Oeste,Tienda,12.1,174.35
1955,415,E,8,355.38,2023-12-22,Este,Online,5.7,154.3
1956,1791,C,16,484.95,2023-05-31,Oeste,Mayorista,14.9,313.62
1957,7967,A,17,76.91,2023-02-24,Sur,Online,3.1,32.39
1958,9152,D,7,268.95,2023-08-05,Centro,Tienda,2.6,114.86
1959,4390,E,10,460.83,2023-12-27,Centro,Distribuidor,4.9,287.32
1960,3019,D,11,429.01,2023-01-20,Norte,Mayorista,6.2,218.59
1961,4747,B,6,145.46,2023-11-15,Norte,Tienda,10.6,68.43
1962,9755,E,5,484.18,2023-12-18,Sur,Mayorista,10.9,316.52
1963,10445,D,6,219.65,2023-02-17,Este,Tienda,0.1,133.41
1964,3336,E,20,250.36,2023-12-18,Sur,Tienda,12.0,174.76
1965,10151,E,19,212.61,2024-02-03,Oeste,Tienda,0.7,124.7
1966,7648,D,10,422.8,2023-02-17,Este,Mayorista,11.8,182.75
1967,2266,E,6,497.36,2023-12-17,Este,Distribuidor,6.2,327.03
1968,10104,C,9,36.16,2023-08-22,Centro,Mayorista,9.3,20.96
1969,113,E,3,291.88,2024-01-07,Centro,Tienda,8.8,157.21
1970,1002,B,0,182.34,2023-03-07,Oeste,Distribuidor,11.5,64.48
1971,5573,B,1,367.93,2023-02-19,Este,Online,0.4,179.27
1972,549,B,0,123.2,2023-05-22,Oeste,Distribuidor,13.9,57.6
1973,10229,E,17,374.07,2023-08-17,Norte,Distribuidor,14.1,125.65
1974,8323,A,19,31.46,2023-01-04,Oeste,Online,13.5,17.17
1975,7109,C,5,250.26,2024-01-30,Centro,Mayorista,5.3,109.24
1976,10347,C,6,226.77,2023-04-14,Este,Tienda,6.6,147.98
1977,820,C,20,31.16,2023-09-10,Norte,Mayorista,13.2,12.18
1978,3593,C,20,482.12,2023-10-31,Este,Online,9.4,199.48
1979,6142,D,6,34.15,2023-10-13,Este,Online,8.5,21.98
1980,3016,D,6,256.11,2023-10-26,Sur,Mayorista,14.7,85.03
1981,1046,C,4,404.67,2023-08-03,Este,Tienda,9.7,178.66
1982,807,B,9,218.58,2023-12-28,Sur,Tienda,5.2,70.91
1983,6621,A,11,287.14,2023-05-22,Centro,Online,5.8,186.23
1984,2891,D,10,230.76,2024-01-26,Sur,Online,0.6,122.88
1985,10389,C,4,78.21,2024-02-01,Norte,Tienda,7.1,27.16
1986,5767,D,13,353.28,2023-05-04,Norte,Distribuidor,11.9,239.65
1987,1082,A,4,56.58,2024-01-28,Centro,Online,12.3,33.85
1988,3891,E,18,212.81,2023-09-11,Norte,Distribuidor,2.9,116.36
1989,6077,A,7,185.16,2023-01-13,Sur,Distribuidor,11.5,94.09
1990,7040,C,19,101.27,2023-02-21,Sur,Online,0.1,62.63
1991,5829,C,14,192.52,2023-06-10,Sur,Distribuidor,14.2,95.45
1992,9953,B,4,200.72,2023-07-07,Oeste,Online,7.6,89.43
1993,7122,A,6,19.13,2023-03-21,Norte,Tienda,4.5,6.75
1994,3144,C,2,272.83,2023-06-19,Este,Tienda,3.7,133.89
1995,4454,D,8,55.81,2023-05-09,Sur,Online,5.5,29.43
1996,2236,B,19,252.19,2023-11-19,Norte,Distribuidor,4.5,83.55
1997,1730,D,16,150.33,2023-03-25,Centro,Distribuidor,7.6,56.47
1998,2149,C,9,320.6,2023-04-09,Centro,Tienda,11.4,194.16
1999,2045,D,13,453.43,2023-01-30,Este,Tienda,13.5,293.5
2000,449,E,17,370.32,2023-04-26,Oeste,Distribuidor,0.6,180.73
2001,1248,E,2,475.68,2023-05-16,Oeste,Mayorista,3.9,150.64
2002,990,A,7,162.28,2023-12-10,Sur,Online,2.5,102.31
2003,4902,B,5,293.64,2023-03-21,Oeste,Online,4.5,124.29
2004,10375,B,1,337.4,2023-09-15,Centro,Online,4.6,158.5
2005,4588,C,18,479.35,2023-04-04,Sur,Online,12.7,182.01
2006,7749,B,9,240.3,2023-03-22,Oeste,Distribuidor,0.9,99.76
2007,4187,A,11,124.45,2023-05-27,Este,Mayorista,10.9,57.48
2008,6387,B,10,24.78,2023-09-15,Este,Mayorista,5.2,12.39
2009,9365,E,20,296.83,2023-10-17,Norte,Online,14.0,145.06
2010,4130,E,19,140.39,2023-06-28,Centro,Mayorista,3.2,76.24
2011,1719,B,2,66.22,2023-01-28,Centro,Online,2.2,42.01
2012,1344,D,3,450.16,2023-02-21,Oeste,Distribuidor,2.1,305.32
2013,9416,A,3,230.52,2023-03-17,Centro,Online,3.3,77.84
2014,7161,E,4,166.3,2023-02-18,Norte,Tienda,13.5,68.74
2015,10006,E,20,275.52,2023-09-03,Norte,Tienda,5.3,140.28
2016,608,E,7,140.62,2023-01-28,Norte,Distribuidor,6.1,60.79
2017,1266,E,6,160.71,2023-05-08,Oeste,Online,2.2,104.52
2018,3947,D,6,468.05,2023-05-22,Oeste,Mayorista,4.0,267.71
2019,7061,B,18,463.73,2023-01-08,Este,Mayorista,7.8,236.32
2020,843,B,6,236.42,2023-07-08,Oeste,Tienda,6.1,133.45
2021,10148,D,15,342.56,2023-03-26,Oeste,Online,5.5,131.54
2022,2120,D,19,24.7,2023-08-02,Sur,Distribuidor,14.8,16.17
2023,5572,A,15,395.65,2023-02-05,Sur,Tienda,0.2,205.71
2024,750,E,16,240.42,2023-03-24,Sur,Online,7.2,137.45
2025,8399,B,19,163.81,2023-02-02,Oeste,Mayorista,7.6,82.24
2026,7921,C,1,106.6,2023-04-30,Centro,Distribuidor,13.7,74.2
2027,6624,B,0,222.41,2023-09-04,Sur,Distribuidor,8.5,102.74
2028,7792,A,17,412.04,2023-04-14,Oeste,Distribuidor,13.2,240.5
2029,9422,C,18,462.94,2023-12-17,Oeste,Mayorista,12.4,155.22
2030,3165,E,15,495.72,2023-03-16,Sur,Online,9.6,202.61
2031,10024,E,1,371.08,2023-04-23,Este,Tienda,6.5,167.14
2032,10231,D,7,187.45,2023-06-09,Este,Tienda,4.1,120.26
2033,8029,C,20,222.89,2023-06-23,Centro,Mayorista,1.8,114.68
2034,6211,E,0,260.12,2023-10-25,Centro,Tienda,8.8,98.12
2035,323,C,12,222.23,2023-05-30,Centro,Tienda,7.1,98.26
2036,5816,B,10,480.51,2023-11-04,Norte,Online,11.5,325.32
2037,5269,A,10,73.6,2023-01-15,Sur,Tienda,8.2,42.36
2038,7636,D,15,461.65,2023-01-26,Sur,Distribuidor,14.4,226.02
2039,3260,B,7,480.88,2023-02-28,Este,Online,9.4,184.32
2040,3230,B,19,354.69,2023-09-19,Este,Distribuidor,7.0,144.91
2041,10309,E,9,195.37,2023-12-17,Centro,Online,3.6,69.35
2042,8988,D,3,344.58,2024-01-10,Este,Tienda,6.5,221.2
2043,9674,A,14,150.3,2023-10-01,Centro,Tienda,10.1,68.53
2044,10239,A,11,322.62,2023-04-30,Norte,Tienda,13.3,132.34
2045,9256,A,6,206.16,2023-08-17,Este,Distribuidor,12.0,107.06
2046,6375,D,17,371.27,2023-06-01,Oeste,Tienda,0.9,255.46
2047,7467,B,3,276.51,2023-08-20,Oeste,Mayorista,9.3,135.07
2048,5332,E,10,426.48,2023-11-09,Centro,Online,3.3,230.21
2049,6707,A,15,360.12,2023-05-31,Centro,Tienda,4.3,200.36
2050,8549,D,11,467.55,2023-03-07,Sur,Online,13.5,239.74
2051,3878,B,15,59.39,2023-10-25,Norte,Tienda,3.5,21.16
2052,5027,E,1,322.68,2023-12-06,Este,Tienda,10.9,223.67
2053,1415,C,15,101.82,2023-06-17,Este,Online,14.1,31.95
2054,132,B,19,103.02,2023-11-24,Norte,Mayorista,13.6,57.55
2055,559,E,6,427.48,2023-12-16,Sur,Online,6.2,264.61
2056,36,A,6,470.32,2023-09-12,Centro,Online,9.4,153.56
2057,6709,E,4,394.47,2023-05-22,Oeste,Tienda,2.2,262.58
2058,8003,A,17,306.94,2023-12-22,Sur,Online,2.8,193.52
2059,6910,A,6,489.74,2023-10-04,Centro,Online,10.2,278.95
2060,6598,A,2,124.07,2023-05-30,Norte,Online,10.9,54.58
2061,818,C,0,496.69,2023-01-29,Sur,Distribuidor,12.6,163.33
2062,8009,B,3,275.19,2023-12-20,Centro,Online,3.7,106.68
2063,6113,B,4,132.0,2023-12-09,Norte,Distribuidor,10.2,66.89
2064,6362,C,3,92.96,2023-03-23,Oeste,Distribuidor,5.4,43.94
2065,7176,D,15,416.52,2023-03-19,Norte,Mayorista,13.2,193.04
2066,5130,A,4,32.23,2023-05-26,Sur,Tienda,13.6,14.53
2067,1971,A,8,65.4,2023-01-24,Oeste,Mayorista,4.8,44.47
2068,3052,C,18,8.24,2024-01-23,Norte,Online,11.8,3.31
2069,2039,C,19,190.79,2023-07-28,Este,Online,11.7,57.42
2070,2494,D,16,112.81,2023-11-08,Centro,Online,12.1,42.1
2071,3654,D,7,88.91,2023-08-14,Oeste,Tienda,9.0,46.88
2072,6073,B,9,105.83,2023-07-01,Norte,Distribuidor,0.9,39.88
2073,5191,B,2,252.79,2023-03-03,Este,Mayorista,13.8,169.42
2074,2208,E,18,135.73,2023-05-08,Norte,Distribuidor,1.8,41.43
2075,1674,E,17,205.1,2023-01-14,Este,Tienda,1.6,143.46
2076,1074,A,12,331.99,2023-01-26,Centro,Tienda,6.4,115.32
2077,2242,D,12,364.12,2023-05-17,Oeste,Distribuidor,6.6,112.91
2078,4657,A,6,287.83,2023-08-12,Sur,Online,10.4,121.34
2079,3857,C,14,186.39,2023-10-23,Norte,Mayorista,6.6,129.47
2080,7989,A,14,46.27,2023-06-13,Este,Distribuidor,4.4,24.53
2081,6166,B,4,130.09,2024-01-01,Este,Distribuidor,8.8,51.14
2082,8752,C,3,470.28,2023-09-30,Centro,Distribuidor,0.0,257.06
2083,10344,C,6,83.96,2023-04-11,Norte,Online,6.5,25.84
2084,4634,A,8,258.64,2023-02-27,Este,Online,1.1,156.96
2085,8843,E,2,59.6,2023-11-11,Oeste,Online,11.1,34.43
2086,2995,A,15,145.94,2023-06-25,Sur,Mayorista,8.4,98.98
2087,9592,D,19,309.77,2024-01-28,Oeste,Online,9.2,116.46
2088,6353,E,5,286.64,2023-02-22,Centro,Mayorista,9.7,147.24
2089,611,B,9,231.23,2023-02-12,Centro,Tienda,13.7,142.13
2090,8995,B,14,180.54,2023-05-22,Oeste,Distribuidor,10.6,78.69
2091,9011,A,15,408.85,2023-02-17,Este,Mayorista,13.9,268.12
2092,2183,D,20,472.95,2023-01-21,Centro,Mayorista,5.6,228.01
2093,2567,C,1,22.22,2023-12-22,Sur,Distribuidor,11.7,13.87
2094,9763,D,18,30.84,2023-05-20,Sur,Mayorista,13.7,18.53
2095,4032,A,5,421.74,2023-02-22,Centro,Distribuidor,7.3,202.74
2096,1297,C,18,86.04,2023-11-30,Este,Tienda,13.4,38.55
2097,10350,A,19,6.03,2023-03-18,Oeste,Tienda,12.1,2.28
2098,6320,D,1,203.06,2023-11-27,Sur,Distribuidor,1.9,138.68
2099,4564,E,0,229.85,2023-10-25,Oeste,Distribuidor,3.9,70.2
2100,1062,E,7,218.72,2023-03-21,Este,Online,6.5,96.0
2101,5973,D,20,169.6,2023-06-23,Oeste,Distribuidor,13.4,85.74
2102,1817,A,0,85.53,2023-07-03,Oeste,Mayorista,10.3,37.49
2103,3995,A,8,29.08,2023-09-04,Este,Online,9.4,15.65
2104,8697,A,14,232.03,2023-09-01,Este,Online,3.4,127.08
2105,2886,E,6,146.58,2023-06-03,Este,Online,3.7,52.79
2106,9662,A,15,11.23,2023-01-19,Oeste,Online,7.3,7.59
2107,2002,E,16,275.02,2023-05-05,Centro,Online,8.8,159.96
2108,5629,C,6,385.76,2023-11-18,Este,Distribuidor,10.4,127.73
2109,9154,E,6,145.99,2023-05-15,Norte,Mayorista,8.3,74.74
2110,107,A,19,129.57,2023-10-18,Sur,Tienda,8.2,62.78
2111,2128,C,6,120.41,2023-02-22,Centro,Mayorista,0.8,56.08
2112,2301,C,7,98.56,2023-05-20,Norte,Mayorista,14.5,59.07
2113,9282,E,7,381.39,2024-01-10,Centro,Online,3.6,144.41
2114,7304,B,15,341.37,2023-12-09,Sur,Mayorista,11.2,110.47
2115,9003,E,20,84.99,2023-09-29,Centro,Mayorista,8.5,42.62
2116,4639,A,17,477.3,2023-06-15,Centro,Mayorista,1.0,208.52
2117,7998,B,9,140.72,2023-04-04,Oeste,Online,0.8,65.58
2118,6414,C,1,150.05,2023-09-26,Oeste,Tienda,4.4,53.45
2119,10259,E,8,27.2,2023-11-09,Norte,Online,9.3,17.99
2120,4426,B,6,224.24,2023-11-22,Oeste,Distribuidor,11.6,118.6
2121,3925,D,8,257.6,2023-01-21,Norte,Online,12.6,97.81
2122,7434,C,0,217.77,2023-10-31,Norte,Tienda,11.1,117.14
2123,7667,D,10,15.57,2023-10-24,Oeste,Online,1.5,7.81
2124,2840,B,2,246.55,2023-08-05,Sur,Online,13.6,110.21
2125,8526,A,18,144.74,2023-05-08,Sur,Online,2.0,50.19
2126,8305,A,19,256.54,2023-10-12,Oeste,Distribuidor,13.0,167.33
2127,238,A,9,309.79,2023-12-20,Centro,Mayorista,14.8,154.39
2128,4142,E,13,48.92,2023-06-24,Centro,Mayorista,5.3,30.24
2129,6390,A,16,285.44,2023-11-17,Norte,Mayorista,3.0,185.23
2130,154,D,9,185.01,2023-05-27,Centro,Online,13.5,102.89
2131,3476,A,17,25.59,2024-01-29,Norte,Distribuidor,10.9,13.65
2132,3807,C,12,138.79,2023-02-06,Sur,Tienda,12.6,95.16
2133,2761,C,9,197.15,2023-05-08,Sur,Distribuidor,2.0,116.51
2134,9721,E,14,284.7,2023-01-16,Sur,Distribuidor,1.5,106.59
2135,2279,B,15,229.02,2024-01-10,Sur,Distribuidor,3.0,138.51
2136,8651,D,3,475.76,2023-02-26,Oeste,Tienda,2.9,330.01
2137,3105,D,3,172.91,2023-09-17,Norte,Tienda,11.7,62.48
2138,5255,D,10,11.16,2023-11-26,Centro,Online,5.5,4.14
2139,1909,C,6,467.82,2023-08-31,Centro,Distribuidor,1.4,320.33
2140,4863,D,10,16.44,2023-10-27,Centro,Distribuidor,9.1,6.92
2141,1357,B,5,441.44,2023-09-06,Centro,Tienda,1.7,252.26
2142,4998,A,10,220.25,2023-07-27,Este,Online,0.1,123.71
2143,111,D,17,17.63,2023-06-27,Sur,Online,2.3,7.43
2144,364,B,5,322.68,2023-05-23,Oeste,Tienda,3.9,164.17
2145,4852,A,10,253.03,2023-02-08,Sur,Distribuidor,7.2,105.84
2146,328,B,7,282.51,2024-01-05,Norte,Tienda,7.9,185.88
2147,9013,C,14,341.46,2023-03-16,Norte,Online,2.4,185.2
2148,4535,B,9,332.36,2023-02-20,Norte,Online,8.8,197.92
2149,2207,D,15,18.35,2023-12-01,Este,Online,9.5,9.12
2150,7704,B,13,445.46,2023-01-07,Centro,Online,6.9,236.43
2151,10094,B,17,100.01,2023-03-31,Centro,Mayorista,7.8,49.7
2152,2305,A,19,204.03,2023-03-03,Oeste,Mayorista,0.9,99.25
2153,5705,A,11,142.48,2023-04-23,Norte,Distribuidor,13.3,88.63
2154,8440,B,14,65.66,2023-08-07,Oeste,Mayorista,10.9,37.28
2155,9979,A,17,370.27,2023-03-01,Sur,Tienda,0.3,194.94
2156,8686,E,3,327.18,2023-08-24,Norte,Mayorista,6.6,142.48
2157,10199,A,9,169.47,2023-10-14,Centro,Mayorista,13.3,64.21
2158,8038,B,18,85.46,2023-01-14,Este,Tienda,8.3,26.22
2159,4890,D,18,280.98,2023-01-09,Este,Distribuidor,2.4,175.56
2160,9018,C,17,252.17,2023-04-23,Sur,Online,1.5,152.78
2161,3779,B,9,395.66,2023-11-06,Oeste,Distribuidor,12.7,141.27
2162,5743,E,7,68.55,2023-02-18,Este,Mayorista,7.1,45.66
2163,2802,E,19,395.74,2023-07-02,Este,Distribuidor,5.3,156.37
2164,8671,D,0,118.42,2023-06-26,Este,Tienda,2.8,62.75
2165,495,C,15,498.48,2023-05-09,Sur,Online,8.6,262.94
2166,44,B,4,96.95,2023-03-05,Sur,Online,10.2,46.65
2167,136,B,4,330.37,2023-09-26,Centro,Distribuidor,11.9,188.72
2168,7108,C,20,20.02,2023-03-13,Norte,Distribuidor,12.7,6.92
2169,8590,D,0,147.19,2024-01-25,Centro,Distribuidor,7.1,82.0
2170,5526,B,4,98.12,2023-10-09,Oeste,Online,10.0,48.45
2171,3368,B,9,462.46,2023-03-01,Oeste,Mayorista,10.7,300.24
2172,7722,E,5,84.42,2024-01-04,Norte,Mayorista,10.6,32.87
2173,9864,B,9,49.44,2024-01-13,Sur,Tienda,11.4,27.67
2174,7141,E,2,303.3,2023-02-12,Centro,Tienda,8.6,156.37
2175,7775,B,10,153.21,2024-01-01,Oeste,Mayorista,9.6,76.35
2176,160,A,8,445.11,2023-01-18,Sur,Online,3.3,202.37
2177,2624,A,9,282.94,2023-02-05,Oeste,Online,7.4,158.67
2178,3998,B,19,473.27,2023-12-14,Norte,Online,14.3,266.98
2179,7003,A,18,329.67,2023-05-05,Oeste,Mayorista,6.8,154.74
2180,8510,E,4,300.63,2023-11-30,Sur,Tienda,9.0,99.25
2181,1365,C,11,273.39,2023-01-06,Este,Distribuidor,11.3,113.34
2182,7964,E,7,435.9,2023-02-13,Oeste,Tienda,7.3,177.45
2183,4766,D,0,302.51,2023-11-10,Sur,Online,2.1,135.53
2184,3846,D,7,445.77,2023-03-16,Sur,Tienda,10.4,269.19
2185,6575,D,1,79.71,2023-03-27,Oeste,Distribuidor,12.3,43.15
2186,2002,E,11,440.85,2024-02-01,Este,Online,14.3,247.0
2187,8538,B,11,220.52,2023-11-04,Este,Distribuidor,3.2,89.43
2188,8805,B,5,248.54,2023-05-11,Sur,Mayorista,8.8,133.22
2189,3292,D,4,400.35,2024-01-22,Centro,Online,6.1,260.48
2190,5032,B,17,131.06,2023-01-04,Este,Tienda,13.6,83.72
2191,5051,E,16,171.96,2023-07-19,Norte,Tienda,8.9,95.4
2192,8034,E,5,393.45,2023-07-19,Oeste,Mayorista,9.6,186.34
2193,8804,B,15,499.91,2023-06-08,Este,Distribuidor,12.5,154.63
2194,1713,D,0,231.72,2023-06-30,Este,Tienda,2.6,97.63
2195,2199,C,2,71.09,2023-07-31,Este,Online,0.7,21.69
2196,7308,E,15,200.29,2023-08-09,Oeste,Distribuidor,5.2,66.55
2197,3386,C,9,153.22,2023-08-26,Oeste,Distribuidor,11.2,60.18
2198,9321,D,7,195.47,2023-10-09,Oeste,Tienda,2.7,133.27
2199,4276,D,19,479.59,2023-09-12,Oeste,Distribuidor,12.7,267.0
2200,4139,C,19,33.23,2023-01-16,Oeste,Online,5.2,11.1
2201,9893,A,3,469.22,2023-06-27,Este,Distribuidor,5.2,290.03
2202,2908,D,4,310.11,2023-12-09,Centro,Tienda,9.5,143.3
2203,4234,C,0,342.21,2023-08-10,Oeste,Distribuidor,13.8,132.61
2204,3262,C,18,280.29,2024-01-09,Norte,Online,9.4,136.09
2205,6331,D,5,480.67,2023-04-14,Norte,Mayorista,13.7,188.14
2206,558,D,19,100.53,2023-09-26,Este,Tienda,4.5,33.01
2207,259,A,2,422.08,2024-01-28,Centro,Tienda,5.8,286.87
2208,3771,C,17,438.12,2023-03-31,Sur,Distribuidor,14.0,243.95
2209,5081,D,14,464.09,2023-03-04,Norte,Mayorista,5.1,275.53
2210,9571,B,15,478.49,2023-09-17,Este,Tienda,0.0,164.82
2211,1018,A,4,181.45,2023-03-27,Este,Tienda,10.0,89.17
2212,6757,A,12,243.51,2023-11-11,Centro,Distribuidor,11.4,110.19
2213,5790,B,16,104.81,2023-08-22,Sur,Online,1.8,65.2
2214,10310,D,14,414.44,2023-01-13,Sur,Tienda,0.6,197.86
2215,3124,B,7,324.38,2023-10-23,Oeste,Mayorista,1.2,214.58
2216,1483,D,11,86.54,2023-10-19,Centro,Tienda,2.6,52.05
2217,936,C,6,309.05,2023-03-25,Este,Tienda,2.3,210.69
2218,8692,C,11,229.61,2023-06-09,Oeste,Distribuidor,13.1,74.05
2219,4690,D,17,239.94,2023-01-23,Norte,Online,11.8,121.78
2220,9205,C,6,232.12,2023-02-21,Norte,Distribuidor,2.9,108.52
2221,577,B,16,50.07,2023-01-28,Norte,Mayorista,2.9,30.09
2222,10400,E,14,73.32,2023-01-12,Norte,Mayorista,6.1,23.09
2223,8730,C,17,206.88,2023-02-13,Centro,Distribuidor,2.1,107.12
2224,1736,C,8,405.95,2023-08-13,Este,Distribuidor,9.3,239.14
2225,8120,B,7,291.77,2023-12-06,Norte,Online,8.6,143.65
2226,8833,B,11,444.68,2023-09-28,Centro,Online,2.8,200.14
2227,4381,A,11,60.71,2023-08-27,Centro,Distribuidor,3.5,31.42
2228,9543,E,14,461.8,2023-07-14,Centro,Mayorista,6.2,225.15
2229,9320,B,14,195.25,2023-08-27,Centro,Mayorista,5.7,99.24
2230,534,C,16,366.67,2024-01-14,Centro,Distribuidor,6.5,130.98
2231,6241,C,6,427.82,2023-09-27,Oeste,Distribuidor,11.2,299.37
2232,8542,C,1,16.79,2023-03-01,Norte,Mayorista,12.0,5.97
2233,6147,A,3,461.9,2023-03-22,Sur,Tienda,5.5,182.78
2234,9473,D,10,420.12,2024-01-31,Centro,Tienda,10.4,163.57
2235,2197,D,5,191.32,2023-05-06,Centro,Online,6.6,131.72
2236,266,A,14,220.98,2023-07-23,Sur,Mayorista,15.0,148.5
2237,1320,E,15,438.1,2023-03-27,Oeste,Tienda,1.4,298.31
2238,8827,E,1,355.71,2023-06-16,Oeste,Tienda,11.8,198.92
2239,9986,B,5,122.56,2023-03-12,Sur,Distribuidor,7.4,82.0
2240,6550,A,8,349.53,2023-02-11,Centro,Distribuidor,3.2,114.61
2241,2788,D,4,16.18,2023-03-28,Sur,Tienda,5.9,11.03
2242,8004,A,20,151.21,2023-11-13,Centro,Online,15.0,79.76
2243,7377,A,8,125.07,2023-11-07,Este,Distribuidor,3.7,52.06
2244,9593,D,4,96.67,2024-02-04,Oeste,Online,3.9,51.49
2245,9716,D,13,495.23,2023-04-25,Centro,Tienda,13.0,237.4
2246,2157,B,13,332.67,2023-04-18,Centro,Tienda,2.6,170.03
2247,443,D,7,9.6,2023-01-29,Oeste,Tienda,9.4,6.64
2248,3203,D,2,40.31,2023-12-09,Sur,Online,5.8,14.67
2249,9646,A,17,112.69,2023-10-08,Centro,Mayorista,5.1,62.28
2250,9554,A,11,465.3,2023-12-19,Este,Online,3.6,238.24
2251,5593,B,14,282.61,2023-06-28,Norte,Distribuidor,6.9,93.35
2252,2322,D,7,70.83,2023-12-27,Norte,Tienda,13.3,24.21
2253,5064,C,9,464.82,2023-04-27,Centro,Tienda,10.5,200.62
2254,3717,E,10,114.67,2023-04-25,Sur,Online,12.2,53.83
2255,642,A,0,412.68,2023-03-31,Centro,Tienda,7.6,231.45
2256,8738,D,20,308.2,2023-06-03,Este,Tienda,3.7,197.46
2257,856,D,12,383.56,2024-02-05,Centro,Tienda,9.8,249.96
2258,4654,D,1,207.13,2023-11-18,Norte,Distribuidor,5.2,67.49
2259,1839,C,15,337.97,2023-08-30,Sur,Distribuidor,7.3,130.02
2260,634,E,17,490.85,2024-01-03,Oeste,Distribuidor,2.2,299.39
2261,5546,B,20,461.09,2023-10-08,Oeste,Distribuidor,8.2,265.53
2262,907,C,6,493.32,2023-11-28,Sur,Tienda,8.1,344.36
2263,8363,A,6,308.68,2023-07-23,Centro,Online,13.3,198.17
2264,3268,E,18,361.72,2024-01-16,Este,Online,14.5,152.13
2265,10404,D,10,461.26,2023-07-27,Centro,Tienda,14.4,179.74
2266,5873,D,5,406.87,2023-08-19,Este,Distribuidor,5.3,150.78
2267,8833,B,11,466.0,2023-11-29,Norte,Online,6.0,141.48
2268,271,D,20,446.66,2023-11-20,Norte,Mayorista,1.6,302.05
2269,1593,C,19,449.93,2023-01-02,Norte,Distribuidor,2.5,183.83
2270,6857,D,3,75.97,2023-08-22,Este,Online,12.7,33.77
2271,4009,C,10,461.55,2023-02-10,Este,Distribuidor,11.0,181.85
2272,8125,D,8,133.65,2023-05-25,Sur,Mayorista,8.1,45.22
2273,9522,D,19,355.43,2024-01-22,Este,Distribuidor,14.9,119.37
2274,8728,D,11,151.74,2023-04-19,Norte,Distribuidor,0.4,57.89
2275,9185,E,16,332.51,2023-05-13,Centro,Distribuidor,8.4,227.07
2276,4964,B,15,57.03,2023-08-09,Sur,Mayorista,2.0,29.67
2277,8228,B,16,10.15,2023-04-20,Norte,Mayorista,2.9,5.73
2278,625,C,4,333.15,2023-03-18,Norte,Tienda,9.8,203.28
2279,9423,E,16,378.26,2023-01-16,Este,Online,10.1,200.31
2280,8968,E,15,27.46,2023-03-30,Este,Online,3.9,13.68
2281,8,E,14,295.34,2024-01-19,Este,Tienda,11.3,96.96
2282,1104,B,20,128.36,2023-03-04,Oeste,Tienda,6.5,47.94
2283,6921,E,19,468.92,2023-09-01,Este,Online,2.4,185.02
2284,3730,C,16,460.37,2023-06-05,Este,Distribuidor,1.0,222.91
2285,5193,D,11,154.44,2023-02-04,Norte,Distribuidor,11.7,64.53
2286,4196,A,9,323.6,2023-07-06,Sur,Distribuidor,15.0,130.43
2287,1179,E,20,345.26,2024-01-21,Sur,Tienda,13.7,135.24
2288,1552,A,16,419.8,2023-12-25,Oeste,Distribuidor,12.1,176.61
2289,9556,D,11,56.45,2023-02-25,Norte,Tienda,13.9,19.82
2290,1015,E,12,235.84,2023-12-16,Este,Tienda,6.3,159.73
2291,929,C,13,322.2,2023-01-18,Norte,Mayorista,8.3,215.36
2292,4717,A,11,478.33,2024-01-06,Sur,Online,14.9,293.01
2293,2296,E,5,312.92,2023-11-14,Centro,Tienda,1.7,146.79
2294,7087,E,9,404.73,2023-09-01,Sur,Mayorista,7.9,161.31
2295,2538,C,19,161.22,2023-09-11,Este,Mayorista,9.3,96.94
2296,3587,C,15,107.03,2023-10-25,Centro,Online,3.4,47.83
2297,9045,E,6,97.58,2023-09-30,Norte,Distribuidor,1.7,52.34
2298,6279,D,11,373.96,2023-10-15,Centro,Online,11.3,206.17
2299,2977,D,14,158.42,2023-09-23,Norte,Distribuidor,2.0,77.23
2300,9348,A,20,224.04,2023-04-08,Norte,Mayorista,11.2,104.7
2301,6934,B,13,251.85,2023-02-23,Sur,Distribuidor,12.2,119.21
2302,10094,C,18,146.15,2023-05-17,Oeste,Online,11.8,51.75
2303,5810,D,15,164.63,2023-11-03,Centro,Distribuidor,4.7,56.28
2304,4673,B,7,266.61,2024-01-03,Sur,Distribuidor,11.3,172.56
2305,10109,A,13,285.22,2023-02-04,Este,Mayorista,7.4,127.15
2306,9468,D,14,288.9,2023-12-04,Norte,Mayorista,13.9,118.25
2307,10203,D,19,185.1,2023-02-10,Este,Tienda,13.2,121.65
2308,7444,A,9,229.58,2023-09-18,Este,Tienda,12.4,81.95
2309,6234,C,0,129.76,2023-05-07,Este,Online,14.7,50.4
2310,2856,D,14,71.77,2023-10-28,Oeste,Online,10.4,23.22
2311,7454,D,16,94.38,2023-05-23,Este,Online,1.9,44.76
2312,6588,C,14,310.92,2023-10-21,Centro,Online,9.6,169.13
2313,5656,D,5,323.1,2023-12-30,Centro,Tienda,7.8,98.32
2314,5146,A,15,394.09,2023-01-29,Oeste,Distribuidor,14.4,244.75
2315,75,D,18,314.48,2023-12-01,Sur,Tienda,12.2,186.97
2316,4036,C,12,120.12,2023-01-25,Centro,Distribuidor,6.1,72.19
2317,2638,E,5,224.43,2023-10-09,Sur,Distribuidor,3.7,69.09
2318,9311,D,17,205.94,2023-03-30,Este,Mayorista,0.7,102.38
2319,4135,A,16,271.8,2023-08-01,Centro,Online,14.0,111.86
2320,2676,B,2,420.7,2023-08-25,Oeste,Online,1.7,202.83
2321,7600,D,5,151.54,2023-10-02,Centro,Mayorista,2.8,78.48
2322,9150,B,8,237.86,2023-08-25,Este,Tienda,4.1,137.35
2323,5369,E,10,417.15,2023-01-05,Centro,Mayorista,3.2,196.5
2324,4879,E,11,223.39,2023-11-21,Este,Distribuidor,5.1,129.72
2325,589,B,20,244.06,2023-04-03,Centro,Mayorista,5.2,153.7
2326,8381,B,7,338.64,2023-03-12,Centro,Tienda,9.6,166.58
2327,580,E,4,276.57,2023-03-03,Centro,Mayorista,0.8,105.42
2328,9318,C,14,350.65,2023-11-23,Centro,Online,3.2,167.29
2329,8891,E,16,119.6,2023-05-25,Este,Mayorista,8.7,68.06
2330,6720,A,16,246.61,2023-04-18,Centro,Online,11.3,142.08
2331,1714,E,3,434.29,2023-07-28,Oeste,Distribuidor,10.1,208.81
2332,8537,B,7,371.66,2023-07-02,Oeste,Distribuidor,3.7,188.16
2333,2726,B,5,453.1,2023-08-17,Norte,Distribuidor,14.0,296.24
2334,9511,D,15,453.36,2023-09-06,Sur,Tienda,8.0,192.63
2335,2955,C,16,291.62,2023-01-31,Oeste,Distribuidor,0.6,103.81
2336,7086,C,1,271.89,2023-08-05,Sur,Distribuidor,10.0,96.95
2337,313,C,11,48.46,2023-07-12,Norte,Online,1.1,28.71
2338,1491,B,20,368.26,2023-10-02,Oeste,Distribuidor,2.8,208.23
2339,4263,E,20,366.22,2023-05-12,Centro,Online,9.7,244.77
2340,5227,E,3,341.22,2023-06-19,Centro,Tienda,12.6,103.22
2341,3483,B,20,50.61,2023-02-21,Centro,Tienda,8.5,23.5
2342,2559,B,19,158.69,2023-02-01,Norte,Mayorista,11.1,68.21
2343,9744,A,7,239.92,2024-01-31,Centro,Tienda,6.1,117.16
2344,7909,A,16,441.16,2023-02-22,Oeste,Mayorista,8.3,282.52
2345,6857,C,8,101.16,2023-05-28,Norte,Mayorista,3.4,30.38
2346,5361,C,3,213.92,2023-05-14,Norte,Mayorista,10.3,72.43
2347,7741,D,18,95.05,2023-03-08,Sur,Online,3.4,54.25
2348,6753,C,17,242.92,2023-05-20,Oeste,Tienda,9.9,91.3
2349,7415,D,0,152.33,2023-07-21,Oeste,Distribuidor,12.7,61.06
2350,87,E,3,470.48,2024-01-04,Este,Distribuidor,12.0,305.35
2351,6989,E,18,455.79,2024-01-17,Este,Online,5.2,205.24
2352,7271,C,4,480.57,2023-01-28,Centro,Mayorista,10.1,217.72
2353,2533,D,11,439.85,2023-03-31,Sur,Mayorista,11.4,153.94
2354,971,E,20,97.81,2023-09-28,Norte,Mayorista,9.5,38.7
2355,1692,C,9,34.78,2023-11-26,Centro,Online,5.7,18.67
2356,587,D,0,438.27,2023-06-11,Norte,Distribuidor,10.4,232.8
2357,5507,B,4,389.83,2023-02-07,Oeste,Tienda,6.2,193.95
2358,4986,E,2,426.2,2023-10-24,Sur,Tienda,10.6,139.3
2359,3324,E,13,346.4,2023-05-20,Sur,Distribuidor,13.2,241.42
2360,3471,E,17,221.34,2023-02-18,Sur,Mayorista,5.1,119.17
2361,7136,D,5,185.09,2023-03-16,Centro,Distribuidor,12.4,63.85
2362,8261,A,8,395.74,2024-01-06,Este,Distribuidor,5.7,246.52
2363,3887,D,5,257.12,2024-01-26,Oeste,Tienda,11.7,138.25
2364,6672,D,13,39.49,2023-12-14,Oeste,Tienda,13.2,18.28
2365,4563,C,3,40.96,2023-08-04,Norte,Mayorista,13.3,23.32
2366,9481,B,18,48.09,2023-08-08,Sur,Online,2.2,14.99
2367,2742,E,19,305.34,2023-01-03,Norte,Online,11.4,150.93
2368,694,D,13,469.7,2023-05-06,Centro,Distribuidor,5.8,205.7
2369,10219,D,6,218.39,2023-07-18,Oeste,Tienda,3.6,120.03
2370,2836,E,19,243.08,2023-02-13,Este,Online,14.1,95.95
2371,7249,C,0,338.68,2023-04-23,Norte,Online,3.2,152.52
2372,606,D,9,452.94,2023-09-08,Norte,Mayorista,1.1,309.34
2373,8845,E,16,339.95,2023-12-29,Sur,Distribuidor,0.8,123.63
2374,2781,E,16,151.85,2023-02-02,Sur,Distribuidor,0.6,99.47
2375,7359,D,11,137.52,2023-11-27,Oeste,Distribuidor,11.7,91.92
2376,4052,A,9,287.0,2023-10-02,Norte,Online,7.5,199.46
2377,4491,D,5,355.9,2023-08-14,Este,Mayorista,13.6,171.08
2378,3048,A,14,425.54,2023-02-12,Centro,Online,3.8,191.56
2379,5817,E,15,308.07,2023-11-19,Oeste,Online,3.7,107.2
2380,1170,A,10,302.32,2023-08-26,Norte,Distribuidor,13.6,141.04
2381,867,D,3,266.5,2023-01-26,Sur,Distribuidor,5.9,103.08
2382,2672,A,17,147.49,2023-08-08,Centro,Mayorista,4.9,91.62
2383,8911,C,10,133.15,2023-03-25,Oeste,Online,4.2,74.01
2384,7175,E,6,176.17,2023-11-18,Centro,Distribuidor,9.5,93.91
2385,2178,C,2,332.12,2023-09-23,Sur,Online,3.0,163.83
2386,2950,E,18,186.75,2023-07-15,Centro,Distribuidor,14.6,80.06
2387,6218,A,3,211.65,2023-07-25,Este,Mayorista,7.9,143.16
2388,5798,A,11,51.85,2023-05-02,Este,Mayorista,5.5,17.69
2389,8911,D,1,340.36,2023-07-24,Norte,Mayorista,6.4,195.22
2390,7923,A,5,242.63,2023-04-07,Oeste,Tienda,0.6,149.91
2391,3504,D,0,272.27,2023-05-06,Centro,Online,7.4,96.7
2392,3995,A,3,213.84,2023-11-05,Centro,Distribuidor,9.9,102.89
2393,1063,B,12,290.35,2023-12-09,Norte,Tienda,6.5,97.71
2394,8906,D,8,25.78,2023-04-05,Norte,Mayorista,3.0,12.6
2395,523,C,6,15.1,2023-09-18,Oeste,Tienda,7.3,4.88
2396,3051,C,11,9.9,2023-12-05,Este,Tienda,9.8,3.4
2397,8906,E,16,228.3,2023-01-07,Norte,Mayorista,14.0,122.31
2398,4318,C,4,76.54,2023-06-27,Este,Online,9.7,30.85
2399,2804,B,6,344.71,2023-11-27,Norte,Online,10.2,130.87
2400,120,B,16,74.82,2023-05-07,Norte,Online,6.0,24.63
2401,2214,D,15,74.13,2024-01-11,Centro,Tienda,13.4,46.62
2402,7923,C,8,474.17,2023-09-12,Sur,Tienda,9.1,279.0
2403,1670,D,0,64.9,2023-11-24,Centro,Tienda,12.1,41.17
2404,7996,D,12,212.51,2023-09-28,Este,Mayorista,3.1,142.58
2405,4756,B,6,320.78,2023-06-29,Oeste,Mayorista,3.3,101.29
2406,1144,A,16,341.04,2023-04-12,Sur,Distribuidor,13.0,130.22
2407,3483,A,10,243.0,2023-08-04,Norte,Mayorista,0.9,96.55
2408,6129,D,3,53.27,2023-05-01,Oeste,Mayorista,14.7,23.52
2409,7390,D,7,314.46,2023-03-28,Este,Online,0.2,127.97
2410,2059,B,0,404.44,2023-08-14,Sur,Online,13.9,186.28
2411,10109,B,14,306.39,2023-11-22,Centro,Distribuidor,0.4,114.52
2412,4955,E,0,373.79,2024-01-02,Oeste,Mayorista,1.2,246.01
2413,61,B,18,390.57,2023-11-06,Este,Tienda,8.6,240.67
2414,6765,E,14,179.23,2023-10-18,Este,Distribuidor,4.1,106.84
2415,9935,A,16,486.34,2024-01-24,Oeste,Tienda,3.2,318.84
2416,3641,B,18,84.66,2023-10-15,Este,Mayorista,2.6,31.04
2417,3474,B,6,274.69,2023-03-07,Norte,Online,13.2,107.71
2418,612,A,20,442.59,2023-05-29,Sur,Mayorista,5.6,166.39
2419,2115,E,0,300.14,2023-06-23,Centro,Distribuidor,9.6,93.21
2420,392,B,11,386.04,2023-01-26,Norte,Online,4.9,176.47
2421,3472,A,13,46.48,2023-08-11,Sur,Online,12.2,28.6
2422,4353,C,15,124.69,2023-06-04,Sur,Distribuidor,12.8,37.76
2423,3736,D,19,487.65,2023-03-09,Oeste,Distribuidor,3.5,153.12
2424,9613,D,15,494.22,2024-01-27,Sur,Online,4.9,238.79
2425,4001,D,12,305.57,2024-01-30,Este,Tienda,3.5,162.34
2426,4494,B,0,77.4,2023-09-13,Este,Distribuidor,9.2,32.82
2427,5068,A,9,127.87,2023-02-22,Sur,Distribuidor,10.5,54.15
2428,10032,D,6,187.13,2023-02-22,Centro,Mayorista,13.3,112.49
2429,8777,E,0,443.68,2023-12-24,Centro,Mayorista,6.2,172.46
2430,133,C,17,95.61,2023-03-18,Norte,Online,11.4,30.55
2431,4700,C,12,322.62,2023-10-11,Este,Tienda,12.9,144.26
2432,9297,E,8,428.93,2023-09-02,Norte,Online,13.0,151.91
2433,1984,B,0,261.27,2023-11-11,Este,Tienda,10.9,135.66
2434,9023,B,8,276.02,2023-04-29,Este,Mayorista,0.1,163.82
2435,1133,A,17,208.85,2023-08-06,Centro,Tienda,3.4,115.1
2436,3343,B,12,343.95,2023-03-15,Este,Mayorista,6.5,128.45
2437,7026,A,13,170.11,2023-07-06,Oeste,Distribuidor,1.9,106.23
2438,3753,A,11,172.32,2023-09-03,Sur,Distribuidor,4.2,99.16
2439,4859,B,19,230.41,2023-08-28,Norte,Mayorista,8.7,93.58
2440,4559,B,14,192.05,2023-06-11,Sur,Distribuidor,0.8,111.88
2441,4702,A,15,472.4,2023-08-05,Oeste,Mayorista,0.1,281.63
2442,2571,E,4,195.88,2023-08-22,Norte,Tienda,10.9,130.24
2443,1065,C,13,58.27,2023-09-18,Norte,Online,11.6,20.86
2444,5848,D,16,338.25,2023-10-16,Centro,Tienda,0.9,174.86
2445,1618,E,9,145.89,2023-11-22,Centro,Mayorista,5.8,98.55
2446,5390,B,2,134.76,2023-05-22,Sur,Online,9.0,93.86
2447,969,A,19,215.12,2023-05-08,Centro,Online,11.8,74.85
2448,2597,C,19,372.21,2023-03-15,Norte,Distribuidor,6.5,188.66
2449,2352,D,18,109.88,2023-09-05,Este,Distribuidor,10.8,51.07
2450,6077,D,17,294.47,2023-04-25,Oeste,Distribuidor,12.4,166.1
2451,5728,A,14,170.38,2023-02-11,Centro,Distribuidor,10.4,70.35
2452,8499,D,16,449.38,2023-01-10,Oeste,Online,3.3,247.97
2453,7468,B,14,134.55,2023-12-29,Oeste,Distribuidor,10.8,49.2
2454,6315,B,3,374.61,2023-08-02,Norte,Mayorista,14.3,222.07
2455,3641,D,1,202.47,2023-12-21,Oeste,Online,0.7,139.72
2456,2886,B,17,474.0,2023-12-31,Norte,Distribuidor,4.6,330.85
2457,5275,B,13,356.44,2024-01-15,Este,Tienda,9.6,238.31
2458,2344,A,19,143.45,2024-01-07,Sur,Online,10.2,47.22
2459,1376,C,2,138.44,2023-09-24,Sur,Mayorista,12.8,55.67
2460,5601,C,3,369.28,2023-04-23,Este,Online,8.1,132.68
2461,999,E,12,33.02,2024-01-28,Centro,Online,14.7,14.51
2462,983,C,2,100.68,2023-10-31,Este,Online,10.8,52.09
2463,4632,E,4,292.03,2023-05-07,Este,Online,6.6,136.59
2464,7309,A,20,243.78,2023-05-21,Centro,Distribuidor,5.9,87.06
2465,6483,D,3,498.98,2023-11-26,Norte,Online,11.7,175.98
2466,2838,A,9,95.18,2023-08-24,Oeste,Online,11.4,57.01
2467,1725,C,1,231.68,2023-03-25,Este,Mayorista,12.9,105.96
2468,10179,D,5,16.9,2023-03-03,Oeste,Online,12.6,8.88
2469,8816,B,0,147.76,2023-08-16,Norte,Mayorista,2.9,49.7
2470,2787,E,19,62.98,2023-09-08,Norte,Distribuidor,14.8,39.42
2471,3000,D,20,175.79,2023-12-22,Norte,Mayorista,6.1,82.46
2472,8895,D,8,476.71,2023-11-22,Este,Tienda,4.3,204.8
2473,9419,B,13,196.64,2023-09-23,Este,Online,5.8,123.36
2474,10351,C,15,331.56,2023-11-06,Sur,Tienda,7.9,226.63
2475,7703,B,2,482.42,2023-12-29,Oeste,Online,5.3,200.48
2476,1921,A,3,120.06,2023-12-22,Sur,Distribuidor,11.2,56.99
2477,4685,E,15,163.41,2023-04-15,Centro,Tienda,4.2,86.84
2478,9947,B,0,358.21,2023-01-21,Sur,Online,12.4,191.7
2479,1895,C,16,205.29,2024-01-02,Norte,Online,9.2,94.33
2480,858,C,8,391.32,2023-01-04,Centro,Online,11.4,227.27
2481,5248,A,13,243.19,2023-05-29,Norte,Distribuidor,8.8,87.89
2482,364,B,9,26.58,2023-10-13,Oeste,Online,5.2,13.17
2483,628,C,16,409.3,2023-02-24,Oeste,Mayorista,4.0,170.28
2484,1225,E,16,125.53,2023-03-08,Este,Online,10.8,76.61
2485,5758,B,12,174.95,2023-08-24,Sur,Online,8.0,56.62
2486,6281,D,15,383.29,2023-11-13,Centro,Tienda,4.2,231.57
2487,8754,A,1,348.33,2023-07-23,Sur,Tienda,0.0,235.91
2488,10360,A,11,370.04,2023-08-25,Oeste,Tienda,3.8,210.35
2489,8432,A,14,217.35,2023-12-04,Oeste,Tienda,7.2,133.41
2490,3693,A,3,280.4,2023-11-04,Sur,Tienda,0.7,96.19
2491,4569,E,16,303.45,2023-03-12,Norte,Distribuidor,8.3,197.89
2492,9404,E,16,484.4,2023-05-24,Oeste,Online,9.2,307.51
2493,3601,D,8,337.49,2023-11-05,Norte,Distribuidor,9.5,103.13
2494,7002,E,7,22.58,2024-01-08,Sur,Online,10.3,8.67
2495,10338,B,5,355.04,2023-07-11,Sur,Distribuidor,4.8,202.96
2496,2227,C,1,235.22,2023-11-10,Sur,Mayorista,0.4,76.65
2497,8907,E,20,427.44,2023-08-16,Sur,Tienda,6.1,196.87
2498,7231,D,15,250.67,2023-10-07,Centro,Distribuidor,1.8,160.79
2499,8395,B,16,315.11,2023-11-05,Oeste,Online,0.0,99.5
2500,6966,C,19,110.3,2023-08-07,Centro,Distribuidor,5.3,46.77
2501,9603,D,7,381.98,2023-08-27,Norte,Distribuidor,11.2,201.27
2502,8099,A,0,459.39,2023-04-22,Centro,Tienda,12.2,299.78
2503,918,E,17,132.4,2023-01-02,Norte,Mayorista,12.8,43.43
2504,104,E,11,10.15,2023-04-18,Este,Online,4.5,5.24
2505,9089,C,5,150.2,2023-06-18,Oeste,Tienda,4.1,100.12
2506,1037,E,14,498.96,2023-06-04,Sur,Distribuidor,5.8,169.26
2507,8548,B,6,373.51,2024-02-03,Este,Distribuidor,10.2,188.47
2508,1927,E,12,482.93,2023-07-01,Sur,Mayorista,2.2,275.12
2509,6669,B,18,381.43,2024-01-23,Oeste,Tienda,3.9,223.66
2510,5375,A,18,288.5,2023-05-13,Norte,Tienda,9.2,114.45
2511,9394,E,17,398.56,2023-09-18,Norte,Mayorista,3.5,149.29
2512,5039,D,11,445.43,2023-12-31,Este,Online,4.7,166.24
2513,9682,B,2,180.68,2023-03-21,Centro,Distribuidor,11.4,78.33
2514,9573,E,7,383.19,2023-03-24,Norte,Tienda,6.5,197.51
2515,9054,A,4,397.2,2023-12-16,Norte,Tienda,10.6,154.76
2516,9774,B,6,21.07,2024-01-11,Este,Distribuidor,0.3,12.76
2517,4703,C,2,400.19,2023-09-18,Sur,Online,4.2,153.58
2518,300,E,10,95.72,2023-06-16,Centro,Mayorista,13.2,60.37
2519,7271,E,7,108.44,2023-09-08,Este,Online,9.6,49.82
2520,8906,B,1,182.67,2023-12-06,Oeste,Online,11.4,82.18
2521,9616,B,8,307.81,2024-01-31,Este,Online,11.8,193.12
2522,9754,E,13,402.38,2023-03-04,Oeste,Online,14.2,196.56
2523,4052,E,15,220.51,2023-10-13,Centro,Online,7.1,100.45
2524,787,B,20,52.62,2023-08-30,Oeste,Online,7.0,30.89
2525,1525,C,9,65.84,2023-10-07,Oeste,Tienda,5.4,34.88
2526,8892,A,9,425.42,2023-10-19,Norte,Tienda,12.8,156.21
2527,5268,E,14,464.82,2023-03-20,Este,Distribuidor,3.0,159.78
2528,3470,A,5,16.0,2023-04-29,Oeste,Online,14.0,7.02
2529,691,B,11,429.41,2023-04-13,Este,Tienda,12.0,145.3
2530,4553,E,14,486.32,2024-01-11,Este,Tienda,12.3,226.89
2531,514,B,7,314.07,2023-09-13,Norte,Distribuidor,5.3,209.91
2532,1163,C,2,15.46,2023-07-25,Este,Mayorista,8.1,5.29
2533,3369,A,5,90.83,2023-07-20,Norte,Mayorista,2.6,38.75
2534,488,D,2,44.4,2023-09-04,Centro,Distribuidor,8.5,13.69
2535,4899,A,1,235.71,2023-07-24,Sur,Online,4.8,149.8
2536,724,D,14,42.61,2023-06-20,Centro,Tienda,7.0,17.59
2537,8953,E,1,324.26,2023-04-02,Sur,Online,6.1,99.5
2538,5050,A,15,322.42,2023-08-26,Norte,Distribuidor,6.5,190.53
2539,8078,B,10,310.27,2023-08-30,Sur,Online,14.5,183.79
2540,2616,E,10,367.12,2023-09-15,Sur,Online,13.7,122.7
2541,9795,A,0,270.27,2023-08-10,Sur,Mayorista,10.3,110.12
2542,1156,A,13,200.91,2023-04-21,Oeste,Tienda,3.7,62.65
2543,8868,D,19,336.24,2023-09-24,Este,Online,1.8,196.87
2544,2276,D,20,487.54,2023-11-22,Este,Online,8.4,329.17
2545,1898,D,3,429.24,2023-06-30,Este,Mayorista,8.9,286.37
2546,390,E,1,208.06,2023-12-10,Este,Online,11.1,103.59
2547,5479,D,20,252.73,2023-01-31,Oeste,Online,5.3,160.82
2548,9750,B,20,99.06,2023-01-12,Sur,Tienda,12.2,60.25
2549,3043,C,0,400.02,2023-04-20,Centro,Mayorista,5.1,145.88
2550,1827,D,18,107.26,2023-09-21,Este,Distribuidor,13.9,69.32
2551,3661,A,12,76.68,2023-01-17,Sur,Online,1.7,39.09
2552,2837,A,10,8.69,2023-12-11,Sur,Mayorista,11.9,3.72
2553,3969,E,18,28.22,2023-11-14,Oeste,Online,9.1,10.5
2554,6675,D,19,148.92,2024-01-26,Oeste,Tienda,7.1,57.71
2555,5535,C,2,192.04,2023-07-03,Este,Online,7.3,77.28
2556,1804,E,3,202.71,2023-07-02,Oeste,Mayorista,12.3,124.48
2557,4989,A,18,61.75,2023-05-09,Este,Mayorista,12.7,19.74
2558,5279,E,15,154.04,2024-01-16,Sur,Online,4.5,86.59
2559,8222,D,13,263.88,2023-02-07,Norte,Distribuidor,13.1,168.32
2560,7182,E,17,138.36,2023-01-07,Norte,Distribuidor,1.4,43.69
2561,530,C,3,457.17,2023-07-09,Oeste,Distribuidor,6.9,283.42
2562,3042,B,13,62.02,2023-07-08,Centro,Online,9.4,36.82
2563,4935,A,11,485.11,2023-08-19,Oeste,Mayorista,4.6,247.97
2564,8391,C,10,290.82,2023-11-16,Sur,Distribuidor,7.4,129.42
2565,1926,C,4,431.91,2024-01-03,Centro,Tienda,7.5,180.67
2566,2600,B,0,61.51,2024-02-04,Oeste,Online,12.0,18.75
2567,1740,B,5,154.48,2023-04-01,Sur,Online,11.4,53.09
2568,4722,C,1,71.2,2024-01-21,Norte,Distribuidor,8.8,41.82
2569,5375,B,9,113.71,2023-01-08,Oeste,Tienda,10.3,47.93
2570,7063,B,0,10.75,2024-01-02,Este,Tienda,9.7,5.79
2571,3413,A,7,113.11,2023-05-07,Centro,Online,13.3,67.39
2572,5829,A,4,350.33,2023-12-14,Oeste,Online,1.3,155.72
2573,6764,B,13,247.36,2023-05-02,Centro,Distribuidor,5.4,87.33
2574,3839,D,3,473.74,2023-02-09,Centro,Tienda,2.8,327.41
2575,3526,C,18,264.24,2023-03-22,Oeste,Online,10.1,109.14
2576,5806,C,15,150.95,2023-07-10,Norte,Mayorista,12.6,85.27
2577,10189,B,5,262.46,2023-11-08,Centro,Tienda,10.5,136.21
2578,1098,A,20,85.64,2023-11-08,Norte,Tienda,7.0,49.59
2579,1313,B,16,289.81,2023-09-07,Oeste,Tienda,6.8,125.9
2580,8132,E,20,261.78,2023-08-13,Oeste,Distribuidor,1.8,86.93
2581,7381,C,9,247.18,2023-06-09,Norte,Mayorista,12.6,109.74
2582,4686,C,15,111.1,2023-11-04,Centro,Online,4.4,57.01
2583,3534,A,17,77.0,2023-09-16,Norte,Tienda,14.4,42.07
2584,5998,C,8,179.12,2023-06-12,Oeste,Online,4.9,81.72
2585,572,C,3,402.12,2023-11-18,Centro,Tienda,3.0,127.31
2586,7068,B,11,461.67,2023-09-13,Este,Tienda,14.6,186.94
2587,7075,B,8,129.42,2023-02-04,Sur,Tienda,3.6,80.95
2588,6919,E,4,162.95,2023-05-11,Oeste,Online,8.6,57.45
2589,3672,A,1,101.57,2023-11-03,Este,Tienda,1.0,64.06
2590,9940,B,2,432.76,2023-03-16,Sur,Distribuidor,10.8,301.19
2591,1620,B,8,178.81,2023-06-27,Norte,Tienda,13.6,92.36
2592,7766,B,5,348.03,2023-05-03,Norte,Mayorista,7.6,240.43
2593,3556,C,15,89.8,2023-09-09,Norte,Online,4.4,58.84
2594,10208,E,3,224.02,2023-02-17,Este,Mayorista,4.6,152.26
2595,2379,C,14,321.05,2023-09-24,Norte,Distribuidor,2.8,157.8
2596,9069,B,10,437.87,2023-10-31,Oeste,Distribuidor,4.4,274.31
2597,8330,E,12,130.31,2023-06-12,Norte,Online,6.0,64.5
2598,5770,E,12,344.66,2023-03-18,Oeste,Mayorista,2.4,187.78
2599,870,D,3,116.13,2023-03-04,Norte,Online,7.7,39.87
2600,1739,A,15,473.08,2023-06-03,Norte,Mayorista,10.7,235.86
2601,7692,E,9,118.94,2023-01-26,Este,Online,1.8,68.36
2602,62,B,15,68.56,2023-10-17,Oeste,Tienda,9.4,31.98
2603,3728,B,13,483.14,2023-10-24,Este,Tienda,13.8,305.46
2604,7397,D,18,241.96,2023-12-03,Oeste,Distribuidor,7.4,144.93
2605,4198,D,12,37.82,2023-01-27,Oeste,Mayorista,8.2,24.57
2606,8579,C,9,272.78,2023-05-17,Sur,Mayorista,5.1,180.19
2607,10103,D,16,374.61,2023-05-30,Este,Online,7.5,196.15
2608,4800,D,5,161.51,2023-06-18,Sur,Distribuidor,13.4,75.69
2609,7285,A,7,470.65,2023-06-25,Este,Online,4.7,192.0
2610,7638,B,6,415.74,2023-02-15,Norte,Online,5.7,214.34
2611,1791,C,16,278.63,2023-01-13,Oeste,Online,4.5,191.04
2612,8639,E,13,339.38,2023-09-09,Oeste,Tienda,0.0,151.67
2613,6170,B,17,254.91,2023-08-11,Sur,Mayorista,2.6,107.46
2614,3376,E,5,182.98,2023-09-24,Oeste,Tienda,13.7,79.19
2615,5722,D,6,45.63,2023-04-04,Oeste,Online,4.9,30.93
2616,6603,A,5,63.12,2023-02-03,Este,Tienda,10.6,25.83
2617,8217,D,4,236.28,2023-02-28,Este,Mayorista,7.0,146.66
2618,1124,B,12,385.11,2023-08-30,Este,Distribuidor,9.5,152.67
2619,3016,D,0,488.41,2023-02-18,Norte,Online,6.5,265.64
2620,2548,C,15,308.73,2024-02-03,Centro,Tienda,2.5,181.33
2621,3785,B,11,319.32,2023-05-03,Este,Mayorista,10.2,172.11
2622,3860,E,6,401.87,2023-06-07,Oeste,Tienda,6.8,214.31
2623,1160,E,19,199.58,2023-03-05,Este,Mayorista,4.8,68.01
2624,9969,C,1,217.09,2023-08-30,Este,Tienda,12.8,65.71
2625,3026,C,4,138.03,2023-10-12,Este,Distribuidor,5.6,93.7
2626,9522,C,7,108.54,2023-09-02,Norte,Distribuidor,13.9,56.31
2627,5901,E,8,100.17,2023-11-12,Este,Tienda,7.8,64.6
2628,7410,D,4,234.99,2023-11-11,Oeste,Online,7.7,128.86
2629,2276,A,14,251.27,2023-06-02,Norte,Tienda,14.2,144.09
2630,6176,E,1,461.89,2023-09-12,Centro,Tienda,14.3,182.16
2631,1801,C,16,256.93,2023-08-19,Este,Online,4.1,114.44
2632,1875,A,5,198.32,2023-12-21,Norte,Tienda,11.0,63.49
2633,2767,E,20,387.92,2023-06-16,Este,Mayorista,2.0,229.95
2634,1340,C,3,327.05,2023-10-23,Este,Distribuidor,3.7,130.46
2635,1758,E,15,376.54,2023-12-10,Centro,Mayorista,2.2,260.05
2636,9717,D,3,454.24,2023-08-28,Norte,Distribuidor,9.3,145.69
2637,5402,D,6,468.91,2023-02-01,Norte,Online,5.7,253.82
2638,10000,C,13,263.8,2023-02-02,Este,Online,6.1,124.49
2639,9313,A,18,193.61,2023-06-26,Este,Mayorista,2.7,103.7
2640,9548,A,15,87.34,2023-04-06,Este,Mayorista,0.2,54.14
2641,6796,B,16,406.13,2024-01-13,Norte,Distribuidor,3.7,268.51
2642,6887,E,15,28.71,2023-08-24,Este,Tienda,9.5,19.16
2643,7161,C,12,260.46,2023-05-13,Centro,Online,4.7,113.54
2644,9447,E,8,119.26,2023-09-15,Oeste,Mayorista,4.6,61.85
2645,83,E,0,67.09,2023-08-15,Oeste,Mayorista,5.9,25.53
2646,8155,E,11,449.89,2023-06-23,Centro,Distribuidor,2.0,255.72
2647,7760,B,6,135.77,2023-06-03,Norte,Online,8.2,53.79
2648,3904,A,15,320.21,2023-05-04,Oeste,Mayorista,2.8,207.17
2649,6830,C,15,258.77,2023-04-27,Centro,Tienda,5.7,140.65
2650,3094,E,12,312.69,2024-02-05,Centro,Online,3.5,154.38
2651,6501,D,2,467.8,2023-04-22,Centro,Mayorista,7.9,287.59
2652,7513,C,4,80.07,2023-03-02,Sur,Mayorista,7.2,40.62
2653,5724,C,5,392.83,2023-08-10,Norte,Distribuidor,12.8,212.97
2654,1766,E,0,314.83,2023-06-19,Este,Mayorista,2.6,191.92
2655,38,B,19,307.17,2023-11-09,Oeste,Tienda,0.8,151.81
2656,9384,B,18,373.38,2023-06-23,Norte,Distribuidor,1.5,184.77
2657,2964,B,16,470.21,2023-01-17,Oeste,Mayorista,1.1,186.15
2658,9167,D,10,388.59,2023-10-30,Oeste,Tienda,0.2,145.55
2659,2251,A,0,85.79,2023-09-07,Sur,Online,8.4,36.69
2660,10295,B,9,457.67,2023-02-03,Sur,Mayorista,9.5,226.73
2661,155,C,19,351.41,2023-01-04,Este,Online,6.7,119.61
2662,4665,C,18,39.68,2023-09-28,Oeste,Online,6.3,12.7
2663,6754,C,7,350.46,2023-01-21,Este,Tienda,13.3,110.24
2664,5726,E,7,234.11,2023-07-11,Sur,Online,6.8,123.16
2665,8319,A,7,89.38,2023-07-29,Oeste,Tienda,6.3,31.71
2666,9502,A,17,210.5,2023-12-04,Oeste,Mayorista,4.6,144.93
2667,4706,B,4,150.9,2023-04-23,Este,Online,10.0,64.29
2668,801,B,20,74.67,2023-06-04,Oeste,Mayorista,13.8,50.77
2669,8634,E,15,472.36,2023-03-09,Oeste,Tienda,8.3,208.66
2670,1169,B,1,118.82,2023-12-26,Este,Distribuidor,13.3,64.14
2671,8883,E,0,491.77,2023-09-11,Centro,Mayorista,1.5,248.25
2672,6849,E,15,497.98,2023-11-29,Sur,Online,6.5,193.25
2673,4931,E,19,370.42,2023-12-06,Este,Distribuidor,2.8,130.57
2674,3375,A,5,447.74,2023-02-01,Este,Tienda,1.8,280.95
2675,6839,B,2,266.8,2023-10-01,Centro,Online,3.7,102.63
2676,7054,E,9,103.46,2023-03-11,Sur,Mayorista,10.4,59.67
2677,2202,B,19,373.43,2023-09-07,Norte,Tienda,13.6,126.89
2678,6520,C,17,97.29,2023-12-26,Norte,Tienda,3.7,29.45
2679,1158,C,1,208.83,2023-01-14,Sur,Distribuidor,11.3,117.57
2680,2121,E,16,62.11,2023-01-11,Oeste,Tienda,4.1,39.57
2681,8254,C,3,296.09,2023-11-28,Centro,Online,1.0,195.79
2682,1838,B,12,88.96,2023-05-10,Este,Tienda,7.9,53.4
2683,1134,D,13,335.81,2024-01-10,Este,Tienda,5.1,231.57
2684,9917,C,15,308.19,2023-07-17,Centro,Tienda,1.1,120.65
2685,3640,B,7,43.08,2023-11-04,Sur,Tienda,3.9,16.93
2686,2199,B,16,447.84,2024-02-03,Sur,Online,5.5,243.56
2687,6578,B,15,124.89,2024-01-31,Oeste,Online,11.0,79.28
2688,1707,E,7,448.28,2023-02-18,Oeste,Mayorista,13.4,164.32
2689,7245,A,6,429.31,2023-10-06,Oeste,Online,10.1,279.49
2690,3830,A,16,201.02,2023-01-07,Sur,Mayorista,12.3,113.51
2691,151,D,8,218.59,2023-12-09,Oeste,Distribuidor,5.5,71.22
2692,2392,C,15,244.65,2024-01-22,Sur,Online,8.7,169.91
2693,3329,C,10,319.89,2023-08-11,Este,Mayorista,1.6,171.03
2694,73,E,11,20.44,2023-01-01,Sur,Online,3.8,6.23
2695,774,E,4,294.22,2023-04-25,Este,Online,5.8,201.67
2696,6054,A,6,194.93,2023-10-31,Norte,Distribuidor,6.4,82.87
2697,870,E,9,466.33,2023-05-19,Norte,Distribuidor,14.4,296.27
2698,4939,A,11,159.09,2023-06-19,Oeste,Tienda,7.3,84.48
2699,3799,B,0,491.34,2023-09-27,Centro,Online,14.1,202.0
2700,2075,C,8,456.37,2023-06-19,Este,Tienda,7.1,290.48
2701,2809,B,16,409.8,2023-10-06,Norte,Online,10.7,281.62
2702,4487,A,1,137.66,2023-02-03,Norte,Mayorista,6.5,95.91
2703,9455,E,15,466.62,2023-01-26,Sur,Distribuidor,12.5,308.7
2704,9982,B,9,191.43,2023-12-09,Sur,Tienda,12.4,102.02
2705,8576,E,5,305.42,2023-08-10,Centro,Distribuidor,8.8,147.07
2706,9515,E,9,120.81,2023-06-13,Centro,Distribuidor,14.5,45.31
2707,5913,B,4,239.48,2024-01-07,Norte,Mayorista,1.9,164.14
2708,6598,E,14,21.5,2023-05-27,Centro,Tienda,4.7,9.19
2709,1959,A,1,497.59,2024-01-18,Este,Mayorista,4.6,220.89
2710,2943,D,11,134.25,2023-05-01,Oeste,Mayorista,7.7,42.31
2711,935,B,0,77.61,2023-03-28,Centro,Distribuidor,12.8,46.9
2712,7239,D,18,473.9,2024-01-01,Norte,Distribuidor,7.9,307.89
2713,3844,C,4,399.64,2023-12-07,Norte,Tienda,11.8,235.02
2714,5911,B,5,228.92,2023-03-16,Sur,Online,10.5,105.47
2715,606,C,11,49.6,2023-03-15,Oeste,Online,2.5,33.01
2716,10060,A,20,289.38,2023-03-11,Este,Online,3.1,150.75
2717,10174,D,1,325.88,2023-02-10,Centro,Mayorista,11.6,150.62
2718,7927,C,16,76.12,2023-09-03,Sur,Tienda,2.0,51.35
2719,3441,C,18,332.28,2023-10-13,Este,Distribuidor,10.5,110.25
2720,6455,E,6,238.04,2024-01-07,Norte,Online,1.8,142.6
2721,651,B,6,60.71,2023-09-06,Este,Tienda,13.6,37.7
2722,1915,D,9,221.31,2023-05-18,Sur,Mayorista,1.3,113.38
2723,5906,D,14,434.87,2023-12-12,Este,Tienda,5.6,141.04
2724,1586,C,8,258.25,2023-11-08,Centro,Online,1.3,108.76
2725,5980,B,13,46.8,2023-09-19,Oeste,Tienda,8.3,25.46
2726,8990,B,0,178.28,2023-02-01,Sur,Online,14.7,69.31
2727,5287,C,19,168.35,2023-04-11,Centro,Distribuidor,2.7,102.31
2728,5317,A,0,408.99,2023-11-22,Oeste,Mayorista,12.7,123.06
2729,2843,E,11,426.92,2023-09-09,Sur,Distribuidor,7.0,136.16
2730,1418,A,0,26.14,2024-01-16,Norte,Online,9.5,7.89
2731,2225,B,5,85.3,2023-07-01,Este,Online,3.0,42.44
2732,4251,C,13,162.72,2023-07-24,Norte,Online,5.9,94.69
2733,1636,D,2,427.72,2023-04-23,Centro,Online,3.8,228.19
2734,6271,B,5,460.25,2023-11-14,Oeste,Online,4.2,312.4
2735,4303,A,13,112.8,2023-11-02,Centro,Distribuidor,10.5,69.73
2736,9542,A,2,99.18,2023-06-29,Norte,Mayorista,9.4,59.17
2737,1143,E,1,315.67,2023-02-09,Oeste,Mayorista,3.0,203.23
2738,9422,C,17,354.31,2024-01-10,Norte,Mayorista,9.7,134.8
2739,2538,B,19,35.67,2023-10-13,Sur,Mayorista,3.6,12.85
2740,4508,A,10,321.53,2023-12-27,Norte,Mayorista,14.3,118.37
2741,8724,D,1,480.92,2023-05-15,Centro,Distribuidor,1.8,264.66
2742,7322,E,18,330.72,2023-04-19,Sur,Mayorista,6.0,181.48
2743,6558,B,19,345.59,2023-09-25,Centro,Distribuidor,3.0,176.69
2744,9217,A,16,290.81,2023-02-22,Sur,Distribuidor,5.7,171.22
2745,3157,C,1,416.69,2023-06-09,Oeste,Distribuidor,4.2,275.67
2746,2766,C,19,371.02,2023-06-07,Sur,Online,12.6,124.72
2747,8430,C,4,446.14,2023-07-06,Norte,Online,5.6,274.99
2748,9733,E,20,37.47,2023-04-04,Oeste,Online,9.1,24.17
2749,1843,A,19,123.38,2023-10-13,Oeste,Distribuidor,0.3,85.74
2750,9604,D,2,204.15,2023-07-02,Norte,Tienda,10.7,83.71
2751,977,B,0,151.44,2023-06-09,Norte,Distribuidor,6.3,85.71
2752,10108,D,6,246.63,2023-09-02,Oeste,Online,7.8,103.35
2753,4289,C,0,235.52,2023-03-19,Norte,Distribuidor,12.0,138.58
2754,8088,B,13,372.82,2023-07-06,Centro,Mayorista,3.7,216.62
2755,1245,D,4,398.84,2023-11-06,Este,Tienda,4.9,224.63
2756,4120,E,3,407.23,2023-08-30,Norte,Mayorista,11.3,223.31
2757,2657,D,2,453.11,2023-03-13,Este,Online,2.6,168.71
2758,143,C,16,354.68,2023-11-21,Norte,Distribuidor,4.4,134.64
2759,3981,D,2,136.17,2023-03-13,Sur,Online,4.8,81.93
2760,8354,A,9,252.34,2023-03-13,Centro,Tienda,14.2,96.97
2761,2488,B,0,241.88,2023-10-28,Sur,Tienda,8.4,168.05
2762,6730,A,16,400.93,2023-07-18,Este,Online,13.6,202.38
2763,5435,E,4,371.44,2023-10-25,Centro,Distribuidor,6.1,146.5
2764,1844,C,0,260.83,2023-09-18,Sur,Tienda,9.2,119.01
2765,475,D,9,393.86,2023-04-13,Este,Tienda,7.5,154.81
2766,1791,C,17,276.03,2023-11-15,Sur,Distribuidor,6.9,109.3
2767,5757,A,8,299.55,2023-10-19,Este,Online,15.0,187.9
2768,2779,B,20,324.26,2023-04-11,Este,Tienda,5.9,194.66
2769,4756,B,7,432.64,2024-01-10,Centro,Tienda,2.4,285.87
2770,8176,D,5,375.16,2023-10-06,Norte,Distribuidor,5.7,225.67
2771,9043,D,20,185.65,2023-09-05,Centro,Distribuidor,7.7,68.37
2772,8197,A,10,181.57,2023-03-17,Oeste,Tienda,11.1,61.96
2773,3339,B,12,213.43,2024-01-06,Oeste,Tienda,11.8,119.92
2774,5251,D,11,171.72,2023-12-30,Este,Tienda,5.0,94.45
2775,4560,E,7,92.08,2023-08-03,Norte,Mayorista,4.7,50.01
2776,2048,E,20,116.25,2023-03-29,Sur,Mayorista,11.6,37.86
2777,553,A,0,46.95,2023-12-10,Norte,Tienda,5.2,26.56
2778,5046,A,17,367.94,2023-08-03,Este,Mayorista,7.6,216.22
2779,573,A,16,326.16,2023-01-18,Oeste,Online,13.6,144.36
2780,9486,D,4,247.94,2023-04-08,Este,Mayorista,5.4,115.67
2781,9040,D,15,83.52,2023-10-13,Sur,Mayorista,14.0,53.68
2782,5850,B,4,296.66,2023-01-25,Este,Tienda,1.8,99.18
2783,356,D,4,16.1,2023-09-23,Este,Distribuidor,7.1,10.48
2784,7095,B,18,371.84,2023-01-25,Sur,Distribuidor,6.0,176.93
2785,5594,D,11,176.85,2023-11-15,Este,Online,1.6,101.47
2786,3104,D,12,426.5,2023-02-17,Norte,Distribuidor,2.5,189.07
2787,5494,B,19,93.58,2024-01-26,Centro,Distribuidor,2.5,61.19
2788,1334,E,20,270.5,2023-04-13,Oeste,Mayorista,9.1,108.17
2789,10249,D,4,229.75,2023-07-01,Norte,Online,1.2,148.62
2790,5360,B,12,262.47,2023-01-12,Oeste,Tienda,14.6,168.39
2791,9369,D,15,456.51,2023-12-09,Centro,Mayorista,4.5,252.83
2792,7275,B,11,294.75,2023-11-11,Sur,Mayorista,1.3,110.2
2793,3577,D,9,440.42,2023-12-21,Sur,Mayorista,0.7,233.14
2794,7476,D,0,346.11,2024-01-24,Este,Distribuidor,4.6,202.37
2795,6072,D,7,355.5,2023-06-11,Norte,Tienda,13.5,211.33
2796,2,A,15,164.84,2023-05-23,Oeste,Distribuidor,10.0,109.79
2797,2173,E,5,119.92,2023-08-29,Sur,Mayorista,7.3,75.91
2798,8498,B,8,182.1,2023-11-16,Oeste,Mayorista,3.2,111.87
2799,9498,E,1,329.11,2023-06-10,Este,Distribuidor,1.2,189.5
2800,4160,D,3,440.1,2023-09-27,Oeste,Distribuidor,4.2,180.93
2801,9259,C,3,311.66,2023-02-22,Oeste,Tienda,0.3,94.96
2802,4656,E,11,474.46,2023-04-27,Este,Tienda,0.0,221.44
2803,7720,D,14,21.54,2023-01-13,Sur,Mayorista,11.4,9.62
2804,319,B,14,20.6,2023-05-24,Norte,Mayorista,2.3,8.46
2805,2521,E,4,371.5,2023-03-04,Sur,Online,14.4,201.96
2806,4849,A,16,124.3,2023-03-03,Centro,Tienda,8.1,61.73
2807,5764,C,14,386.49,2023-02-24,Sur,Distribuidor,0.3,259.49
2808,6941,C,14,318.12,2023-06-25,Centro,Distribuidor,1.1,161.87
2809,10409,B,8,331.65,2024-01-23,Norte,Distribuidor,2.3,211.07
2810,8783,B,16,269.69,2023-12-08,Norte,Online,11.3,96.35
2811,3195,C,13,390.2,2023-06-12,Sur,Online,0.3,146.63
2812,8820,A,16,147.11,2023-04-30,Norte,Online,14.3,50.16
2813,7636,A,12,389.4,2023-11-05,Este,Mayorista,6.2,140.4
2814,9790,C,9,12.46,2023-02-24,Centro,Mayorista,10.3,5.95
2815,1270,C,6,107.67,2023-02-04,Este,Distribuidor,3.7,44.82
2816,7554,C,17,202.86,2023-10-02,Centro,Mayorista,13.3,123.39
2817,7506,D,0,207.49,2023-10-18,Sur,Mayorista,11.7,135.05
2818,7937,B,0,109.9,2023-02-25,Centro,Distribuidor,5.9,38.28
2819,4256,C,13,104.2,2024-01-04,Norte,Distribuidor,2.4,59.28
2820,5900,C,9,184.41,2023-10-11,Centro,Mayorista,0.3,95.35
2821,9590,E,0,294.68,2023-02-17,Norte,Tienda,0.8,133.01
2822,9549,A,0,341.85,2023-11-05,Centro,Tienda,6.7,134.42
2823,4459,B,17,282.68,2023-06-06,Norte,Online,9.0,132.68
2824,15,A,15,229.05,2023-09-30,Oeste,Online,12.2,123.22
2825,782,A,10,98.8,2023-12-13,Este,Online,10.0,36.42
2826,4132,C,18,453.85,2023-11-18,Sur,Distribuidor,4.4,163.17
2827,8035,B,16,248.41,2023-01-05,Este,Online,1.6,106.44
2828,8326,B,6,84.31,2023-03-28,Norte,Online,10.8,26.52
2829,9727,E,12,113.11,2024-02-01,Sur,Online,6.0,77.61
2830,4046,A,3,175.04,2023-11-02,Este,Online,6.2,72.31
2831,5368,D,18,197.11,2023-10-13,Centro,Online,3.7,85.88
2832,3431,C,17,481.5,2023-05-30,Este,Distribuidor,9.0,202.02
2833,8611,B,12,104.41,2023-05-26,Oeste,Tienda,12.2,49.31
2834,8636,D,15,33.93,2023-02-14,Norte,Distribuidor,14.8,15.5
2835,4266,A,11,24.64,2023-01-27,Sur,Online,5.5,14.53
2836,1366,D,1,152.89,2023-08-21,Norte,Mayorista,12.8,50.84
2837,371,C,7,162.29,2024-01-16,Norte,Online,6.6,81.6
2838,4276,D,18,446.19,2023-12-25,Centro,Online,11.8,242.94
2839,961,A,17,360.73,2023-08-14,Oeste,Mayorista,13.3,181.4
2840,5301,E,20,306.75,2023-02-13,Centro,Online,7.7,174.89
2841,2441,D,14,63.3,2023-10-28,Oeste,Tienda,14.1,24.74
2842,8705,D,8,435.61,2023-09-26,Oeste,Online,6.1,204.22
2843,1375,C,3,362.05,2023-11-30,Norte,Tienda,8.0,111.73
2844,212,E,1,122.37,2023-01-07,Oeste,Distribuidor,1.0,78.07
2845,4179,D,14,15.73,2023-08-20,Norte,Online,4.5,8.85
2846,337,D,4,21.88,2023-04-08,Oeste,Mayorista,10.1,13.48
2847,6147,A,11,80.07,2023-11-25,Oeste,Mayorista,6.9,29.4
2848,9233,B,18,276.09,2024-01-14,Centro,Online,11.2,118.08
2849,3761,E,12,11.7,2023-05-11,Centro,Distribuidor,0.9,3.82
2850,9618,C,15,68.54,2023-03-03,Norte,Distribuidor,1.2,28.67
2851,411,B,9,437.32,2023-10-02,Oeste,Mayorista,12.7,201.98
2852,3300,A,3,453.23,2024-01-28,Norte,Tienda,7.0,205.87
2853,2987,B,2,222.84,2023-08-01,Norte,Mayorista,4.2,151.28
2854,8409,D,11,458.35,2023-11-05,Norte,Tienda,3.4,298.96
2855,4887,A,1,281.94,2023-05-05,Sur,Mayorista,9.6,108.28
2856,9407,D,20,98.53,2023-06-08,Sur,Online,1.4,43.83
2857,9545,C,2,253.0,2024-01-12,Oeste,Tienda,14.1,115.07
2858,7271,E,16,334.67,2023-06-24,Sur,Distribuidor,9.1,232.14
2859,975,E,7,198.12,2023-07-15,Centro,Online,3.9,65.33
2860,10429,E,5,423.74,2023-09-10,Norte,Online,1.0,242.48
2861,8440,A,10,407.59,2023-10-03,Este,Online,4.2,152.27
2862,1922,E,3,486.56,2024-01-10,Sur,Online,8.8,196.44
2863,5090,A,14,440.77,2023-11-27,Este,Mayorista,13.7,169.13
2864,1530,C,18,81.15,2023-12-01,Este,Online,2.1,46.94
2865,4785,B,19,355.56,2023-03-31,Norte,Distribuidor,7.7,199.27
2866,1800,A,10,409.43,2023-10-08,Centro,Mayorista,11.0,131.45
2867,8858,D,2,345.52,2023-11-18,Oeste,Online,3.7,209.44
2868,3505,C,7,203.92,2023-02-21,Norte,Distribuidor,3.3,91.68
2869,5200,C,6,405.79,2023-11-18,Sur,Mayorista,6.4,266.04
2870,9707,C,11,146.3,2023-12-10,Norte,Mayorista,6.3,69.9
2871,6018,D,6,162.98,2023-10-12,Norte,Tienda,7.8,112.14
2872,5344,A,0,49.36,2023-07-22,Sur,Mayorista,0.5,23.06
2873,1582,E,20,91.53,2023-10-21,Sur,Distribuidor,12.0,52.49
2874,3734,A,12,383.13,2023-10-06,Norte,Mayorista,6.6,186.47
2875,6662,B,4,471.46,2023-08-28,Centro,Mayorista,0.6,313.84
2876,482,D,9,322.27,2023-07-11,Este,Online,3.0,197.54
2877,3987,A,10,418.48,2023-02-23,Sur,Online,2.5,126.49
2878,828,B,3,394.85,2023-05-17,Centro,Online,4.2,217.95
2879,5811,B,4,344.43,2023-02-12,Sur,Tienda,11.3,154.41
2880,1696,A,17,26.62,2023-12-25,Centro,Mayorista,13.9,12.12
2881,6106,C,7,302.57,2023-07-22,Norte,Mayorista,13.0,93.72
2882,1601,B,11,154.14,2023-11-25,Centro,Distribuidor,0.2,79.28
2883,2559,C,15,404.57,2023-05-15,Oeste,Tienda,13.9,162.07
2884,5442,E,9,90.63,2023-11-13,Este,Distribuidor,6.0,35.5
2885,1981,D,1,192.28,2023-07-22,Centro,Mayorista,1.2,89.84
2886,9143,C,2,234.93,2023-03-06,Centro,Mayorista,0.8,146.58
2887,4011,C,10,379.71,2023-02-26,Oeste,Distribuidor,7.9,209.73
2888,3647,C,9,17.96,2023-07-18,Oeste,Mayorista,9.7,9.07
2889,1036,D,20,279.66,2023-05-05,Sur,Mayorista,11.4,107.29
2890,3258,C,17,162.74,2023-02-15,Norte,Online,13.5,65.74
2891,8393,D,3,462.2,2023-03-15,Oeste,Mayorista,2.6,310.92
2892,5567,A,13,216.67,2023-06-20,Centro,Online,2.2,151.59
2893,1055,D,8,290.26,2023-07-11,Oeste,Online,14.6,148.71
2894,6095,B,1,207.4,2024-01-31,Centro,Distribuidor,9.6,69.84
2895,10188,E,13,222.3,2023-02-17,Sur,Tienda,0.3,124.22
2896,8926,A,9,252.21,2023-03-31,Centro,Online,12.6,109.24
2897,294,A,7,25.91,2023-11-09,Norte,Mayorista,6.9,17.13
2898,9110,C,16,83.77,2023-03-14,Sur,Tienda,7.7,46.6
2899,5826,D,1,67.43,2023-09-13,Este,Distribuidor,0.7,29.76
2900,6665,E,15,447.48,2023-02-17,Norte,Distribuidor,15.0,143.75
2901,9962,B,14,221.73,2023-03-30,Centro,Mayorista,5.6,135.23
2902,7565,C,15,296.85,2023-10-12,Este,Tienda,7.8,108.63
2903,2953,E,2,264.39,2023-09-28,Sur,Distribuidor,2.2,161.99
2904,107,D,15,191.83,2023-09-18,Sur,Distribuidor,7.1,97.7
2905,5037,D,19,56.76,2023-09-14,Oeste,Tienda,3.9,28.99
2906,8028,B,19,258.01,2023-06-17,Centro,Distribuidor,13.3,148.73
2907,4858,C,19,65.27,2023-05-28,Norte,Mayorista,7.1,31.99
2908,2791,D,12,205.13,2023-03-31,Centro,Online,5.4,96.66
2909,5703,A,10,169.47,2023-05-15,Oeste,Mayorista,9.1,85.11
2910,1068,E,1,137.96,2023-11-01,Este,Online,2.4,71.27
2911,3884,C,20,57.44,2023-12-18,Sur,Tienda,4.9,28.98
2912,6236,C,11,384.21,2023-10-06,Sur,Online,10.0,201.59
2913,6967,A,19,252.22,2023-09-10,Este,Online,5.5,83.98
2914,6983,D,10,313.88,2023-07-13,Oeste,Tienda,12.5,191.7
2915,5972,C,4,433.94,2023-12-11,Norte,Distribuidor,10.5,219.92
2916,1771,E,7,478.73,2023-04-28,Este,Distribuidor,3.9,270.92
2917,5965,A,1,410.62,2023-06-02,Este,Tienda,8.1,181.99
2918,918,A,13,9.8,2023-04-10,Norte,Distribuidor,14.2,5.51
2919,9755,D,7,262.07,2023-04-30,Este,Distribuidor,1.2,154.13
2920,5242,E,15,274.95,2023-04-09,Este,Tienda,13.5,110.73
2921,6448,E,7,304.32,2023-12-30,Este,Tienda,3.0,212.42
2922,270,A,15,224.01,2023-04-28,Sur,Tienda,11.5,75.04
2923,1086,D,4,60.51,2023-11-20,Norte,Distribuidor,10.4,36.99
2924,8641,D,2,87.73,2023-11-14,Oeste,Distribuidor,4.1,59.18
2925,6543,D,10,252.41,2023-06-02,Sur,Tienda,5.2,141.08
2926,8734,A,0,23.61,2023-02-02,Centro,Online,6.3,7.12
2927,6544,A,3,96.62,2023-11-11,Centro,Tienda,11.9,61.17
2928,9144,E,0,242.62,2023-01-21,Centro,Tienda,12.0,88.63
2929,2453,D,20,475.89,2023-04-25,Este,Mayorista,6.0,207.27
2930,10400,D,1,314.52,2023-10-31,Este,Online,9.7,200.96
2931,2317,A,5,67.26,2023-04-27,Centro,Mayorista,11.7,20.88
2932,6774,C,7,451.24,2023-10-18,Sur,Online,5.5,302.99
2933,8351,D,6,391.78,2023-01-21,Norte,Mayorista,6.8,244.84
2934,5015,D,20,158.88,2023-08-05,Sur,Tienda,4.3,68.36
2935,9237,E,20,259.72,2023-12-24,Este,Distribuidor,9.7,122.21
2936,9381,A,13,347.7,2023-09-10,Este,Distribuidor,8.3,128.05
2937,10430,C,2,202.75,2023-12-09,Norte,Mayorista,4.9,63.22
2938,1410,D,10,319.27,2023-01-08,Norte,Mayorista,10.1,205.66
2939,7949,B,20,489.34,2023-08-23,Este,Tienda,1.5,180.15
2940,10253,B,2,213.31,2023-03-03,Centro,Online,9.2,92.09
2941,588,A,0,49.77,2023-08-07,Norte,Mayorista,12.3,20.85
2942,2776,C,7,177.01,2024-01-20,Sur,Mayorista,3.6,54.08
2943,4926,C,12,81.88,2023-11-16,Centro,Mayorista,9.8,33.74
2944,4503,E,0,6.8,2023-10-25,Este,Online,9.8,3.45
2945,1890,E,9,324.14,2024-01-31,Oeste,Online,14.9,162.67
2946,9968,D,15,349.84,2023-03-12,Este,Tienda,15.0,232.41
2947,3749,E,20,100.74,2023-06-21,Sur,Mayorista,12.3,69.88
2948,556,B,12,93.29,2023-11-02,Centro,Distribuidor,4.3,36.16
2949,4827,D,19,132.74,2023-01-07,Oeste,Mayorista,13.0,55.24
2950,3123,B,5,269.01,2023-05-04,Este,Tienda,8.5,128.68
2951,8231,C,18,489.37,2023-09-06,Este,Online,14.8,175.04
2952,8145,B,17,266.76,2023-08-14,Este,Distribuidor,5.6,173.78
2953,7632,A,2,289.69,2023-07-02,Norte,Online,1.6,137.54
2954,2588,B,19,292.69,2023-04-15,Centro,Distribuidor,11.1,113.19
2955,5867,B,5,254.64,2023-07-16,Sur,Distribuidor,2.3,110.12
2956,8236,E,20,147.31,2023-10-06,Norte,Tienda,12.3,59.39
2957,6102,D,16,246.09,2023-04-25,Centro,Distribuidor,14.1,125.6
2958,6014,C,14,28.97,2023-06-10,Norte,Tienda,5.0,12.09
2959,1219,A,14,485.96,2023-01-10,Norte,Tienda,11.4,146.01
2960,857,D,4,126.47,2023-06-16,Norte,Distribuidor,9.5,64.75
2961,3635,C,19,68.79,2023-10-09,Oeste,Online,6.4,41.49
2962,613,B,1,360.24,2023-11-08,Centro,Mayorista,10.8,208.86
2963,5879,E,5,367.81,2023-02-06,Este,Distribuidor,9.4,178.84
2964,2745,A,15,420.53,2023-02-12,Centro,Tienda,3.1,219.96
2965,2051,E,4,61.09,2023-05-06,Oeste,Tienda,6.5,27.61
2966,8829,C,8,493.09,2023-10-07,Oeste,Mayorista,9.1,165.09
2967,3170,B,4,102.86,2023-01-15,Oeste,Online,4.2,59.96
2968,505,D,5,234.49,2023-05-26,Sur,Mayorista,12.6,134.01
2969,6302,E,4,287.48,2023-09-08,Este,Online,13.4,174.32
2970,2243,C,1,435.88,2023-01-09,Sur,Mayorista,0.8,232.48
2971,85,B,17,179.74,2023-12-30,Este,Mayorista,0.9,115.43
2972,7403,A,11,406.32,2023-11-08,Sur,Distribuidor,13.7,214.26
2973,5620,B,20,350.22,2023-08-07,Norte,Distribuidor,5.6,156.41
2974,4186,B,17,48.0,2023-12-30,Sur,Distribuidor,0.5,17.14
2975,3567,A,20,217.49,2023-04-21,Centro,Online,3.1,146.26
2976,9611,C,14,342.12,2023-12-13,Este,Mayorista,1.4,220.21
2977,2631,A,13,77.5,2023-08-19,Centro,Distribuidor,6.4,52.56
2978,6609,B,20,148.87,2024-01-26,Norte,Distribuidor,0.6,73.79
2979,3789,E,11,469.44,2023-11-10,Sur,Online,13.6,157.36
2980,8965,C,16,312.18,2023-03-01,Norte,Distribuidor,11.0,214.95
2981,46,B,4,176.85,2023-02-08,Norte,Online,5.7,62.97
2982,7374,E,16,138.95,2023-05-24,Oeste,Distribuidor,10.6,58.66
2983,5333,D,11,174.34,2023-06-10,Norte,Mayorista,3.5,61.22
2984,4536,C,20,253.13,2023-12-07,Norte,Mayorista,11.1,177.08
2985,1300,C,18,183.38,2023-08-19,Este,Tienda,10.3,86.05
2986,6078,C,5,111.71,2023-06-03,Sur,Online,11.4,58.61
2987,3739,A,13,354.43,2023-03-29,Centro,Distribuidor,9.7,205.78
2988,4742,C,0,388.52,2023-08-22,Centro,Distribuidor,10.4,252.02
2989,9086,B,6,227.57,2024-01-24,Este,Online,0.5,115.58
2990,9919,A,2,229.84,2023-01-27,Centro,Distribuidor,12.5,158.39
2991,635,D,16,85.95,2023-08-06,Este,Online,5.5,49.95
2992,9106,E,18,42.93,2023-07-01,Oeste,Tienda,9.9,15.6
2993,4352,E,17,262.64,2023-03-26,Sur,Mayorista,5.2,149.12
2994,1668,B,18,19.44,2023-05-10,Oeste,Distribuidor,6.6,6.21
2995,8862,E,8,470.8,2023-12-06,Norte,Tienda,2.6,232.47
2996,2103,D,8,424.93,2023-01-08,Norte,Tienda,11.3,142.62
2997,7130,B,13,461.74,2023-11-20,Norte,Tienda,0.4,306.0
2998,8351,C,11,137.43,2023-08-22,Centro,Online,12.9,78.92
2999,3675,A,16,417.56,2023-03-17,Este,Tienda,1.6,173.05
3000,6651,C,12,196.14,2023-10-08,Este,Distribuidor,1.3,84.87
3001,1741,C,9,18.49,2023-03-28,Centro,Distribuidor,9.8,6.3
3002,3324,B,8,370.87,2023-12-11,Norte,Tienda,2.8,238.13
3003,5312,B,18,8.51,2023-02-07,Norte,Distribuidor,10.7,5.6
3004,7895,E,11,116.72,2023-11-12,Oeste,Tienda,13.2,57.3
3005,2565,D,13,432.24,2023-05-28,Norte,Tienda,12.1,297.72
3006,5251,C,6,284.07,2023-07-04,Este,Distribuidor,9.2,138.98
3007,8751,E,0,451.77,2023-11-02,Sur,Distribuidor,2.3,239.52
3008,7030,E,17,57.84,2023-10-15,Sur,Distribuidor,10.0,17.75
3009,5012,A,3,279.07,2023-03-28,Oeste,Tienda,11.3,110.39
3010,4535,D,11,359.16,2023-07-23,Norte,Tienda,5.4,127.86
3011,8170,C,15,90.68,2023-06-08,Sur,Mayorista,4.6,44.69
3012,918,D,5,63.91,2023-12-03,Norte,Distribuidor,4.5,29.01
3013,10175,E,16,111.87,2023-04-07,Centro,Distribuidor,10.8,67.37
3014,7333,D,12,301.55,2023-06-15,Centro,Tienda,4.2,121.69
3015,279,B,7,429.05,2023-12-30,Sur,Tienda,2.2,237.6
3016,9279,B,8,492.1,2023-09-08,Este,Online,13.5,212.25
3017,9246,D,19,55.91,2023-06-14,Este,Mayorista,13.4,28.9
3018,7904,B,14,472.18,2023-01-12,Este,Tienda,6.5,293.87
3019,3282,B,8,306.56,2023-05-17,Norte,Mayorista,14.0,127.49
3020,9617,D,0,433.9,2023-01-11,Oeste,Distribuidor,0.2,221.36
3021,8100,C,4,493.65,2023-01-16,Centro,Online,8.4,334.46
3022,3533,A,1,318.19,2023-12-11,Centro,Online,7.0,124.89
3023,5277,B,19,80.83,2023-06-12,Oeste,Tienda,12.4,47.31
3024,6558,A,5,340.43,2023-10-05,Sur,Mayorista,7.3,216.82
3025,5898,A,7,228.98,2023-09-03,Este,Online,11.9,89.47
3026,7288,E,12,271.82,2023-01-22,Sur,Distribuidor,1.7,174.62
3027,4605,E,13,123.69,2023-03-26,Sur,Online,14.5,57.48
3028,1211,A,14,295.23,2023-09-01,Centro,Online,0.2,170.31
3029,462,C,12,316.37,2023-05-09,Norte,Mayorista,8.3,146.07
3030,9497,C,15,470.83,2023-09-24,Sur,Distribuidor,4.8,262.52
3031,3422,A,6,458.12,2023-10-07,Sur,Tienda,11.2,161.21
3032,1421,B,15,166.69,2023-11-23,Sur,Tienda,8.0,63.95
3033,6725,B,12,459.11,2023-03-14,Centro,Distribuidor,8.8,224.5
3034,1425,E,0,486.37,2023-09-16,Sur,Tienda,13.1,247.2
3035,1832,B,2,206.18,2023-05-08,Oeste,Online,8.4,118.47
3036,6051,A,20,241.86,2023-02-22,Este,Distribuidor,7.1,127.63
3037,5708,B,13,83.96,2023-12-27,Norte,Online,10.1,38.84
3038,6896,B,1,309.16,2023-03-12,Oeste,Online,8.4,183.32
3039,9260,D,13,380.45,2023-04-02,Centro,Tienda,8.7,145.08
3040,4617,E,5,38.29,2023-04-18,Centro,Tienda,9.9,16.77
3041,6193,A,10,245.35,2023-12-16,Centro,Online,2.0,158.51
3042,4495,A,7,249.48,2023-02-18,Centro,Online,3.9,141.98
3043,7315,E,16,143.43,2023-04-01,Este,Tienda,13.0,99.18
3044,10499,D,11,412.56,2023-08-28,Sur,Tienda,7.1,266.24
3045,1034,A,18,403.57,2023-02-25,Este,Distribuidor,3.3,165.73
3046,2290,A,5,236.51,2023-09-22,Centro,Mayorista,8.1,71.93
3047,423,A,11,329.99,2023-08-26,Este,Distribuidor,2.0,101.55
3048,6673,D,13,270.52,2023-05-06,Oeste,Mayorista,3.6,138.96
3049,4356,B,11,36.58,2023-05-08,Este,Online,14.7,25.17
3050,1012,A,18,437.45,2023-02-05,Oeste,Distribuidor,5.5,149.7
3051,1147,D,15,234.23,2024-01-22,Sur,Online,10.1,89.86
3052,7053,C,13,199.53,2023-08-13,Centro,Mayorista,9.5,132.4
3053,128,A,11,112.58,2023-05-17,Oeste,Tienda,10.5,71.39
3054,5256,D,14,347.25,2023-06-28,Norte,Distribuidor,0.5,109.31
3055,5927,C,16,438.98,2023-07-29,Centro,Online,12.4,263.57
3056,10193,B,7,322.29,2023-03-30,Centro,Tienda,9.1,224.06
3057,10395,D,15,171.49,2023-05-01,Este,Online,13.0,92.48
3058,8156,D,7,39.34,2023-04-23,Norte,Distribuidor,1.8,15.32
3059,7289,A,14,359.03,2023-07-22,Norte,Distribuidor,13.0,212.21
3060,10498,A,14,44.83,2023-07-30,Oeste,Online,4.0,15.02
3061,5404,D,10,426.97,2023-09-07,Sur,Mayorista,1.9,205.03
3062,4486,D,20,70.2,2024-01-20,Centro,Mayorista,2.7,34.04
3063,7510,B,2,466.08,2023-08-13,Este,Distribuidor,12.2,243.69
3064,6858,C,3,413.35,2023-04-24,Oeste,Mayorista,14.0,218.97
3065,3788,D,2,422.62,2023-06-11,Centro,Tienda,13.2,213.5
3066,7823,A,0,346.39,2023-03-21,Este,Tienda,13.9,180.93
3067,2804,A,12,281.17,2023-03-27,Este,Online,3.5,117.12
3068,1875,B,5,479.66,2023-01-18,Norte,Online,8.4,157.6
3069,408,B,18,317.93,2023-03-18,Centro,Online,6.9,189.67
3070,9781,B,15,366.72,2023-08-03,Sur,Online,2.2,138.74
3071,3635,A,1,334.17,2023-03-20,Sur,Online,8.1,143.4
3072,1965,A,0,75.02,2023-07-19,Sur,Online,4.1,37.01
3073,4970,A,12,372.48,2023-01-12,Oeste,Mayorista,12.0,199.95
3074,8390,C,5,254.35,2023-08-21,Oeste,Tienda,9.5,174.51
3075,9698,D,5,12.73,2023-07-25,Centro,Tienda,12.4,8.0
3076,5166,B,17,28.2,2023-01-09,Sur,Distribuidor,10.8,19.7
3077,2170,E,5,231.31,2023-09-09,Sur,Mayorista,3.2,118.04
3078,8025,D,7,148.34,2023-05-17,Norte,Tienda,11.2,67.32
3079,4369,E,1,377.94,2023-06-26,Oeste,Mayorista,3.0,211.38
3080,6740,E,10,395.86,2023-04-27,Norte,Online,14.8,200.85
3081,8713,D,5,445.22,2023-11-08,Norte,Distribuidor,9.5,189.9
3082,4986,C,7,171.88,2023-12-10,Centro,Mayorista,4.1,66.5
3083,2223,A,12,120.5,2023-08-02,Sur,Mayorista,2.7,37.7
3084,9046,B,14,38.47,2023-12-17,Sur,Mayorista,9.2,16.67
3085,247,C,4,129.64,2023-03-16,Norte,Mayorista,2.5,74.29
3086,3306,E,16,261.58,2023-01-07,Oeste,Distribuidor,10.9,104.49
3087,10361,D,15,348.08,2023-04-27,Centro,Mayorista,4.4,110.25
3088,2805,B,0,409.25,2023-12-29,Oeste,Distribuidor,8.4,213.95
3089,6858,B,3,294.56,2023-09-02,Norte,Mayorista,7.3,172.21
3090,7913,B,0,99.34,2023-09-23,Sur,Tienda,0.8,56.43
3091,3571,A,2,295.86,2023-02-01,Centro,Tienda,0.8,201.21
3092,9161,A,3,443.65,2023-04-12,Centro,Distribuidor,7.7,192.41
3093,4757,E,16,57.03,2023-03-24,Oeste,Mayorista,4.3,18.37
3094,1287,B,12,437.03,2024-01-12,Este,Online,8.9,292.36
3095,6007,E,7,187.31,2023-09-04,Norte,Distribuidor,14.3,62.88
3096,4958,A,5,83.67,2023-07-04,Centro,Online,14.2,48.82
3097,3716,E,11,237.41,2023-09-04,Este,Mayorista,3.8,129.15
3098,3514,C,4,94.88,2023-07-20,Oeste,Tienda,4.7,35.35
3099,4200,B,4,257.78,2023-01-13,Centro,Tienda,0.2,154.24
3100,3667,A,3,392.14,2023-02-04,Oeste,Tienda,9.1,231.73
3101,7058,C,1,232.28,2024-01-04,Sur,Tienda,2.4,79.84
3102,10093,A,11,111.61,2023-09-15,Norte,Mayorista,4.0,41.29
3103,3614,C,15,388.39,2023-02-08,Este,Tienda,14.4,234.36
3104,2016,B,8,376.32,2023-12-17,Centro,Tienda,5.4,211.96
3105,7236,E,7,368.26,2024-01-12,Centro,Tienda,4.9,178.87
3106,10412,C,3,291.46,2023-12-04,Este,Distribuidor,2.2,170.91
3107,6339,A,20,277.31,2023-09-25,Norte,Distribuidor,1.9,144.79
3108,6356,D,6,61.97,2023-03-14,Este,Online,9.5,35.04
3109,9425,B,20,46.9,2023-12-26,Centro,Mayorista,8.5,16.92
3110,5907,A,8,439.17,2023-06-21,Este,Mayorista,11.7,199.53
3111,2296,D,5,47.95,2023-01-11,Norte,Distribuidor,11.6,33.11
3112,2278,A,13,217.49,2023-01-22,Centro,Mayorista,4.5,106.3
3113,623,E,15,321.59,2023-09-18,Centro,Distribuidor,10.3,116.7
3114,6777,B,9,251.67,2023-04-29,Sur,Mayorista,12.3,153.39
3115,5248,E,17,380.37,2023-01-30,Este,Distribuidor,10.4,168.3
3116,5809,E,10,499.44,2023-01-16,Sur,Tienda,11.8,193.95
3117,5491,B,2,402.36,2023-02-07,Sur,Mayorista,12.7,131.44
3118,8296,C,15,170.32,2023-02-08,Oeste,Mayorista,3.5,106.33
3119,1043,D,5,305.19,2023-03-07,Norte,Distribuidor,11.6,200.37
3120,1713,B,14,152.78,2023-08-07,Este,Mayorista,2.8,102.07
3121,6952,A,0,369.99,2023-10-19,Este,Distribuidor,13.5,126.21
3122,6943,A,3,5.24,2023-09-06,Este,Mayorista,13.6,2.32
3123,10475,A,12,421.27,2023-11-27,Este,Tienda,13.9,187.24
3124,1820,E,20,50.73,2023-01-10,Sur,Tienda,6.0,17.57
3125,4843,C,1,241.82,2023-08-26,Centro,Distribuidor,14.4,78.42
3126,10269,A,6,233.49,2023-02-15,Centro,Mayorista,9.6,154.91
3127,7471,B,1,43.14,2023-08-03,Oeste,Distribuidor,13.8,13.1
3128,3438,E,15,80.21,2023-09-26,Centro,Tienda,11.4,42.8
3129,5516,D,1,217.2,2023-10-20,Este,Mayorista,9.7,127.48
3130,9310,B,10,406.56,2024-01-21,Este,Online,7.1,172.97
3131,965,D,3,305.86,2023-11-23,Norte,Mayorista,3.0,168.33
3132,6411,A,7,131.87,2023-07-15,Sur,Online,0.2,40.94
3133,4065,C,9,8.17,2024-02-02,Sur,Tienda,7.9,2.97
3134,5121,D,19,6.65,2023-09-20,Centro,Online,1.0,2.77
3135,6651,D,16,103.03,2023-09-11,Oeste,Mayorista,13.7,41.84
3136,1080,A,4,330.7,2023-11-01,Norte,Distribuidor,11.5,149.75
3137,2362,E,15,314.68,2023-10-27,Este,Online,13.6,146.35
3138,63,A,0,102.29,2024-01-22,Sur,Tienda,2.4,66.4
3139,5480,E,11,158.19,2023-06-09,Sur,Online,11.6,91.64
3140,1666,A,3,59.54,2023-06-21,Centro,Distribuidor,13.1,39.31
3141,1405,C,8,97.32,2023-03-19,Sur,Distribuidor,0.1,34.73
3142,6803,B,5,247.53,2023-11-02,Norte,Distribuidor,1.6,98.97
3143,3059,C,19,31.0,2023-06-19,Este,Tienda,9.3,12.77
3144,6175,E,20,359.49,2023-08-02,Centro,Tienda,4.2,115.81
3145,454,C,13,199.15,2023-07-23,Centro,Online,0.3,61.9
3146,10386,E,7,306.1,2023-12-12,Oeste,Mayorista,9.6,142.66
3147,7362,B,2,195.31,2023-05-17,Sur,Online,3.5,134.23
3148,4427,C,0,121.5,2023-09-01,Norte,Mayorista,2.6,42.92
3149,188,E,6,176.67,2023-07-02,Este,Tienda,4.4,114.68
3150,6968,A,20,498.31,2023-02-10,Sur,Mayorista,2.2,332.88
3151,6741,D,19,322.68,2023-03-30,Sur,Online,9.5,192.88
3152,6854,B,2,75.54,2023-08-28,Oeste,Online,7.1,52.66
3153,9851,C,11,7.15,2023-11-04,Norte,Mayorista,9.9,2.74
3154,246,C,8,112.16,2023-07-29,Centro,Mayorista,3.2,74.7
3155,4623,B,16,468.43,2023-01-25,Centro,Distribuidor,11.6,261.55
3156,8231,D,4,41.84,2023-09-20,Centro,Tienda,13.4,13.69
3157,2941,E,19,77.75,2023-06-30,Norte,Tienda,12.7,36.38
3158,9935,B,9,379.71,2023-01-14,Este,Online,13.5,238.41
3159,613,D,10,213.88,2023-02-22,Sur,Distribuidor,5.3,81.91
3160,4729,E,20,255.45,2024-01-31,Norte,Tienda,2.9,121.33
3161,922,E,9,410.49,2023-05-31,Oeste,Mayorista,10.7,264.5
3162,2121,C,5,64.44,2023-05-15,Centro,Online,6.8,33.76
3163,9627,C,9,280.51,2023-08-23,Oeste,Online,2.5,131.95
3164,5838,D,9,430.63,2023-11-23,Norte,Distribuidor,10.3,149.12
3165,7003,E,20,407.69,2023-12-22,Centro,Mayorista,9.4,179.66
3166,750,A,7,134.8,2023-11-26,Centro,Distribuidor,4.5,43.47
3167,4049,E,20,470.21,2023-07-04,Centro,Tienda,7.2,141.34
3168,687,A,9,314.04,2023-08-28,Sur,Online,8.5,155.46
3169,5351,E,0,499.18,2023-01-04,Centro,Online,10.0,347.12
3170,8533,B,16,211.6,2023-12-08,Centro,Mayorista,8.6,136.86
3171,6285,D,12,311.37,2024-01-04,Oeste,Online,8.8,177.82
3172,9416,A,18,29.72,2023-09-14,Norte,Distribuidor,3.5,10.82
3173,1552,C,20,261.95,2023-03-05,Este,Tienda,9.2,151.07
3174,4550,D,16,449.81,2023-01-17,Oeste,Tienda,6.8,267.07
3175,5125,D,0,148.69,2023-11-23,Este,Distribuidor,7.5,70.02
3176,435,D,15,150.92,2023-12-24,Centro,Tienda,11.7,48.76
3177,10323,C,17,99.07,2023-10-23,Oeste,Distribuidor,14.0,52.65
3178,1482,A,5,128.73,2023-03-02,Oeste,Tienda,11.1,68.53
3179,4811,D,18,197.67,2023-02-24,Este,Distribuidor,8.7,95.36
3180,9269,E,16,103.38,2023-03-12,Oeste,Mayorista,7.9,40.36
3181,4053,E,4,367.09,2023-12-08,Este,Mayorista,9.5,202.93
3182,481,C,9,178.03,2023-04-29,Norte,Mayorista,2.0,61.16
3183,3947,D,13,410.84,2023-06-28,Norte,Mayorista,0.4,188.59
3184,4280,E,18,27.28,2023-02-16,Oeste,Distribuidor,13.6,17.2
3185,10463,D,5,112.8,2023-03-22,Norte,Tienda,0.3,64.1
3186,8844,C,19,171.76,2023-09-01,Sur,Tienda,12.6,77.01
3187,5262,E,3,334.02,2023-09-28,Sur,Distribuidor,10.5,128.78
3188,456,D,20,270.2,2023-03-14,Oeste,Tienda,14.1,133.07
3189,1454,A,4,67.08,2023-06-08,Este,Tienda,5.0,34.68
3190,2234,A,20,423.62,2023-08-30,Sur,Distribuidor,10.2,227.88
3191,10201,E,9,319.44,2023-12-21,Centro,Mayorista,12.9,176.26
3192,1973,E,19,358.07,2023-10-23,Sur,Distribuidor,6.4,235.15
3193,9440,D,20,118.03,2023-08-19,Este,Tienda,7.6,55.02
3194,6714,A,1,496.69,2023-03-26,Sur,Mayorista,11.3,329.83
3195,8041,E,9,17.32,2023-04-09,Este,Mayorista,3.2,6.01
3196,6371,E,19,34.3,2023-09-09,Oeste,Distribuidor,8.9,13.62
3197,6864,A,19,364.72,2023-11-04,Este,Online,0.7,233.06
3198,5050,C,7,191.23,2023-09-09,Oeste,Distribuidor,3.9,83.9
3199,4909,B,13,378.85,2023-11-17,Sur,Mayorista,10.2,255.09
3200,2015,B,2,308.12,2023-10-11,Norte,Online,8.7,129.86
3201,9426,A,4,132.95,2023-08-16,Este,Tienda,1.0,59.01
3202,7504,D,11,87.13,2023-06-10,Sur,Online,6.8,28.88
3203,2265,E,20,375.66,2023-01-10,Oeste,Mayorista,14.7,210.97
3204,9350,A,14,495.08,2023-09-20,Sur,Online,13.4,252.99
3205,8640,D,18,9.57,2023-05-01,Sur,Online,14.9,4.72
3206,10101,A,19,320.68,2023-12-17,Oeste,Online,3.0,222.78
3207,5540,E,17,484.76,2023-02-24,Este,Tienda,2.9,261.0
3208,9923,A,15,88.91,2023-12-27,Norte,Tienda,2.7,56.72
3209,9474,A,14,391.95,2023-05-18,Sur,Tienda,3.1,173.23
3210,6079,E,6,36.28,2023-09-20,Centro,Online,2.7,19.74
3211,9987,A,3,223.9,2023-07-09,Oeste,Mayorista,4.0,122.18
3212,1273,A,17,62.26,2023-11-12,Centro,Tienda,6.1,39.06
3213,150,E,17,363.43,2023-10-09,Centro,Tienda,10.7,131.61
3214,1825,A,15,153.29,2023-05-17,Sur,Mayorista,14.6,52.57
3215,1479,C,20,172.82,2023-01-15,Sur,Online,14.0,94.2
3216,6960,A,1,420.7,2023-08-24,Norte,Mayorista,4.7,129.03
3217,7020,D,15,438.43,2023-02-12,Centro,Distribuidor,8.8,203.49
3218,3263,D,14,34.46,2023-08-05,Sur,Distribuidor,0.8,19.61
3219,10205,C,15,77.13,2023-07-09,Sur,Distribuidor,9.0,46.42
3220,6578,E,13,310.92,2023-03-26,Oeste,Tienda,10.6,168.36
3221,9186,C,0,411.68,2023-03-02,Oeste,Mayorista,8.3,234.3
3222,3581,C,7,25.67,2023-01-27,Norte,Online,6.7,11.74
3223,554,C,16,93.95,2023-06-17,Norte,Online,8.3,65.3
3224,7193,A,2,389.96,2023-08-03,Centro,Distribuidor,2.9,128.59
3225,7670,B,14,127.57,2023-05-08,Norte,Tienda,13.9,44.4
3226,498,E,11,313.47,2023-08-26,Este,Tienda,3.7,107.71
3227,165,A,7,421.92,2023-10-06,Norte,Distribuidor,3.0,175.34
3228,1875,A,10,45.99,2023-03-10,Oeste,Online,14.3,28.56
3229,5415,B,14,325.29,2023-08-10,Norte,Mayorista,8.0,137.84
3230,3972,B,3,452.54,2023-09-12,Sur,Mayorista,8.4,280.42
3231,2402,E,9,148.6,2023-03-20,Sur,Tienda,12.9,74.87
3232,7339,B,5,193.45,2023-07-17,Sur,Online,8.6,89.75
3233,1728,A,10,392.04,2023-03-15,Este,Mayorista,14.1,257.19
3234,2895,E,12,171.64,2023-08-17,Norte,Tienda,5.9,108.35
3235,5734,B,15,427.47,2023-10-24,Centro,Online,0.6,187.3
3236,1532,E,5,123.46,2023-04-02,Centro,Tienda,2.7,41.17
3237,4648,D,20,119.81,2023-11-14,Este,Tienda,0.9,55.62
3238,4343,D,2,41.86,2023-01-18,Sur,Tienda,12.9,25.02
3239,1033,B,3,88.58,2023-07-01,Centro,Mayorista,11.8,43.97
3240,2504,C,14,122.03,2023-09-21,Este,Online,11.4,56.56
3241,8290,B,4,12.68,2023-06-22,Norte,Tienda,3.3,7.16
3242,7654,A,17,354.61,2023-04-21,Oeste,Mayorista,2.7,223.45
3243,4988,D,10,394.86,2023-01-12,Centro,Mayorista,2.0,137.8
3244,4356,C,0,204.74,2023-11-15,Centro,Online,6.1,70.46
3245,4886,D,15,415.85,2023-12-09,Norte,Mayorista,8.6,168.94
3246,4835,A,1,11.48,2023-04-29,Oeste,Tienda,12.5,4.85
3247,6076,C,10,229.96,2023-12-26,Este,Online,3.3,103.04
3248,8399,E,4,302.96,2023-06-11,Este,Tienda,5.3,135.09
3249,2409,A,3,143.77,2023-09-23,Oeste,Tienda,4.9,43.73
3250,10025,E,5,284.22,2023-12-17,Sur,Mayorista,6.1,104.35
3251,7384,E,9,83.99,2023-04-25,Este,Mayorista,11.9,49.26
3252,9706,D,5,161.78,2023-04-17,Este,Mayorista,12.2,102.09
3253,130,A,7,28.75,2023-11-08,Oeste,Online,8.9,12.98
3254,7488,E,5,388.78,2023-07-23,Oeste,Tienda,8.6,137.91
3255,8389,C,0,167.18,2023-01-22,Oeste,Online,0.8,92.87
3256,3588,A,3,400.16,2023-03-19,Sur,Tienda,1.6,226.18
3257,836,B,2,372.33,2023-03-13,Oeste,Online,3.7,191.89
3258,6715,D,18,259.86,2023-08-07,Oeste,Distribuidor,7.2,178.41
3259,4520,C,3,368.9,2023-12-17,Sur,Tienda,2.7,242.81
3260,1342,B,8,301.87,2023-12-24,Oeste,Tienda,13.7,141.21
3261,906,D,7,137.52,2023-12-26,Este,Mayorista,3.9,82.58
3262,6239,C,8,377.67,2023-03-12,Norte,Tienda,0.2,180.23
3263,10083,C,1,307.17,2023-04-17,Norte,Online,2.6,187.3
3264,10268,A,10,49.37,2023-11-20,Centro,Distribuidor,1.5,19.89
3265,5007,C,13,142.12,2024-01-25,Oeste,Online,8.0,74.43
3266,2483,A,9,74.73,2023-02-03,Este,Mayorista,11.1,40.84
3267,7951,C,20,287.84,2023-11-21,Oeste,Online,4.9,93.48
3268,4411,A,7,59.26,2023-09-19,Centro,Online,13.6,28.29
3269,5853,D,0,23.91,2023-12-04,Centro,Online,1.5,8.99
3270,407,C,0,342.87,2023-01-13,Oeste,Distribuidor,10.7,239.26
3271,8252,A,20,463.44,2024-02-01,Oeste,Tienda,3.0,256.07
3272,535,B,18,440.2,2023-09-05,Este,Tienda,11.6,255.79
3273,1637,D,2,420.67,2023-01-12,Centro,Mayorista,4.2,180.58
3274,7581,B,2,39.64,2023-05-11,Norte,Tienda,2.8,21.34
3275,7141,E,12,63.02,2023-02-20,Centro,Mayorista,3.2,44.03
3276,935,D,0,210.09,2023-07-22,Centro,Distribuidor,7.2,63.56
3277,5314,A,19,355.06,2023-03-08,Oeste,Tienda,7.1,140.98
3278,2591,C,20,201.95,2024-01-01,Oeste,Tienda,0.9,88.4
3279,2110,A,9,253.75,2023-07-29,Centro,Distribuidor,12.0,83.6
3280,8200,C,11,480.64,2023-03-06,Este,Distribuidor,6.9,279.55
3281,8844,C,0,222.07,2024-01-15,Este,Tienda,13.7,104.23
3282,6238,A,2,300.1,2023-07-03,Sur,Mayorista,0.3,166.64
3283,5189,B,9,76.57,2023-08-06,Centro,Distribuidor,9.9,40.92
3284,7063,D,14,287.23,2023-09-22,Oeste,Tienda,0.8,139.86
3285,2863,D,3,254.08,2023-01-07,Este,Tienda,11.5,126.64
3286,6948,C,1,139.08,2023-10-17,Oeste,Tienda,3.2,54.79
3287,1556,A,2,6.39,2023-02-07,Este,Mayorista,7.3,3.55
3288,7883,B,17,31.86,2023-01-07,Oeste,Mayorista,9.2,9.82
3289,2964,D,11,376.37,2023-01-08,Centro,Mayorista,13.8,251.53
3290,403,A,6,64.06,2023-03-19,Sur,Online,8.6,35.59
3291,5694,C,7,139.31,2023-08-19,Norte,Online,12.8,84.41
3292,4267,D,8,482.51,2023-03-24,Oeste,Tienda,2.0,166.23
3293,6390,D,10,455.43,2023-04-29,Este,Tienda,4.8,307.75
3294,9292,D,12,193.13,2023-02-01,Oeste,Distribuidor,6.2,95.4
3295,2409,D,9,139.86,2023-11-25,Centro,Online,3.9,60.25
3296,9713,C,3,230.6,2023-09-08,Centro,Tienda,0.4,146.87
3297,3802,E,20,78.25,2023-08-30,Sur,Distribuidor,0.8,53.39
3298,3799,A,1,485.34,2023-08-13,Centro,Online,12.3,163.17
3299,671,B,19,309.36,2023-09-13,Centro,Online,13.3,183.88
3300,3824,E,10,93.94,2024-01-05,Oeste,Online,13.4,40.14
3301,1238,A,2,216.25,2023-07-16,Este,Tienda,4.7,72.99
3302,8441,B,5,79.2,2023-08-01,Sur,Online,5.7,34.51
3303,8979,E,8,118.57,2023-11-11,Oeste,Tienda,5.0,82.19
3304,4958,C,4,275.68,2023-03-16,Oeste,Distribuidor,10.2,91.12
3305,3159,C,16,401.98,2023-02-16,Este,Distribuidor,8.7,261.54
3306,10043,D,16,152.81,2023-02-09,Centro,Online,8.9,50.78
3307,7650,D,15,269.2,2023-08-03,Norte,Mayorista,3.8,156.53
3308,133,D,20,492.65,2023-02-23,Centro,Distribuidor,0.8,341.41
3309,3521,B,2,209.61,2023-04-05,Norte,Tienda,6.3,93.15
3310,6454,D,7,303.51,2023-06-08,Oeste,Online,12.8,189.34
3311,9717,D,11,276.17,2023-10-06,Este,Online,12.2,162.23
3312,2128,E,19,258.46,2023-06-12,Sur,Mayorista,12.2,162.13
3313,4277,E,3,126.19,2023-05-09,Sur,Distribuidor,13.3,61.14
3314,3810,C,4,202.76,2023-02-24,Este,Online,1.4,137.13
3315,4308,E,0,325.28,2023-01-15,Este,Mayorista,3.3,101.94
3316,600,A,19,89.48,2023-06-01,Oeste,Mayorista,4.4,55.21
3317,7148,A,14,300.63,2023-04-23,Este,Mayorista,1.0,205.24
3318,4584,A,18,489.3,2023-08-31,Sur,Mayorista,7.1,163.52
3319,7408,B,19,60.25,2023-09-08,Sur,Mayorista,1.3,37.97
3320,7974,B,6,271.45,2023-04-30,Sur,Tienda,6.4,118.95
3321,10170,D,14,461.56,2023-02-05,Sur,Mayorista,5.1,268.9
3322,75,B,4,350.47,2023-08-16,Centro,Distribuidor,1.5,173.82
3323,452,E,5,21.79,2023-01-24,Centro,Mayorista,11.7,13.69
3324,5609,B,14,347.02,2023-11-29,Centro,Mayorista,8.2,202.86
3325,9017,A,3,127.33,2023-10-16,Centro,Distribuidor,8.3,56.66
3326,553,D,10,187.33,2023-05-11,Norte,Distribuidor,0.4,81.79
3327,5035,E,4,451.5,2023-01-06,Norte,Mayorista,14.2,280.52
3328,1133,D,5,170.38,2023-06-16,Norte,Distribuidor,10.5,112.82
3329,6767,E,19,89.26,2023-04-01,Sur,Mayorista,0.2,35.5
3330,6409,A,6,163.31,2023-03-08,Sur,Mayorista,8.4,82.89
3331,4351,E,1,81.15,2023-05-16,Norte,Mayorista,4.4,56.1
3332,2565,C,1,489.44,2023-04-06,Este,Mayorista,15.0,244.63
3333,9588,B,14,236.82,2024-01-29,Norte,Online,13.5,151.88
3334,2663,A,2,413.81,2023-11-26,Centro,Tienda,7.7,267.49
3335,2617,E,7,333.73,2023-01-19,Oeste,Mayorista,3.2,222.34
3336,7511,A,19,417.92,2023-04-30,Sur,Tienda,9.9,181.25
3337,2005,C,10,473.75,2023-08-07,Oeste,Online,11.1,225.29
3338,1196,D,4,29.0,2023-08-28,Centro,Distribuidor,10.9,16.01
3339,9933,B,7,489.22,2023-05-29,Oeste,Tienda,5.5,240.02
3340,583,A,4,178.0,2023-02-18,Centro,Online,5.0,104.65
3341,6060,D,6,257.97,2023-12-31,Centro,Online,4.9,84.1
3342,790,C,8,320.78,2023-12-02,Este,Online,5.6,154.49
3343,4189,C,7,220.46,2023-06-05,Sur,Online,11.4,153.69
3344,9025,A,5,100.02,2023-04-11,Norte,Online,10.1,38.41
3345,2057,C,9,392.31,2023-10-08,Este,Tienda,9.6,119.58
3346,5822,C,9,112.31,2023-07-21,Sur,Online,7.5,66.27
3347,9903,A,16,422.55,2023-09-10,Sur,Distribuidor,2.6,257.45
3348,3235,B,14,134.88,2023-12-16,Norte,Mayorista,13.0,69.19
3349,4316,D,15,146.98,2023-03-16,Centro,Online,5.0,65.7
3350,9898,C,17,157.13,2023-10-14,Sur,Distribuidor,5.2,71.47
3351,6036,D,15,299.71,2024-01-31,Centro,Mayorista,14.3,205.63
3352,404,A,14,6.53,2023-01-28,Oeste,Online,3.3,3.96
3353,1796,A,6,200.16,2023-09-16,Sur,Mayorista,11.2,124.31
3354,4532,C,12,418.72,2023-10-25,Este,Distribuidor,13.2,189.83
3355,5472,A,13,203.97,2023-04-05,Norte,Distribuidor,6.4,72.74
3356,5122,A,7,44.36,2023-10-25,Oeste,Tienda,12.8,15.81
3357,3699,C,16,149.82,2023-09-04,Centro,Mayorista,14.9,62.83
3358,9122,B,9,148.01,2023-08-12,Este,Mayorista,8.7,63.33
3359,7209,D,11,467.54,2023-06-29,Este,Mayorista,1.2,236.06
3360,5033,C,3,139.37,2023-12-08,Norte,Online,2.1,82.54
3361,5395,C,17,38.29,2023-12-06,Centro,Distribuidor,14.1,19.37
3362,1226,C,10,193.11,2023-01-03,Centro,Tienda,4.7,62.69
3363,8589,E,19,223.4,2023-03-02,Este,Distribuidor,4.2,134.5
3364,490,D,16,34.64,2024-01-31,Centro,Tienda,7.9,10.58
3365,2542,E,15,191.56,2023-03-15,Sur,Mayorista,8.6,113.67
3366,9871,C,7,389.83,2023-03-09,Oeste,Mayorista,13.6,187.07
3367,8258,B,10,151.34,2023-03-26,Centro,Tienda,5.6,50.09
3368,6654,C,20,96.92,2023-11-11,Centro,Online,11.1,34.49
3369,9852,A,4,161.24,2023-05-20,Sur,Tienda,1.4,52.08
3370,2282,D,7,417.09,2023-07-09,Centro,Distribuidor,10.4,155.67
3371,9366,D,9,470.26,2023-11-18,Centro,Mayorista,7.6,319.3
3372,7495,C,0,208.31,2023-01-09,Este,Distribuidor,5.5,125.99
3373,9430,E,6,238.4,2023-03-25,Centro,Tienda,8.0,145.0
3374,1754,C,1,312.72,2023-05-24,Centro,Mayorista,6.2,138.59
3375,2827,E,2,292.33,2023-10-27,Sur,Mayorista,7.8,130.41
3376,3233,E,12,29.97,2023-03-12,Norte,Mayorista,3.8,10.62
3377,388,C,8,74.99,2023-03-06,Norte,Tienda,7.3,29.35
3378,8244,B,12,144.38,2024-01-11,Oeste,Mayorista,3.7,89.55
3379,6737,E,9,282.02,2023-07-06,Norte,Distribuidor,0.3,111.64
3380,4955,B,5,73.83,2023-06-16,Este,Tienda,4.1,51.4
3381,416,A,3,188.88,2023-12-05,Oeste,Online,0.5,123.41
3382,539,A,3,80.61,2023-01-27,Este,Tienda,2.2,35.85
3383,8290,C,1,454.64,2023-11-02,Oeste,Tienda,2.0,165.77
3384,728,A,0,312.79,2023-02-23,Centro,Mayorista,5.0,143.22
3385,8026,D,4,74.15,2023-01-21,Sur,Distribuidor,14.1,26.08
3386,9241,E,14,67.93,2023-09-09,Oeste,Tienda,3.8,25.33
3387,1798,A,6,268.79,2023-03-01,Norte,Tienda,7.7,182.83
3388,9555,C,4,417.57,2023-05-14,Norte,Tienda,11.2,160.55
3389,1838,E,17,386.6,2023-11-26,Centro,Online,4.2,164.88
3390,6297,E,9,475.67,2023-06-03,Oeste,Distribuidor,9.3,216.24
3391,9504,D,2,318.22,2023-11-30,Norte,Distribuidor,10.4,128.33
3392,6259,B,20,199.52,2023-04-05,Oeste,Distribuidor,3.3,116.25
3393,1320,E,4,258.89,2023-08-14,Centro,Distribuidor,5.7,149.95
3394,2449,C,16,149.92,2023-09-17,Este,Tienda,5.9,98.23
3395,6982,C,14,115.35,2023-06-01,Centro,Mayorista,5.0,48.43
3396,5671,D,3,493.91,2023-10-02,Sur,Online,1.8,200.58
3397,1873,D,9,336.38,2023-04-02,Sur,Tienda,13.0,122.07
3398,811,C,10,463.83,2023-05-23,Norte,Online,7.3,194.03
3399,1531,C,5,453.38,2023-04-25,Sur,Tienda,14.4,270.06
3400,8662,A,5,298.34,2024-01-04,Oeste,Tienda,9.7,166.93
3401,6306,A,13,466.95,2023-12-14,Sur,Distribuidor,9.7,217.77
3402,3174,C,16,156.87,2023-03-09,Centro,Mayorista,10.3,56.25
3403,5154,B,0,434.89,2023-12-23,Norte,Online,0.4,169.96
3404,2759,D,19,372.45,2023-09-20,Este,Mayorista,11.6,232.7
3405,5280,A,2,317.53,2023-09-01,Oeste,Tienda,0.2,158.83
3406,897,B,18,163.49,2023-11-06,Norte,Online,0.8,69.44
3407,2013,B,0,191.4,2024-01-18,Norte,Mayorista,8.5,119.01
3408,10263,D,1,380.22,2023-09-20,Sur,Mayorista,0.0,117.06
3409,7523,A,11,336.38,2023-03-08,Norte,Tienda,8.8,226.29
3410,9565,D,20,112.52,2023-12-19,Norte,Mayorista,3.0,62.33
3411,10165,B,11,49.87,2023-10-30,Este,Tienda,10.3,33.03
3412,8405,B,15,419.22,2023-08-28,Este,Online,14.9,227.37
3413,3777,C,14,399.57,2023-08-10,Norte,Online,6.5,151.53
3414,1895,D,18,61.42,2023-11-28,Centro,Mayorista,9.4,40.54
3415,9738,E,14,343.24,2023-01-31,Centro,Mayorista,13.7,170.77
3416,3866,B,13,134.55,2023-07-11,Sur,Tienda,13.5,54.68
3417,2830,B,14,350.58,2023-10-21,Sur,Tienda,10.8,156.77
3418,7578,A,8,483.99,2023-12-11,Sur,Distribuidor,0.3,273.13
3419,4080,A,18,239.95,2023-06-21,Este,Online,4.8,93.01
3420,1361,B,0,240.7,2023-09-10,Oeste,Distribuidor,14.7,81.67
3421,10313,E,14,428.02,2023-10-15,Oeste,Online,8.1,206.12
3422,2532,A,10,384.73,2023-01-25,Sur,Tienda,11.1,258.96
3423,6113,B,16,435.88,2023-08-11,Oeste,Online,4.8,238.46
3424,8035,B,6,60.81,2024-02-03,Sur,Mayorista,3.0,21.83
3425,5597,B,11,171.62,2023-03-21,Sur,Online,14.1,74.72
3426,1302,A,11,481.12,2023-10-06,Este,Tienda,9.8,329.69
3427,9290,B,4,243.8,2023-09-18,Norte,Tienda,11.0,129.61
3428,9143,A,14,348.66,2023-09-22,Centro,Mayorista,0.7,232.47
3429,3616,E,20,266.06,2023-02-21,Norte,Online,1.9,83.16
3430,6543,A,12,15.84,2023-04-08,Sur,Distribuidor,4.1,10.82
3431,1173,E,12,495.26,2023-01-01,Oeste,Online,11.9,248.09
3432,7705,C,9,303.77,2023-08-08,Centro,Distribuidor,9.1,168.74
3433,1852,A,6,28.71,2023-10-23,Sur,Distribuidor,8.7,18.15
3434,8269,C,1,461.92,2023-05-18,Oeste,Tienda,0.1,320.5
3435,1329,E,8,440.8,2023-03-29,Sur,Mayorista,9.3,258.85
3436,2610,B,15,34.75,2023-12-08,Norte,Mayorista,12.8,18.45
3437,9288,C,1,247.56,2023-06-15,Norte,Tienda,4.5,163.78
3438,3592,A,3,6.81,2023-11-17,Oeste,Distribuidor,0.4,2.98
3439,1723,A,2,72.98,2023-08-31,Este,Online,14.2,27.66
3440,4809,B,5,342.74,2023-08-07,Este,Online,13.9,168.49
3441,6104,A,19,268.56,2023-03-06,Centro,Online,5.8,169.23
3442,3007,C,2,156.13,2024-02-04,Centro,Mayorista,12.8,71.73
3443,8310,C,12,309.66,2023-12-02,Centro,Mayorista,3.8,147.42
3444,3653,E,17,411.57,2023-05-04,Norte,Tienda,14.5,143.05
3445,2926,B,19,477.42,2023-06-02,Sur,Distribuidor,1.9,241.63
3446,1304,A,10,37.68,2023-08-18,Norte,Distribuidor,8.0,23.72
3447,3387,D,3,76.74,2023-02-27,Norte,Mayorista,5.7,37.28
3448,5187,A,1,108.64,2023-06-11,Oeste,Tienda,5.0,52.07
3449,598,B,8,422.33,2023-12-04,Norte,Online,11.5,267.57
3450,6412,E,19,228.94,2023-03-05,Centro,Online,4.1,153.69
3451,132,E,4,143.85,2023-04-26,Sur,Mayorista,2.5,44.65
3452,9919,A,2,168.71,2023-09-18,Este,Online,11.8,91.01
3453,9922,D,15,347.22,2023-06-01,Sur,Distribuidor,3.7,135.92
3454,3432,B,6,485.46,2023-07-02,Oeste,Online,1.3,179.28
3455,7625,A,9,140.94,2023-12-30,Este,Mayorista,1.5,94.19
3456,2109,D,14,374.55,2023-03-19,Centro,Tienda,6.1,213.18
3457,6894,E,8,296.24,2023-08-02,Norte,Distribuidor,13.2,135.8
3458,8972,B,16,228.46,2023-01-29,Oeste,Mayorista,10.9,146.33
3459,976,A,15,251.8,2023-05-17,Oeste,Mayorista,8.0,95.89
3460,7569,B,10,44.79,2024-01-24,Norte,Online,7.3,16.85
3461,1839,E,8,246.04,2023-02-23,Oeste,Distribuidor,3.8,83.98
3462,2389,B,17,64.96,2023-08-24,Sur,Mayorista,8.5,30.36
3463,3650,C,15,486.57,2023-04-08,Norte,Distribuidor,12.0,203.18
3464,1338,C,13,486.81,2023-08-25,Este,Distribuidor,0.3,333.62
3465,1773,C,11,168.57,2023-02-23,Este,Distribuidor,9.2,58.67
3466,4276,B,17,378.96,2023-04-29,Este,Online,10.5,139.33
3467,10167,D,16,221.67,2023-03-06,Sur,Online,10.1,141.98
3468,4544,A,4,364.42,2023-04-25,Sur,Distribuidor,13.8,181.25
3469,9599,B,15,331.52,2023-03-26,Este,Distribuidor,0.8,175.94
3470,3981,C,19,435.04,2023-09-11,Este,Mayorista,9.3,298.06
3471,4010,B,7,154.61,2024-01-13,Centro,Tienda,11.5,99.47
3472,9763,E,0,131.79,2023-05-25,Este,Tienda,6.6,70.74
3473,1779,C,11,247.2,2023-09-15,Centro,Mayorista,8.5,146.49
3474,886,B,12,189.64,2023-05-03,Oeste,Tienda,6.6,88.51
3475,2660,D,7,434.29,2023-05-26,Norte,Distribuidor,7.5,255.13
3476,5329,D,8,287.16,2023-07-06,Sur,Tienda,4.9,141.73
3477,2400,C,19,147.82,2023-07-15,Oeste,Mayorista,14.4,69.31
3478,3520,E,16,300.75,2023-10-27,Oeste,Online,0.1,143.31
3479,76,D,8,436.78,2023-07-29,Oeste,Tienda,10.8,278.28
3480,5927,D,4,342.39,2024-01-12,Norte,Online,12.1,169.16
3481,3203,C,0,440.59,2023-03-24,Norte,Distribuidor,4.0,136.76
3482,9231,A,19,492.99,2024-01-07,Oeste,Tienda,6.0,258.84
3483,5208,E,16,151.91,2023-02-24,Norte,Online,11.8,50.88
3484,2005,E,0,136.27,2023-02-14,Este,Mayorista,11.9,46.51
3485,8021,B,16,451.5,2023-04-29,Centro,Distribuidor,0.0,313.34
3486,10049,C,6,412.01,2023-07-28,Sur,Online,7.1,131.38
3487,6647,B,18,39.51,2023-03-18,Centro,Distribuidor,5.1,14.02
3488,7673,D,17,216.44,2023-06-28,Sur,Distribuidor,4.0,102.82
3489,9763,D,18,341.44,2024-01-11,Este,Online,5.0,120.26
3490,7544,A,19,49.72,2023-08-01,Centro,Mayorista,10.7,32.13
3491,5455,D,5,286.56,2023-04-22,Este,Mayorista,9.8,121.86
3492,10059,C,1,475.22,2023-12-23,Sur,Distribuidor,5.5,290.56
3493,4434,C,1,283.62,2023-11-06,Este,Tienda,11.4,165.69
3494,1846,A,2,447.94,2023-10-10,Centro,Distribuidor,12.2,164.43
3495,9357,E,11,343.13,2023-06-07,Oeste,Tienda,3.0,129.35
3496,2077,D,12,435.66,2023-10-29,Este,Tienda,9.7,165.61
3497,7739,E,6,360.02,2023-05-18,Oeste,Online,10.6,219.6
3498,3037,C,20,376.99,2023-05-24,Centro,Distribuidor,0.7,165.98
3499,4827,D,15,284.85,2023-09-11,Este,Tienda,0.9,102.92
3500,6644,D,3,245.31,2023-01-16,Oeste,Online,11.4,130.88
3501,8569,D,8,183.11,2023-09-30,Centro,Online,12.8,81.48
3502,6892,B,17,56.89,2024-01-24,Este,Tienda,12.6,20.45
3503,7405,D,4,367.3,2023-11-23,Este,Tienda,5.7,183.51
3504,759,A,14,268.66,2023-05-11,Este,Tienda,9.7,152.03
3505,7898,B,0,352.39,2023-09-03,Este,Distribuidor,8.8,231.01
3506,2342,A,11,372.31,2023-01-16,Norte,Mayorista,10.1,169.7
3507,9790,D,0,216.97,2023-06-22,Este,Mayorista,4.0,124.34
3508,2847,A,13,109.66,2023-08-02,Centro,Mayorista,2.9,45.96
3509,2194,E,13,294.5,2023-12-19,Sur,Online,13.9,190.24
3510,2128,C,18,289.17,2023-10-21,Oeste,Tienda,11.2,138.98
3511,577,C,16,471.2,2023-05-18,Centro,Tienda,8.4,167.46
3512,4370,A,20,303.84,2023-12-14,Centro,Mayorista,1.3,113.46
3513,5034,D,9,244.46,2023-04-15,Sur,Tienda,11.4,102.92
3514,8823,A,9,348.09,2023-10-28,Este,Online,0.6,183.86
3515,4863,D,13,127.21,2023-08-04,Este,Distribuidor,12.9,40.15
3516,5073,E,3,344.51,2023-10-20,Oeste,Tienda,3.4,198.6
3517,759,D,11,221.15,2023-12-21,Norte,Distribuidor,1.9,68.02
3518,8239,E,4,19.48,2023-09-03,Centro,Mayorista,2.4,11.25
3519,4373,D,0,158.76,2023-10-16,Este,Online,13.1,104.98
3520,1202,A,14,251.6,2023-03-03,Centro,Online,2.1,169.57
3521,1965,D,7,224.67,2024-01-06,Norte,Online,1.9,141.79
3522,8921,A,1,493.89,2023-01-24,Norte,Mayorista,9.1,337.75
3523,70,C,15,263.35,2023-11-14,Este,Tienda,3.3,105.78
3524,7272,D,14,19.41,2023-04-14,Oeste,Mayorista,1.7,8.02
3525,2870,C,19,95.69,2023-08-06,Sur,Tienda,9.4,66.95
3526,4662,A,12,353.89,2024-01-29,Centro,Tienda,2.2,178.41
3527,3564,C,17,283.7,2023-04-09,Oeste,Distribuidor,12.9,194.06
3528,1206,A,20,258.14,2023-10-12,Este,Tienda,10.5,109.78
3529,3947,D,19,21.5,2023-03-26,Norte,Mayorista,7.5,13.55
3530,8823,A,4,53.55,2024-01-28,Este,Tienda,1.9,32.38
3531,2273,E,13,168.47,2023-10-12,Sur,Online,1.0,109.8
3532,4188,C,8,352.65,2023-12-05,Oeste,Distribuidor,13.3,117.43
3533,6710,A,15,475.98,2023-05-22,Norte,Tienda,5.5,222.6
3534,6863,B,10,293.97,2023-11-09,Sur,Tienda,8.0,187.78
3535,1770,D,9,341.22,2023-05-09,Centro,Tienda,6.8,175.89
3536,8805,D,1,301.82,2023-01-28,Oeste,Distribuidor,3.5,160.3
3537,3894,B,5,311.25,2023-09-27,Sur,Tienda,9.5,213.79
3538,2263,B,11,63.17,2023-04-11,Este,Mayorista,13.1,30.52
3539,1786,B,4,285.28,2023-06-19,Oeste,Tienda,6.6,154.05
3540,8437,C,12,180.69,2023-02-25,Centro,Distribuidor,10.4,70.48
3541,396,D,0,112.43,2023-03-01,Este,Distribuidor,0.6,42.88
3542,8674,C,8,360.74,2023-08-31,Oeste,Distribuidor,14.4,170.83
3543,3520,A,9,63.71,2023-12-26,Sur,Tienda,10.7,43.13
3544,10113,B,6,304.41,2023-04-01,Sur,Mayorista,11.2,186.2
3545,8745,A,1,22.82,2023-06-30,Norte,Distribuidor,6.6,10.14
3546,6153,D,6,330.88,2023-09-30,Este,Distribuidor,7.8,187.19
3547,1035,E,20,22.52,2023-11-03,Oeste,Online,3.9,12.84
3548,10148,C,8,28.48,2023-01-06,Este,Distribuidor,3.2,16.95
3549,10384,C,1,201.23,2023-08-01,Sur,Mayorista,11.2,96.0
3550,2126,D,6,428.27,2023-01-13,Centro,Tienda,14.3,181.73
3551,8793,E,10,260.37,2023-04-19,Norte,Distribuidor,0.1,140.49
3552,653,B,6,314.01,2023-01-05,Oeste,Distribuidor,2.6,143.28
3553,2256,D,16,299.86,2023-06-28,Norte,Mayorista,5.4,185.46
3554,2401,B,16,448.81,2023-06-04,Centro,Mayorista,12.1,263.02
3555,1011,D,10,74.07,2023-07-27,Centro,Mayorista,7.7,27.92
3556,7809,A,3,81.65,2023-10-02,Centro,Distribuidor,6.6,27.3
3557,2783,C,17,275.42,2023-12-17,Este,Tienda,14.0,187.34
3558,6020,E,7,328.46,2023-05-24,Este,Online,4.2,120.64
3559,8600,A,5,371.58,2023-05-31,Oeste,Tienda,1.2,217.71
3560,951,C,11,486.34,2023-11-01,Oeste,Mayorista,2.8,323.73
3561,4037,B,3,395.44,2023-03-16,Este,Online,6.2,262.6
3562,8327,E,17,309.3,2024-01-16,Sur,Distribuidor,4.8,168.91
3563,6757,C,8,164.81,2023-12-21,Oeste,Tienda,3.4,76.07
3564,2007,E,6,312.55,2024-01-09,Centro,Distribuidor,12.1,126.37
3565,7841,C,12,468.9,2023-08-28,Norte,Distribuidor,6.7,323.73
3566,4351,A,5,293.02,2023-01-26,Sur,Online,5.5,147.94
3567,6235,A,15,191.28,2023-04-01,Norte,Distribuidor,11.5,112.37
3568,7808,B,2,18.64,2023-12-28,Oeste,Distribuidor,10.5,6.41
3569,7766,B,4,112.54,2023-04-16,Oeste,Distribuidor,1.4,73.03
3570,394,D,5,392.44,2023-02-06,Este,Tienda,3.2,266.88
3571,3570,A,18,77.16,2023-02-17,Centro,Distribuidor,13.8,29.03
3572,6887,B,12,126.55,2023-09-04,Este,Online,0.7,75.46
3573,788,E,3,23.59,2023-02-26,Sur,Mayorista,12.4,7.81
3574,4662,D,20,495.05,2023-11-13,Oeste,Online,3.8,267.37
3575,2173,D,2,102.44,2023-11-18,Este,Mayorista,10.2,50.02
3576,4315,A,4,60.82,2024-02-03,Sur,Tienda,14.8,29.55
3577,5062,A,16,340.54,2023-07-14,Norte,Distribuidor,4.6,135.61
3578,3914,E,13,369.69,2023-05-26,Oeste,Tienda,7.7,141.85
3579,4663,E,19,144.03,2023-06-30,Oeste,Mayorista,7.0,63.64
3580,4036,C,13,498.01,2023-12-17,Este,Mayorista,5.9,318.56
3581,9618,B,6,378.28,2023-09-23,Centro,Online,4.8,176.97
3582,9575,A,7,65.67,2023-08-02,Centro,Online,1.5,41.08
3583,2989,C,16,299.19,2023-01-18,Sur,Mayorista,12.2,112.83
3584,5382,A,15,309.52,2023-07-20,Oeste,Tienda,5.3,132.37
3585,5984,D,17,397.75,2023-04-04,Norte,Distribuidor,13.7,268.98
3586,244,A,16,255.3,2023-04-10,Sur,Tienda,1.4,87.79
3587,1850,D,5,390.03,2023-11-07,Centro,Mayorista,0.9,217.97
3588,8216,C,7,74.26,2024-01-25,Este,Distribuidor,5.3,40.74
3589,9567,B,18,488.38,2023-12-11,Norte,Mayorista,7.9,181.83
3590,5203,B,0,399.77,2023-11-17,Norte,Distribuidor,11.9,252.32
3591,7931,B,7,473.93,2023-06-27,Centro,Mayorista,6.8,260.79
3592,5671,C,5,40.79,2023-04-14,Oeste,Distribuidor,9.6,26.59
3593,5079,B,17,263.54,2023-12-11,Este,Tienda,12.6,152.45
3594,2149,A,14,13.15,2023-11-27,Norte,Tienda,14.7,7.24
3595,6864,A,18,114.72,2023-09-25,Norte,Distribuidor,5.2,63.15
3596,6252,E,9,323.61,2023-04-15,Sur,Online,12.9,200.87
3597,3082,C,15,21.31,2023-03-25,Sur,Online,8.2,8.48
3598,643,E,17,158.74,2023-01-28,Oeste,Mayorista,4.1,73.48
3599,3304,A,4,439.5,2023-12-06,Sur,Distribuidor,6.5,256.99
3600,1926,B,19,370.42,2024-01-12,Centro,Online,2.7,198.37
3601,4024,D,11,263.32,2023-11-04,Oeste,Tienda,6.3,142.78
3602,7430,C,11,444.22,2023-02-15,Sur,Online,0.5,152.49
3603,1106,A,7,39.26,2023-01-20,Norte,Tienda,13.9,17.0
3604,10308,A,19,295.75,2023-02-25,Este,Mayorista,11.8,124.13
3605,10492,C,4,362.07,2023-10-22,Este,Tienda,14.1,215.3
3606,2022,C,11,100.66,2023-07-16,Oeste,Online,8.4,47.96
3607,8334,C,13,232.72,2023-12-13,Oeste,Tienda,12.5,150.42
3608,1185,E,5,420.79,2023-05-31,Centro,Tienda,4.4,133.32
3609,2359,A,9,242.03,2023-11-11,Oeste,Mayorista,0.4,121.87
3610,7497,A,17,103.03,2023-08-16,Este,Mayorista,4.6,53.02
3611,5800,C,14,209.62,2023-08-14,Oeste,Distribuidor,10.0,109.26
3612,3221,E,20,88.17,2024-01-16,Oeste,Distribuidor,13.3,33.68
3613,7273,D,10,78.45,2023-12-17,Centro,Online,6.8,50.62
3614,998,D,2,148.02,2024-02-02,Este,Mayorista,12.3,80.6
3615,5373,B,17,39.31,2023-08-14,Sur,Online,10.4,26.48
3616,5556,C,3,31.42,2023-03-25,Norte,Distribuidor,2.0,17.18
3617,8555,B,16,455.78,2023-04-23,Oeste,Online,2.3,160.84
3618,2329,C,9,102.31,2024-01-14,Sur,Tienda,13.6,35.63
3619,2377,A,7,476.45,2023-03-22,Este,Online,10.0,320.96
3620,7689,B,7,487.59,2023-05-26,Centro,Mayorista,4.0,196.55
3621,988,B,3,455.27,2023-12-06,Oeste,Mayorista,9.5,234.71
3622,916,E,8,182.05,2023-01-07,Norte,Mayorista,7.0,67.71
3623,5392,C,18,383.96,2023-06-06,Centro,Online,0.8,202.97
3624,9333,B,5,261.9,2023-04-11,Sur,Tienda,5.2,173.6
3625,2745,B,5,261.41,2023-05-05,Sur,Tienda,1.3,121.86
3626,1768,B,12,491.94,2023-07-22,Este,Mayorista,14.9,158.27
3627,8430,D,16,26.05,2023-03-06,Norte,Tienda,3.4,16.08
3628,9080,A,15,485.06,2023-06-07,Norte,Online,12.3,178.04
3629,4290,A,6,445.43,2023-12-17,Norte,Online,7.7,162.81
3630,10106,C,11,478.66,2023-04-26,Oeste,Online,1.2,326.07
3631,7577,D,7,322.78,2023-01-23,Sur,Mayorista,6.8,113.42
3632,6819,B,6,6.93,2023-04-07,Oeste,Tienda,6.3,3.03
3633,9247,A,19,315.56,2023-07-16,Oeste,Tienda,2.0,189.25
3634,7495,E,1,385.26,2023-02-20,Norte,Mayorista,3.7,136.43
3635,1698,B,5,219.97,2023-10-23,Oeste,Mayorista,2.0,79.86
3636,1799,D,16,476.72,2023-06-09,Este,Distribuidor,1.3,329.48
3637,4550,B,3,46.99,2023-11-04,Norte,Distribuidor,11.4,32.13
3638,833,C,5,498.11,2023-04-20,Oeste,Tienda,12.7,281.59
3639,1570,C,16,468.09,2023-09-21,Oeste,Distribuidor,7.5,228.46
3640,1207,A,18,41.84,2023-12-15,Centro,Online,14.3,23.48
3641,2650,D,14,10.25,2023-04-03,Este,Distribuidor,3.2,4.66
3642,6074,E,4,217.79,2023-06-14,Centro,Tienda,13.5,151.96
3643,1135,B,20,182.45,2023-01-14,Centro,Tienda,0.3,55.55
3644,7017,E,10,218.83,2023-01-21,Centro,Online,14.0,85.76
3645,8022,D,19,230.48,2024-02-03,Centro,Online,1.1,101.1
3646,8529,D,6,436.28,2023-06-16,Oeste,Mayorista,9.6,189.6
3647,6626,D,17,262.93,2023-12-25,Sur,Online,5.5,109.93
3648,5081,D,17,118.89,2023-12-24,Sur,Online,3.8,40.56
3649,4151,E,6,77.76,2023-11-11,Norte,Tienda,8.6,36.43
3650,8220,B,13,484.02,2023-02-27,Norte,Online,7.3,262.14
3651,4620,B,14,252.78,2023-01-18,Oeste,Distribuidor,9.1,122.91
3652,2748,B,9,103.81,2023-09-20,Norte,Online,6.0,59.58
3653,5970,A,18,338.01,2023-02-01,Norte,Tienda,13.5,131.87
3654,8592,B,3,450.5,2023-02-18,Centro,Online,13.4,249.06
3655,4750,B,6,204.7,2023-01-31,Sur,Distribuidor,3.4,108.25
3656,9516,B,18,173.72,2023-09-08,Este,Tienda,13.7,67.92
3657,9941,B,2,83.73,2023-03-19,Centro,Online,12.5,54.17
3658,692,C,17,208.06,2023-01-21,Norte,Mayorista,1.4,94.46
3659,9358,B,3,113.6,2023-01-01,Sur,Mayorista,12.4,40.38
3660,699,B,2,351.7,2024-01-29,Sur,Tienda,3.1,238.49
3661,2450,E,18,89.02,2023-06-21,Norte,Online,12.4,34.7
3662,6059,C,12,464.0,2023-01-08,Centro,Mayorista,10.5,193.76
3663,4815,C,11,398.11,2023-08-04,Centro,Tienda,3.2,150.46
3664,5752,A,7,143.49,2023-11-23,Este,Distribuidor,4.6,60.3
3665,9692,C,13,242.48,2023-11-22,Sur,Online,7.1,91.87
3666,9567,A,12,310.4,2023-05-23,Sur,Online,0.9,145.71
3667,1483,A,14,81.08,2023-05-19,Sur,Distribuidor,8.6,49.06
3668,422,C,17,473.43,2023-04-13,Sur,Distribuidor,14.0,189.46
3669,1760,C,14,326.57,2023-10-29,Norte,Distribuidor,8.3,161.23
3670,9953,A,15,274.26,2023-12-03,Oeste,Mayorista,2.2,154.1
3671,7958,D,7,130.08,2023-06-11,Norte,Distribuidor,12.1,63.74
3672,8346,C,4,489.38,2023-03-02,Norte,Tienda,6.5,274.22
3673,8955,A,14,244.13,2023-02-04,Centro,Distribuidor,13.2,153.16
3674,4258,C,14,334.25,2023-04-21,Norte,Distribuidor,2.2,225.34
3675,7658,D,1,308.61,2024-01-17,Oeste,Mayorista,5.3,134.2
3676,4682,E,4,34.53,2023-11-14,Sur,Distribuidor,2.2,16.63
3677,3948,D,13,397.32,2023-10-14,Norte,Online,8.4,218.04
3678,6711,C,9,54.91,2023-06-12,Este,Mayorista,12.8,35.42
3679,7973,E,10,385.03,2023-07-08,Centro,Online,14.8,218.06
3680,8644,D,11,80.09,2023-01-09,Centro,Mayorista,9.6,33.85
3681,2264,D,11,354.15,2023-08-13,Sur,Online,14.9,178.02
3682,5268,B,9,141.51,2024-01-11,Oeste,Mayorista,14.5,75.46
3683,7818,E,15,156.32,2023-01-07,Centro,Distribuidor,11.1,105.12
3684,7040,E,6,272.76,2024-01-23,Este,Tienda,6.4,134.79
3685,5993,B,12,221.57,2023-10-15,Centro,Mayorista,8.4,101.75
3686,4091,A,10,359.99,2024-02-02,Centro,Distribuidor,2.1,166.26
3687,4239,E,15,236.81,2023-10-09,Norte,Online,10.7,153.01
3688,7464,D,3,194.17,2023-08-22,Sur,Tienda,9.4,60.09
3689,3720,E,3,346.85,2023-05-01,Centro,Tienda,2.4,107.1
3690,1491,C,8,399.17,2023-01-17,Norte,Distribuidor,2.0,266.19
3691,5052,E,0,5.05,2023-01-17,Sur,Distribuidor,1.9,1.78
3692,7510,C,4,84.8,2023-04-25,Norte,Mayorista,6.0,45.34
3693,324,A,17,162.79,2023-10-15,Sur,Online,13.9,50.73
3694,7625,E,5,286.32,2023-05-27,Oeste,Online,8.7,123.75
3695,5515,B,8,174.05,2023-03-16,Oeste,Tienda,14.2,98.77
3696,1883,C,14,466.45,2023-11-04,Oeste,Tienda,14.5,293.49
3697,1509,E,0,475.27,2023-01-22,Este,Distribuidor,9.0,314.92
3698,9514,C,1,384.59,2023-02-14,Este,Mayorista,7.8,195.8
3699,2130,A,16,446.95,2023-04-05,Norte,Online,14.3,163.36
3700,8307,A,20,453.26,2023-05-22,Norte,Distribuidor,7.7,197.62
3701,6608,B,14,178.24,2023-02-25,Sur,Online,8.1,59.78
3702,6141,C,14,73.5,2023-11-17,Sur,Distribuidor,6.2,35.81
3703,9888,B,5,436.34,2023-04-07,Oeste,Online,8.3,252.94
3704,8690,E,1,367.46,2023-12-28,Centro,Distribuidor,0.4,203.84
3705,5067,C,1,248.2,2023-03-10,Centro,Tienda,11.0,120.5
3706,10498,B,12,21.74,2023-11-14,Sur,Distribuidor,6.9,9.98
3707,10459,A,6,283.4,2023-02-25,Sur,Mayorista,9.5,154.34
3708,8894,A,12,496.9,2023-12-01,Este,Online,6.0,254.46
3709,9234,C,0,165.45,2023-03-01,Norte,Mayorista,3.4,77.68
3710,2059,C,12,118.04,2023-04-01,Norte,Distribuidor,3.6,49.87
3711,1294,D,17,379.54,2023-06-13,Centro,Distribuidor,0.4,195.4
3712,6826,A,17,467.83,2023-03-27,Este,Tienda,4.8,273.8
3713,9593,E,12,473.54,2023-03-13,Este,Online,7.1,205.34
3714,6516,C,2,30.84,2023-01-24,Sur,Mayorista,1.2,17.68
3715,7386,E,0,114.8,2023-08-31,Este,Distribuidor,11.9,51.13
3716,4567,E,9,262.55,2023-04-09,Norte,Tienda,13.3,117.7
3717,6565,B,7,158.32,2023-06-03,Centro,Mayorista,6.1,110.38
3718,4523,E,7,11.35,2023-12-20,Este,Distribuidor,13.6,7.03
3719,6886,E,9,266.25,2023-01-07,Centro,Mayorista,13.6,94.47
3720,2527,C,5,274.24,2023-09-21,Oeste,Mayorista,9.5,179.92
3721,2330,E,5,115.94,2023-09-17,Sur,Mayorista,8.9,50.13
3722,5391,A,8,46.59,2023-07-12,Centro,Mayorista,11.3,14.96
3723,77,C,19,198.26,2023-08-28,Norte,Tienda,14.3,71.44
3724,1769,D,3,38.12,2023-12-18,Sur,Online,13.1,12.15
3725,5705,C,12,188.76,2023-03-01,Centro,Tienda,9.8,112.27
3726,9536,A,14,499.58,2024-01-14,Centro,Distribuidor,11.2,311.48
3727,622,B,19,478.9,2023-03-30,Norte,Tienda,12.8,321.94
3728,5385,A,5,209.31,2023-11-02,Centro,Distribuidor,10.4,139.43
3729,5951,A,15,434.46,2023-08-14,Centro,Online,5.5,287.71
3730,9703,C,9,400.98,2023-08-21,Sur,Mayorista,1.5,141.37
3731,1983,E,0,429.46,2023-07-28,Este,Mayorista,0.1,226.64
3732,7843,C,19,24.04,2023-04-19,Norte,Mayorista,9.4,12.43
3733,7294,C,6,46.58,2023-05-13,Norte,Mayorista,1.6,18.26
3734,6364,C,4,401.11,2023-01-17,Sur,Distribuidor,13.9,124.52
3735,3057,B,16,237.52,2023-08-23,Norte,Tienda,7.4,75.56
3736,4108,B,12,9.59,2023-12-21,Este,Distribuidor,8.2,4.96
3737,9681,C,11,464.07,2023-03-23,Centro,Tienda,0.5,291.26
3738,2233,D,2,397.99,2023-11-04,Oeste,Distribuidor,13.4,204.04
3739,2327,D,17,494.52,2023-10-11,Sur,Mayorista,0.1,186.6
3740,4852,A,1,21.26,2023-08-29,Norte,Mayorista,6.7,8.82
3741,200,E,20,128.31,2023-02-17,Oeste,Tienda,5.6,48.37
3742,6712,C,5,50.31,2023-05-14,Sur,Online,14.2,34.54
3743,9332,D,11,467.25,2023-09-17,Centro,Distribuidor,14.0,171.03
3744,3705,D,8,478.42,2023-01-23,Oeste,Online,12.9,197.42
3745,2990,E,19,490.89,2023-10-26,Oeste,Distribuidor,7.9,229.75
3746,969,A,10,171.77,2023-07-13,Oeste,Online,7.7,67.39
3747,130,B,10,263.66,2023-04-08,Sur,Tienda,8.9,142.83
3748,8464,B,13,493.36,2023-11-30,Oeste,Distribuidor,11.7,325.73
3749,2260,E,8,280.2,2024-01-29,Centro,Online,8.1,104.94
3750,1711,E,2,395.6,2023-08-23,Centro,Tienda,2.1,128.51
3751,10322,B,11,178.35,2023-04-12,Este,Tienda,6.7,115.16
3752,9562,D,9,191.79,2023-10-05,Este,Distribuidor,7.4,114.45
3753,4669,C,3,230.37,2023-04-27,Centro,Mayorista,1.4,147.43
3754,6837,B,15,62.41,2023-05-17,Norte,Mayorista,3.7,25.01
3755,7378,A,6,77.06,2023-04-26,Sur,Online,5.6,31.86
3756,3542,D,10,148.42,2023-06-04,Centro,Distribuidor,7.4,82.94
3757,1534,C,18,173.49,2024-01-02,Oeste,Online,10.5,119.04
3758,3421,D,2,132.09,2023-01-06,Este,Distribuidor,2.5,42.3
3759,7894,A,10,21.65,2023-02-09,Este,Online,7.2,9.65
3760,2788,C,11,205.21,2023-01-28,Este,Distribuidor,12.0,68.3
3761,4069,C,5,208.39,2023-11-04,Sur,Mayorista,10.5,135.43
3762,7577,D,18,47.84,2024-01-23,Oeste,Tienda,12.4,25.58
3763,2165,D,8,174.08,2023-02-10,Oeste,Tienda,7.2,67.24
3764,8063,D,8,437.6,2023-02-25,Norte,Mayorista,5.8,299.93
3765,246,D,1,212.56,2023-12-12,Oeste,Tienda,2.9,79.14
3766,2109,E,17,432.84,2023-08-23,Este,Distribuidor,9.6,276.69
3767,3883,A,12,164.73,2023-03-10,Sur,Mayorista,12.2,77.57
3768,1899,D,4,43.62,2023-04-15,Sur,Online,0.6,13.76
3769,7092,E,11,452.56,2023-11-28,Sur,Online,8.4,291.16
3770,72,D,8,8.18,2023-04-24,Este,Tienda,8.3,5.54
3771,5881,D,20,162.17,2023-02-14,Oeste,Tienda,4.0,98.09
3772,692,E,17,348.12,2023-11-16,Sur,Tienda,2.6,108.22
3773,10281,D,5,11.21,2023-04-22,Oeste,Online,9.8,5.07
3774,6773,D,11,238.33,2023-10-28,Oeste,Mayorista,11.6,88.66
3775,9706,E,10,465.8,2023-03-20,Sur,Distribuidor,9.8,198.94
3776,4965,D,10,147.23,2023-08-19,Norte,Tienda,10.5,89.75
3777,9902,E,19,423.39,2023-09-15,Este,Mayorista,9.2,240.02
3778,6643,E,11,496.49,2023-06-02,Centro,Tienda,13.3,206.57
3779,6244,A,12,265.56,2023-06-27,Sur,Mayorista,12.6,103.07
3780,4500,C,16,304.46,2023-01-07,Sur,Tienda,7.8,152.71
3781,2317,A,18,133.85,2023-01-05,Centro,Tienda,14.0,86.58
3782,4197,E,2,82.35,2023-06-04,Sur,Online,3.2,55.61
3783,71,D,16,238.25,2023-05-28,Este,Online,4.0,134.66
3784,10439,D,1,8.47,2023-11-29,Este,Tienda,2.2,4.72
3785,8077,E,11,99.14,2023-08-23,Sur,Tienda,4.5,45.38
3786,7268,E,9,150.94,2023-05-08,Sur,Mayorista,1.6,64.06
3787,9713,D,16,308.56,2023-05-12,Sur,Distribuidor,9.7,96.02
3788,1212,D,19,351.53,2024-01-14,Sur,Online,13.1,219.96
3789,8196,E,10,461.66,2023-08-22,Centro,Tienda,15.0,218.75
3790,5853,E,8,163.05,2023-10-15,Este,Online,0.5,67.39
3791,9030,B,14,427.03,2023-01-13,Este,Tienda,13.8,129.4
3792,10227,C,12,188.69,2023-11-27,Oeste,Distribuidor,3.0,70.75
3793,2991,D,15,209.56,2023-02-06,Sur,Mayorista,4.1,88.98
3794,6028,D,7,119.21,2023-01-10,Sur,Distribuidor,9.0,70.01
3795,8384,D,10,251.46,2023-09-30,Oeste,Online,14.1,135.15
3796,4432,D,9,393.18,2023-05-04,Este,Online,7.5,176.17
3797,3775,D,9,178.77,2023-03-21,Norte,Distribuidor,13.4,78.03
3798,8031,D,19,117.13,2023-06-15,Este,Online,8.0,59.01
3799,849,D,15,493.35,2023-10-25,Oeste,Distribuidor,12.9,272.22
3800,2042,B,20,163.78,2023-01-10,Oeste,Mayorista,8.6,71.51
3801,7371,D,14,461.65,2023-11-28,Oeste,Distribuidor,12.7,147.51
3802,555,B,0,399.14,2023-08-18,Sur,Tienda,3.6,141.76
3803,6876,B,2,378.16,2023-06-15,Este,Mayorista,7.0,200.95
3804,6122,C,7,457.86,2023-11-19,Norte,Online,12.4,152.84
3805,9863,D,1,307.9,2023-05-27,Sur,Distribuidor,9.4,200.14
3806,7502,C,9,371.7,2023-08-21,Oeste,Mayorista,12.2,135.66
3807,720,B,1,436.71,2023-02-22,Centro,Online,7.2,172.24
3808,9483,A,5,379.1,2023-11-08,Norte,Distribuidor,10.8,186.42
3809,7586,E,0,46.04,2023-07-23,Oeste,Mayorista,6.7,18.37
3810,9030,B,1,356.48,2023-10-12,Sur,Online,13.4,243.93
3811,8906,E,15,55.81,2023-10-25,Este,Online,7.1,28.22
3812,9430,A,6,5.1,2023-11-21,Norte,Mayorista,5.2,1.88
3813,7239,A,19,404.02,2024-01-13,Oeste,Distribuidor,1.4,133.34
3814,7879,A,1,468.45,2023-09-15,Norte,Tienda,0.3,223.76
3815,5759,D,5,177.14,2023-09-21,Este,Mayorista,10.7,63.3
3816,1037,E,6,6.31,2023-12-24,Centro,Online,4.6,3.44
3817,8897,E,14,225.8,2023-11-30,Centro,Mayorista,1.6,157.79
3818,6338,E,14,240.56,2023-01-12,Centro,Distribuidor,8.2,116.97
3819,2058,E,18,173.2,2023-07-25,Oeste,Online,11.3,69.18
3820,5014,A,20,487.78,2023-12-21,Oeste,Tienda,13.1,239.33
3821,913,B,20,429.52,2023-01-31,Sur,Distribuidor,8.0,173.25
3822,2036,D,9,273.59,2023-05-19,Oeste,Tienda,6.9,144.64
3823,8631,C,16,267.51,2023-10-01,Oeste,Distribuidor,11.3,139.82
3824,4424,D,17,198.21,2023-02-16,Oeste,Mayorista,11.5,64.74
3825,3670,D,15,47.1,2023-04-20,Norte,Mayorista,12.5,16.54
3826,8780,A,19,47.68,2023-05-23,Sur,Distribuidor,9.6,28.42
3827,2299,C,3,298.84,2023-12-22,Norte,Distribuidor,3.2,207.33
3828,4699,E,5,173.48,2023-06-23,Centro,Tienda,2.9,52.35
3829,9810,D,2,260.78,2023-11-15,Norte,Tienda,12.7,151.46
3830,9949,B,14,334.21,2023-05-15,Centro,Online,4.3,227.84
3831,874,D,20,422.81,2023-08-29,Este,Tienda,5.9,209.53
3832,2068,E,16,121.63,2023-11-10,Norte,Online,10.6,65.83
3833,9696,E,12,251.92,2023-09-30,Oeste,Distribuidor,11.7,154.92
3834,3219,C,4,414.04,2023-12-22,Sur,Distribuidor,11.1,275.81
3835,2076,D,11,105.35,2023-05-04,Oeste,Tienda,0.2,58.34
3836,8379,B,14,342.4,2023-04-14,Este,Distribuidor,14.2,209.78
3837,10413,E,0,457.23,2023-06-20,Sur,Mayorista,7.5,242.5
3838,3749,A,6,178.49,2024-01-17,Oeste,Distribuidor,11.6,112.26
3839,1955,D,3,259.31,2023-12-06,Sur,Mayorista,4.7,162.17
3840,7976,C,16,409.9,2023-09-20,Sur,Distribuidor,4.4,158.3
3841,3814,B,4,65.48,2023-12-15,Este,Distribuidor,9.5,24.04
3842,9244,B,16,247.76,2023-08-15,Norte,Tienda,2.0,170.92
3843,1957,A,2,462.28,2023-04-25,Centro,Online,9.7,178.46
3844,1370,D,18,45.04,2023-11-07,Oeste,Mayorista,12.5,19.63
3845,7956,D,20,411.2,2023-12-08,Centro,Distribuidor,13.9,236.05
3846,4977,B,5,79.27,2023-09-08,Oeste,Distribuidor,3.3,39.99
3847,4083,D,1,48.89,2023-08-04,Oeste,Tienda,2.1,18.65
3848,7998,E,17,268.23,2023-05-09,Sur,Online,8.4,162.14
3849,7019,C,8,372.42,2023-12-05,Este,Online,6.7,205.89
3850,5925,A,20,132.95,2023-08-01,Oeste,Tienda,4.2,67.47
3851,7799,A,3,417.93,2023-09-21,Sur,Distribuidor,7.6,232.28
3852,10145,C,20,68.02,2023-11-02,Norte,Mayorista,7.0,23.34
3853,5615,D,11,426.63,2023-05-02,Sur,Mayorista,2.2,275.87
3854,8206,E,20,259.45,2023-03-08,Norte,Online,9.9,84.01
3855,3486,A,8,253.04,2023-12-07,Este,Tienda,8.9,123.02
3856,1413,B,3,117.54,2023-12-10,Este,Distribuidor,11.6,68.32
3857,60,C,7,295.81,2023-09-15,Centro,Online,6.2,129.04
3858,4789,D,11,189.56,2023-01-02,Norte,Distribuidor,2.5,95.51
3859,5787,E,18,109.87,2023-12-31,Oeste,Mayorista,10.8,47.8
3860,8156,C,13,110.09,2023-03-03,Este,Online,8.0,45.42
3861,73,A,2,62.28,2023-02-11,Sur,Tienda,13.2,23.29
3862,1357,D,18,18.76,2023-12-01,Sur,Distribuidor,5.9,5.64
3863,2191,A,3,7.04,2023-11-04,Sur,Online,11.0,4.36
3864,1705,B,11,92.6,2023-10-14,Este,Mayorista,2.7,60.58
3865,2124,A,16,391.71,2023-04-21,Este,Online,8.3,156.59
3866,8501,C,17,267.83,2023-06-13,Oeste,Distribuidor,7.2,121.85
3867,3287,B,5,366.06,2023-07-01,Centro,Distribuidor,0.0,117.84
3868,316,E,12,143.63,2023-04-14,Este,Online,10.7,92.93
3869,1554,D,1,323.85,2023-08-03,Este,Online,10.5,192.95
3870,3481,D,10,371.57,2023-01-24,Norte,Tienda,6.3,118.45
3871,2247,D,1,301.43,2023-12-23,Este,Tienda,5.3,144.47
3872,530,D,4,51.62,2023-05-22,Norte,Tienda,2.2,27.77
3873,6959,D,14,321.89,2023-05-17,Sur,Mayorista,9.0,191.62
3874,4923,D,13,452.22,2023-02-13,Centro,Online,12.2,160.52
3875,4905,B,4,229.74,2023-03-02,Sur,Online,5.2,116.9
3876,412,A,12,424.63,2023-12-15,Sur,Online,13.1,127.52
3877,6139,D,7,389.27,2023-07-22,Norte,Online,11.4,129.82
3878,2243,E,14,112.0,2023-03-20,Centro,Tienda,4.0,70.98
3879,780,E,19,81.83,2023-04-11,Este,Distribuidor,4.0,34.28
3880,4389,C,4,65.84,2023-01-09,Este,Online,8.0,24.67
3881,8646,B,16,477.0,2023-05-03,Este,Tienda,1.2,246.64
3882,2802,B,0,240.39,2023-05-11,Este,Online,7.8,126.3
3883,2866,D,9,113.83,2023-04-28,Sur,Online,1.4,37.56
3884,4155,A,2,243.27,2023-09-11,Sur,Online,13.4,110.15
3885,10453,A,18,495.17,2023-12-15,Norte,Tienda,6.9,234.63
3886,3843,C,16,248.42,2023-06-27,Oeste,Distribuidor,1.6,96.12
3887,10393,D,13,27.78,2023-06-07,Sur,Tienda,2.3,9.49
3888,2093,D,13,493.09,2023-05-01,Sur,Distribuidor,6.8,194.02
3889,6096,E,16,477.99,2023-05-28,Centro,Online,13.9,242.84
3890,6154,C,13,152.1,2023-03-05,Sur,Distribuidor,6.3,47.33
3891,9668,B,20,208.88,2024-02-02,Sur,Online,3.5,68.0
3892,7737,D,7,250.4,2024-01-16,Este,Online,3.2,145.52
3893,4259,D,2,200.38,2023-11-26,Este,Mayorista,7.1,109.99
3894,9095,A,17,251.78,2023-07-15,Oeste,Distribuidor,5.7,80.9
3895,6382,C,17,327.47,2023-01-14,Oeste,Mayorista,5.8,213.97
3896,3438,B,5,270.01,2023-04-10,Centro,Mayorista,1.1,174.27
3897,743,D,2,333.2,2023-10-20,Este,Tienda,14.1,136.43
3898,6058,A,13,210.55,2023-04-22,Este,Distribuidor,10.5,138.07
3899,9022,C,10,17.36,2023-07-10,Oeste,Tienda,7.2,7.19
3900,6618,C,19,100.59,2023-03-01,Este,Distribuidor,6.8,48.48
3901,897,D,6,327.81,2023-07-06,Oeste,Tienda,9.3,103.67
3902,4102,D,8,95.96,2023-03-06,Este,Tienda,6.4,56.18
3903,8166,C,14,139.62,2023-09-29,Centro,Mayorista,11.7,72.57
3904,9249,E,8,195.59,2023-04-14,Norte,Online,13.6,122.97
3905,1746,C,3,275.29,2023-09-23,Este,Tienda,14.6,94.12
3906,9201,D,18,221.91,2023-05-08,Este,Mayorista,0.3,129.22
3907,8603,D,9,282.55,2023-12-08,Centro,Online,9.8,103.34
3908,8128,A,6,268.48,2023-11-17,Centro,Tienda,6.7,141.91
3909,2973,E,6,359.64,2023-10-04,Centro,Tienda,11.2,181.56
3910,5683,D,5,427.71,2023-09-12,Oeste,Distribuidor,0.5,192.02
3911,824,D,6,457.99,2023-02-16,Centro,Tienda,11.6,252.77
3912,9760,D,9,194.08,2023-08-07,Oeste,Mayorista,10.6,58.83
3913,3283,D,19,137.42,2023-07-02,Oeste,Mayorista,4.4,45.44
3914,1765,E,11,317.4,2023-10-13,Este,Mayorista,5.4,127.14
3915,6797,A,5,72.34,2023-08-22,Centro,Tienda,4.1,49.89
3916,215,D,16,56.3,2023-05-12,Sur,Mayorista,10.8,18.57
3917,1246,E,4,251.64,2023-08-30,Sur,Distribuidor,13.9,81.05
3918,2191,C,11,288.33,2023-12-16,Este,Distribuidor,8.7,140.65
3919,7060,C,4,48.48,2023-06-07,Centro,Online,13.9,19.49
3920,7409,B,15,184.86,2023-04-21,Norte,Distribuidor,1.0,65.78
3921,6750,C,9,454.98,2023-07-16,Este,Mayorista,1.4,272.2
3922,7739,B,9,71.44,2023-12-12,Sur,Online,3.0,38.91
3923,5466,C,17,207.31,2023-08-10,Oeste,Online,7.2,95.95
3924,8196,D,16,395.12,2023-05-21,Sur,Mayorista,13.7,162.79
3925,7865,E,11,454.58,2023-11-23,Norte,Tienda,5.2,313.35
3926,20,E,8,439.29,2023-12-18,Centro,Mayorista,7.4,242.26
3927,10281,E,7,85.04,2023-08-27,Sur,Mayorista,8.3,39.34
3928,5239,B,18,335.35,2023-04-03,Norte,Distribuidor,12.9,178.01
3929,3721,B,11,116.18,2023-07-27,Norte,Mayorista,3.1,73.12
3930,9855,B,11,374.0,2023-08-29,Oeste,Online,4.4,203.54
3931,1455,A,8,303.63,2023-03-28,Sur,Mayorista,11.1,210.19
3932,337,E,20,125.24,2023-11-06,Centro,Online,15.0,80.84
3933,9621,C,12,401.54,2023-11-12,Centro,Online,8.3,212.48
3934,8263,D,2,84.68,2023-05-09,Este,Mayorista,5.4,47.2
3935,6490,B,18,244.01,2024-01-14,Norte,Tienda,2.1,129.13
3936,1099,A,5,262.66,2023-01-31,Norte,Tienda,2.1,98.22
3937,1797,E,4,271.48,2023-01-08,Centro,Mayorista,4.0,162.69
3938,5639,C,15,15.69,2023-01-15,Este,Distribuidor,12.4,9.16
3939,2056,C,3,129.94,2023-02-11,Norte,Distribuidor,7.4,80.73
3940,10036,C,13,316.99,2023-06-24,Norte,Distribuidor,7.5,149.94
3941,5033,A,3,498.73,2023-08-21,Oeste,Distribuidor,13.8,263.57
3942,9564,A,2,109.31,2023-01-16,Centro,Online,10.4,59.41
3943,7436,E,6,435.58,2023-06-22,Sur,Distribuidor,3.3,202.05
3944,4917,C,1,52.46,2024-01-29,Este,Tienda,14.8,25.29
3945,4508,B,8,72.88,2023-09-26,Sur,Distribuidor,11.9,28.81
3946,38,D,0,402.53,2023-03-04,Sur,Distribuidor,10.4,245.31
3947,9508,D,1,61.66,2023-02-23,Centro,Online,5.0,27.04
3948,9920,C,18,488.97,2023-05-24,Oeste,Tienda,0.0,313.22
3949,9885,B,5,354.76,2024-01-26,Este,Mayorista,4.8,113.7
3950,2709,C,8,167.74,2023-08-21,Norte,Online,7.4,87.84
3951,3010,B,18,345.36,2023-02-27,Este,Distribuidor,5.7,125.47
3952,10178,E,18,332.67,2023-04-06,Este,Online,8.4,126.13
3953,1627,E,1,324.59,2023-05-28,Oeste,Tienda,6.7,171.67
3954,2915,E,10,211.89,2023-10-28,Sur,Distribuidor,9.6,106.93
3955,8554,E,17,451.52,2023-12-01,Sur,Tienda,7.8,241.49
3956,6283,D,4,229.83,2023-02-27,Centro,Mayorista,12.2,130.11
3957,8246,D,9,353.85,2023-05-08,Este,Tienda,8.2,108.26
3958,10437,D,2,241.42,2023-04-16,Sur,Online,9.6,161.05
3959,2701,A,2,308.08,2023-09-28,Oeste,Online,4.0,118.17
3960,354,A,3,350.42,2024-01-01,Centro,Tienda,10.7,206.24
3961,8647,A,10,333.14,2023-04-15,Norte,Distribuidor,9.5,221.8
3962,6628,C,20,327.42,2023-09-12,Este,Tienda,8.3,132.13
3963,2172,A,20,104.57,2023-06-07,Centro,Tienda,0.2,48.29
3964,6772,B,4,124.81,2023-07-07,Centro,Tienda,13.0,37.68
3965,2106,D,6,472.63,2023-12-30,Oeste,Mayorista,5.3,152.76
3966,5948,C,18,404.56,2023-03-27,Sur,Online,3.8,269.76
3967,9394,D,12,277.73,2023-11-13,Este,Online,2.1,123.47
3968,8278,B,18,175.62,2023-09-09,Oeste,Mayorista,13.3,110.42
3969,3803,B,18,8.01,2023-12-12,Oeste,Online,2.3,5.02
3970,7739,E,5,397.46,2023-02-15,Este,Tienda,11.7,225.4
3971,7156,E,1,421.56,2023-03-03,Este,Distribuidor,11.2,257.07
3972,5270,D,0,168.31,2023-11-29,Oeste,Distribuidor,14.7,107.3
3973,5191,E,15,145.19,2023-03-01,Sur,Distribuidor,14.3,45.1
3974,7700,B,3,315.82,2023-03-26,Oeste,Online,13.1,135.0
3975,6945,C,5,460.36,2023-08-24,Centro,Online,2.8,150.61
3976,6220,C,9,266.44,2023-07-20,Este,Mayorista,2.3,162.22
3977,3201,C,0,103.47,2023-09-08,Sur,Distribuidor,1.6,59.95
3978,9451,B,1,415.19,2024-01-19,Norte,Distribuidor,1.7,204.37
3979,7718,E,3,250.67,2023-02-15,Norte,Tienda,6.4,140.46
3980,697,B,17,266.74,2023-02-27,Centro,Online,6.7,176.52
3981,5782,C,14,331.9,2024-01-22,Este,Online,9.1,184.5
3982,2929,B,15,247.21,2023-04-16,Norte,Online,14.4,130.31
3983,6,C,17,277.81,2024-01-22,Norte,Tienda,1.2,86.57
3984,8454,B,12,371.3,2024-01-30,Norte,Distribuidor,4.4,152.45
3985,2888,D,4,14.55,2023-09-25,Norte,Online,2.8,5.39
3986,4989,B,11,270.43,2023-02-22,Oeste,Online,6.4,95.39
3987,1329,D,10,178.44,2023-09-07,Norte,Online,13.9,58.94
3988,4266,C,9,252.65,2023-02-28,Oeste,Tienda,13.9,111.39
3989,4949,E,6,456.33,2023-07-13,Norte,Tienda,7.3,236.44
3990,1101,C,7,160.25,2023-10-16,Centro,Online,10.3,89.72
3991,8024,E,13,361.01,2023-11-04,Este,Tienda,15.0,191.66
3992,1986,A,5,444.83,2023-06-20,Centro,Mayorista,3.2,284.93
3993,4294,C,16,396.66,2023-09-21,Norte,Mayorista,7.9,239.05
3994,7560,B,9,201.58,2023-04-11,Sur,Distribuidor,8.7,105.85
3995,9847,B,14,61.02,2023-01-13,Norte,Tienda,9.3,21.65
3996,7467,E,20,117.8,2023-03-28,Norte,Tienda,4.9,56.99
3997,3806,A,16,109.45,2023-08-03,Oeste,Mayorista,1.9,50.86
3998,7716,B,11,14.01,2023-05-31,Sur,Mayorista,3.7,6.44
3999,985,D,13,73.96,2023-02-11,Este,Online,11.2,43.64
4000,5496,A,8,242.94,2023-05-31,Este,Online,7.2,79.42
4001,8398,E,15,394.82,2023-02-01,Centro,Distribuidor,14.8,226.28
4002,9162,E,2,23.81,2023-07-29,Este,Distribuidor,6.9,12.36
4003,5961,E,9,423.24,2023-10-08,Norte,Tienda,14.9,239.94
4004,5325,A,19,365.73,2023-06-25,Sur,Online,13.2,245.84
4005,5830,D,19,357.67,2023-04-11,Oeste,Tienda,11.9,107.36
4006,2124,A,11,479.28,2023-09-04,Norte,Mayorista,8.5,325.93
4007,5211,A,7,70.03,2023-06-18,Sur,Online,7.5,32.53
4008,1713,C,1,489.32,2023-03-30,Centro,Online,2.8,277.0
4009,3288,C,18,141.57,2023-09-23,Oeste,Mayorista,6.2,91.57
4010,5055,B,12,321.1,2023-03-22,Sur,Mayorista,10.6,125.16
4011,4740,D,14,477.92,2023-09-20,Norte,Distribuidor,9.4,284.61
4012,3683,D,4,354.84,2023-07-08,Oeste,Tienda,14.6,148.43
4013,8448,D,9,244.64,2023-08-22,Oeste,Mayorista,2.3,104.17
4014,7563,B,9,302.84,2023-07-14,Sur,Tienda,1.0,199.01
4015,1603,A,3,338.09,2023-05-12,Sur,Online,0.9,203.11
4016,1137,D,20,280.54,2023-03-16,Oeste,Tienda,11.2,180.6
4017,4967,A,6,202.82,2023-08-20,Centro,Tienda,2.7,93.62
4018,8040,D,18,124.99,2023-04-24,Oeste,Distribuidor,9.1,73.66
4019,9032,A,1,227.61,2023-02-22,Oeste,Mayorista,5.0,117.25
4020,8700,A,4,125.42,2023-11-15,Oeste,Mayorista,0.0,63.16
4021,2391,C,12,125.79,2023-05-07,Norte,Online,5.3,72.68
4022,969,E,2,43.59,2023-02-07,Norte,Online,14.2,24.06
4023,5726,C,5,34.86,2023-05-08,Centro,Tienda,2.5,20.15
4024,5025,E,20,146.42,2023-08-13,Centro,Mayorista,12.5,81.03
4025,10121,D,12,126.86,2023-06-22,Este,Mayorista,4.8,77.62
4026,1105,E,0,419.52,2024-01-01,Este,Mayorista,4.4,170.39
4027,7111,D,17,121.81,2023-02-02,Centro,Online,2.7,52.74
4028,572,E,0,199.68,2023-12-26,Norte,Tienda,14.6,106.58
4029,5099,B,10,410.08,2023-12-23,Oeste,Distribuidor,1.3,244.49
4030,8870,A,17,355.35,2023-03-30,Este,Online,13.7,144.51
4031,4492,C,16,43.81,2023-03-06,Este,Online,14.0,25.79
4032,4230,E,9,258.42,2023-06-29,Sur,Distribuidor,13.2,97.98
4033,8996,C,5,185.97,2023-11-13,Sur,Mayorista,7.0,123.73
4034,7982,D,14,69.96,2023-04-11,Norte,Distribuidor,3.5,31.44
4035,10432,E,2,358.54,2023-01-21,Centro,Tienda,5.8,198.21
4036,2638,D,17,357.08,2023-11-06,Oeste,Distribuidor,2.4,132.77
4037,8027,E,4,210.74,2023-09-13,Centro,Online,14.0,106.45
4038,1494,C,9,277.33,2023-07-05,Sur,Distribuidor,2.6,168.94
4039,637,B,19,472.72,2023-12-17,Centro,Distribuidor,9.5,266.31
4040,5651,D,0,82.15,2023-01-20,Oeste,Distribuidor,1.0,41.85
4041,5582,B,17,267.26,2023-03-17,Oeste,Online,5.4,95.48
4042,5489,D,2,182.21,2023-06-19,Este,Online,3.9,107.96
4043,6663,E,1,233.9,2023-12-05,Oeste,Online,7.6,89.39
4044,9399,B,2,52.13,2023-09-19,Norte,Tienda,0.3,27.32
4045,526,E,7,406.94,2023-11-25,Norte,Mayorista,9.6,124.62
4046,3174,C,4,173.29,2023-05-07,Este,Mayorista,0.5,111.3
4047,8798,A,5,283.46,2023-08-19,Oeste,Online,0.9,117.05
4048,4909,B,20,243.83,2023-08-31,Oeste,Mayorista,3.7,79.56
4049,7740,B,17,94.33,2024-01-28,Oeste,Mayorista,1.8,64.07
4050,2207,E,20,414.37,2024-01-26,Oeste,Tienda,11.6,166.54
4051,5372,B,19,300.86,2023-09-27,Centro,Distribuidor,8.3,147.62
4052,6145,E,13,56.98,2023-09-05,Norte,Distribuidor,7.9,27.26
4053,8131,A,8,439.07,2023-02-13,Centro,Mayorista,11.2,219.33
4054,2737,C,20,298.3,2023-10-21,Este,Distribuidor,11.2,100.57
4055,1917,A,2,244.09,2023-04-02,Oeste,Distribuidor,14.5,165.08
4056,4025,E,0,452.44,2023-01-26,Norte,Mayorista,7.3,267.92
4057,4831,A,6,182.5,2023-10-29,Norte,Online,3.8,70.08
4058,7979,C,15,160.21,2023-07-29,Oeste,Distribuidor,5.7,107.82
4059,4918,E,19,77.2,2023-07-24,Oeste,Distribuidor,12.1,33.79
4060,992,B,15,222.52,2023-02-28,Centro,Tienda,4.6,130.93
4061,2669,A,5,40.45,2023-10-29,Norte,Tienda,5.9,16.79
4062,5020,E,2,108.79,2023-04-26,Este,Online,7.8,54.94
4063,2087,E,13,151.42,2023-06-24,Centro,Online,10.4,104.08
4064,1466,B,10,342.53,2024-01-28,Este,Distribuidor,2.8,140.08
4065,669,D,15,96.85,2023-01-30,Sur,Mayorista,13.3,36.89
4066,3921,D,18,341.4,2024-02-01,Oeste,Tienda,12.7,104.74
4067,9882,A,4,467.22,2023-10-15,Centro,Distribuidor,8.6,235.05
4068,2651,A,11,434.17,2023-08-30,Este,Tienda,4.0,193.76
4069,9350,C,5,395.29,2023-04-08,Este,Distribuidor,0.1,204.17
4070,1622,C,18,51.77,2023-03-12,Sur,Distribuidor,1.6,25.7
4071,7193,B,9,161.53,2023-05-12,Este,Tienda,2.2,71.53
4072,4091,C,17,357.99,2023-10-08,Oeste,Mayorista,12.1,135.78
4073,1875,E,11,63.88,2023-04-22,Centro,Online,10.6,20.65
4074,10310,A,15,433.92,2023-09-28,Sur,Mayorista,12.6,178.09
4075,7073,D,3,127.26,2023-01-15,Centro,Mayorista,11.2,70.58
4076,4127,E,8,496.34,2023-04-07,Norte,Online,8.1,161.16
4077,6935,A,11,165.63,2023-03-14,Centro,Tienda,2.0,112.95
4078,8647,D,15,139.6,2023-07-27,Oeste,Online,10.5,73.69
4079,4787,D,0,288.08,2023-10-08,Sur,Mayorista,3.3,132.7
4080,2048,D,0,456.78,2024-01-16,Sur,Tienda,14.8,168.95
4081,9047,D,12,407.68,2023-10-09,Sur,Mayorista,0.8,276.08
4082,3438,B,20,370.65,2023-05-27,Oeste,Distribuidor,1.0,183.74
4083,10213,E,7,419.61,2023-08-15,Oeste,Distribuidor,8.5,286.48
4084,9738,C,13,228.22,2023-05-26,Sur,Online,1.3,83.63
4085,4519,D,11,246.96,2023-01-10,Centro,Tienda,0.3,135.09
4086,7701,C,5,200.98,2023-03-04,Este,Tienda,9.3,118.03
4087,893,C,4,388.84,2023-01-09,Oeste,Mayorista,2.8,150.07
4088,10374,B,0,122.95,2024-01-29,Norte,Distribuidor,7.1,73.03
4089,2511,B,17,417.69,2023-08-21,Centro,Tienda,3.8,225.06
4090,8006,C,2,191.76,2023-10-18,Centro,Online,8.3,81.1
4091,9030,E,15,275.49,2023-12-19,Centro,Distribuidor,10.6,168.1
4092,3212,E,4,255.67,2023-05-17,Oeste,Mayorista,14.9,126.84
4093,6828,B,1,464.18,2023-05-20,Centro,Tienda,14.4,305.55
4094,6693,B,0,285.13,2023-07-07,Centro,Distribuidor,11.5,95.51
4095,6975,A,0,154.71,2023-09-07,Este,Tienda,13.8,89.72
4096,1889,B,0,356.7,2023-10-14,Oeste,Online,13.8,129.97
4097,1006,D,20,400.68,2023-12-27,Norte,Mayorista,6.4,242.62
4098,7863,B,1,315.14,2024-01-27,Norte,Online,7.7,191.29
4099,1388,A,4,344.95,2023-05-24,Oeste,Mayorista,12.8,241.01
4100,2974,B,9,348.54,2024-01-02,Centro,Distribuidor,2.9,221.47
4101,2338,D,2,454.53,2023-01-30,Este,Tienda,6.6,196.95
4102,9057,E,15,8.9,2023-11-26,Centro,Mayorista,1.0,5.43
4103,4376,D,16,68.24,2023-10-18,Oeste,Tienda,5.5,45.94
4104,2349,D,16,213.23,2023-08-01,Oeste,Tienda,1.6,108.0
4105,6329,A,17,347.0,2023-12-28,Este,Distribuidor,13.4,221.05
4106,2220,D,8,88.17,2023-12-11,Norte,Tienda,11.1,46.75
4107,2117,C,12,207.47,2023-04-07,Sur,Tienda,5.9,98.75
4108,7413,C,19,386.7,2023-05-26,Este,Distribuidor,11.2,170.92
4109,6934,C,4,260.64,2023-05-13,Sur,Distribuidor,10.1,128.69
4110,2041,C,17,440.78,2023-11-30,Este,Tienda,6.5,250.53
4111,7975,E,2,25.04,2023-05-20,Centro,Mayorista,5.4,10.45
4112,10250,B,1,496.32,2023-07-09,Oeste,Distribuidor,11.1,171.86
4113,5666,C,1,211.18,2023-10-03,Oeste,Online,4.7,77.06
4114,2953,E,6,182.87,2023-07-20,Norte,Tienda,14.5,111.09
4115,1994,A,7,129.54,2023-11-14,Norte,Online,0.8,59.62
4116,1250,E,13,278.98,2023-03-03,Sur,Mayorista,7.8,159.0
4117,1632,B,15,336.43,2023-10-15,Centro,Distribuidor,10.4,134.61
4118,752,B,1,379.41,2023-06-02,Sur,Online,3.9,246.7
4119,597,E,8,346.02,2023-02-14,Norte,Online,11.9,110.38
4120,8885,E,20,476.69,2023-02-10,Sur,Distribuidor,14.3,329.17
4121,2453,A,20,470.27,2023-08-18,Este,Online,14.1,266.01
4122,6784,C,10,477.66,2023-10-14,Centro,Mayorista,1.7,153.53
4123,18,A,2,441.64,2023-04-23,Sur,Mayorista,14.3,212.05
4124,1035,D,5,135.88,2023-12-11,Oeste,Online,2.6,67.47
4125,9286,E,8,97.86,2023-08-31,Este,Mayorista,10.2,66.74
4126,5621,E,15,445.74,2024-02-01,Oeste,Distribuidor,3.6,293.38
4127,8547,C,13,420.89,2023-03-30,Centro,Distribuidor,9.9,170.19
4128,2549,C,8,472.71,2023-02-15,Oeste,Mayorista,3.1,330.47
4129,9792,D,13,349.61,2023-08-27,Este,Online,6.2,239.14
4130,1953,D,4,377.06,2023-04-27,Este,Tienda,0.9,234.62
4131,9703,D,9,34.87,2023-07-09,Oeste,Distribuidor,12.7,19.21
4132,91,D,15,460.3,2023-01-19,Sur,Tienda,3.9,305.23
4133,4250,A,10,379.09,2023-02-11,Este,Online,3.1,155.44
4134,7313,B,18,383.38,2023-03-04,Centro,Mayorista,14.5,217.13
4135,7224,A,6,165.5,2023-08-18,Norte,Distribuidor,7.4,86.44
4136,6335,A,13,245.14,2023-12-15,Oeste,Distribuidor,7.8,169.53
4137,7457,E,4,289.57,2023-07-15,Sur,Tienda,8.0,124.16
4138,3629,A,1,325.12,2023-06-29,Este,Online,1.0,204.14
4139,7290,C,0,347.09,2023-01-26,Este,Online,2.5,126.93
4140,784,D,13,430.66,2024-01-01,Oeste,Tienda,11.7,270.53
4141,6635,C,12,130.1,2023-07-16,Sur,Distribuidor,7.9,82.99
4142,6967,A,16,206.5,2023-01-03,Sur,Online,1.6,132.38
4143,7725,E,14,186.78,2023-01-25,Oeste,Distribuidor,5.8,88.94
4144,5767,B,3,272.24,2023-12-11,Norte,Online,8.8,137.25
4145,5503,C,13,80.41,2023-09-26,Centro,Online,8.8,40.37
4146,10255,A,3,436.91,2023-04-15,Centro,Mayorista,4.8,171.28
4147,935,D,2,165.77,2023-12-04,Sur,Mayorista,14.2,115.82
4148,9066,A,16,32.77,2024-01-23,Oeste,Distribuidor,9.0,16.08
4149,2446,D,17,378.93,2024-01-28,Sur,Distribuidor,0.4,129.65
4150,1258,C,6,5.91,2023-04-19,Este,Online,14.2,3.22
4151,10073,E,10,167.12,2023-02-01,Norte,Tienda,13.7,107.81
4152,7094,A,16,100.77,2024-02-04,Norte,Distribuidor,3.6,59.62
4153,6635,E,11,198.03,2023-04-26,Oeste,Online,12.0,84.55
4154,1497,E,6,21.18,2023-01-22,Norte,Distribuidor,1.4,11.41
4155,8205,B,15,381.68,2023-01-04,Norte,Online,12.4,215.18
4156,2011,E,17,482.19,2023-03-22,Sur,Mayorista,8.0,173.98
4157,4853,C,11,233.51,2023-12-25,Norte,Mayorista,1.4,152.81
4158,2604,C,11,488.46,2023-10-13,Centro,Mayorista,9.3,232.53
4159,1531,E,13,48.99,2023-01-16,Sur,Tienda,14.7,24.93
4160,8892,A,2,201.17,2024-01-07,Centro,Online,8.5,118.5
4161,8188,D,4,391.13,2023-12-13,Norte,Online,8.7,267.7
4162,130,A,9,143.93,2023-09-25,Sur,Distribuidor,4.3,49.24
4163,8668,C,9,65.44,2023-04-30,Sur,Distribuidor,3.0,35.53
4164,547,B,12,297.39,2023-11-13,Centro,Tienda,12.9,116.13
4165,770,C,0,133.37,2023-01-28,Oeste,Online,3.3,54.99
4166,6463,A,0,250.99,2024-01-05,Centro,Tienda,6.1,169.38
4167,1222,C,2,431.36,2023-10-15,Este,Online,13.4,219.0
4168,6860,C,14,436.9,2023-07-20,Sur,Tienda,12.1,259.79
4169,4778,B,4,174.97,2024-01-07,Oeste,Online,14.8,95.02
4170,3121,D,2,471.39,2023-06-21,Este,Online,7.6,189.21
4171,2114,D,5,220.56,2023-04-04,Sur,Distribuidor,9.4,133.9
4172,6832,C,8,494.34,2023-10-16,Oeste,Online,12.6,234.01
4173,6071,C,6,426.53,2023-03-06,Sur,Distribuidor,10.5,172.62
4174,8628,D,15,430.13,2023-07-22,Oeste,Tienda,13.9,261.4
4175,9278,C,10,377.44,2023-07-01,Centro,Online,9.6,207.73
4176,4369,A,10,145.65,2023-08-20,Oeste,Mayorista,2.5,61.02
4177,9643,B,15,124.07,2023-10-11,Este,Distribuidor,6.3,37.54
4178,927,E,10,330.56,2023-05-09,Centro,Online,14.3,222.51
4179,681,A,19,383.2,2023-10-11,Oeste,Tienda,14.4,128.71
4180,10067,C,16,233.44,2023-09-20,Norte,Online,12.3,70.11
4181,2597,C,12,28.37,2023-07-18,Norte,Online,7.9,14.4
4182,10319,C,16,102.14,2023-09-06,Centro,Distribuidor,0.6,34.3
4183,8570,E,7,8.98,2023-04-21,Centro,Tienda,9.8,4.53
4184,9477,A,10,211.7,2023-06-02,Este,Distribuidor,14.9,117.08
4185,3431,D,15,356.12,2023-04-04,Norte,Distribuidor,9.9,113.6
4186,3070,D,5,274.83,2024-01-13,Sur,Tienda,8.7,149.74
4187,8768,E,16,499.94,2023-06-20,Sur,Distribuidor,6.9,239.3
4188,6392,C,0,313.91,2024-02-04,Este,Tienda,0.6,139.69
4189,3554,E,9,245.97,2023-09-20,Oeste,Tienda,0.9,110.69
4190,4904,E,2,74.11,2023-09-20,Oeste,Tienda,12.1,32.61
4191,288,E,16,248.38,2023-05-15,Sur,Mayorista,9.8,140.11
4192,9933,E,3,441.62,2023-02-10,Este,Online,4.9,140.34
4193,2773,B,11,215.04,2023-09-29,Oeste,Tienda,13.1,148.81
4194,7348,D,14,114.93,2023-09-07,Centro,Tienda,0.7,68.63
4195,1748,D,11,126.19,2023-06-24,Este,Tienda,0.3,48.03
4196,6765,D,19,469.59,2023-03-21,Norte,Online,8.6,177.84
4197,1965,C,2,204.02,2023-03-09,Este,Online,2.2,83.65
4198,2613,E,4,320.45,2023-12-20,Este,Tienda,6.4,138.53
4199,3831,B,11,275.17,2023-06-03,Oeste,Mayorista,1.6,133.65
4200,5464,E,3,466.48,2023-10-06,Sur,Mayorista,3.1,292.76
4201,3312,E,3,383.94,2023-06-28,Norte,Online,1.5,221.93
4202,4416,E,20,405.04,2023-08-14,Centro,Distribuidor,0.6,193.55
4203,6314,A,8,246.55,2023-11-14,Norte,Distribuidor,1.6,100.44
4204,5191,B,12,422.24,2023-02-02,Norte,Online,3.5,234.67
4205,1161,A,10,59.17,2023-09-23,Sur,Mayorista,10.2,38.34
4206,6875,A,20,324.8,2023-06-02,Norte,Distribuidor,3.3,140.97
4207,5644,C,16,244.67,2023-02-14,Este,Mayorista,12.2,148.58
4208,7488,C,7,146.74,2023-06-26,Centro,Distribuidor,7.9,81.68
4209,8170,D,2,195.99,2023-04-26,Este,Mayorista,7.5,102.92
4210,7326,A,2,121.32,2023-10-21,Oeste,Mayorista,14.5,79.02
4211,6042,C,20,128.38,2023-06-16,Sur,Distribuidor,12.5,81.48
4212,4435,A,15,453.9,2023-04-19,Norte,Mayorista,14.7,291.65
4213,9481,D,4,208.78,2023-02-13,Centro,Online,7.9,126.93
4214,7630,A,7,318.87,2023-08-15,Este,Tienda,3.9,138.2
4215,979,D,20,391.47,2023-06-06,Norte,Mayorista,12.8,194.98
4216,5317,A,20,20.3,2023-12-18,Este,Mayorista,11.4,13.02
4217,1178,D,11,431.37,2024-01-26,Norte,Distribuidor,4.8,144.36
4218,4371,E,14,129.89,2023-06-17,Centro,Mayorista,10.9,87.4
4219,10035,B,12,233.77,2023-02-12,Norte,Distribuidor,13.4,121.86
4220,5818,B,9,496.95,2023-01-23,Centro,Mayorista,14.7,310.98
4221,9187,E,7,343.32,2023-12-25,Este,Tienda,13.5,104.74
4222,8039,D,16,225.22,2023-12-24,Oeste,Online,0.1,99.87
4223,10282,B,12,196.25,2023-04-26,Centro,Online,4.0,132.93
4224,1451,A,9,124.44,2023-02-12,Oeste,Mayorista,9.1,70.96
4225,1673,C,13,106.17,2023-02-09,Sur,Mayorista,14.7,69.93
4226,4403,C,18,63.48,2023-01-10,Centro,Tienda,10.2,29.17
4227,9053,B,15,242.62,2023-11-02,Oeste,Distribuidor,4.7,116.51
4228,3412,C,20,469.68,2024-02-02,Sur,Mayorista,2.2,227.33
4229,4809,C,0,344.5,2024-01-25,Oeste,Mayorista,6.8,191.08
4230,3685,D,20,433.02,2023-08-23,Norte,Mayorista,12.0,261.71
4231,7249,A,7,93.23,2023-07-20,Norte,Tienda,9.2,28.62
4232,3107,D,18,255.23,2023-04-17,Este,Mayorista,11.3,166.55
4233,2796,E,10,392.23,2023-09-06,Centro,Distribuidor,0.2,234.29
4234,2188,C,20,38.12,2023-05-11,Oeste,Mayorista,1.5,17.91
4235,1818,E,12,330.72,2023-12-02,Este,Mayorista,8.5,166.17
4236,482,B,2,240.94,2023-10-26,Centro,Tienda,10.4,138.51
4237,4256,B,4,349.2,2023-09-19,Centro,Distribuidor,4.0,208.14
4238,7931,E,4,203.34,2023-08-06,Norte,Tienda,13.5,122.78
4239,7212,E,7,64.0,2023-07-20,Norte,Online,13.1,34.33
4240,1121,B,4,220.33,2024-01-02,Este,Tienda,14.6,99.67
4241,6645,E,6,453.99,2023-12-06,Oeste,Tienda,4.9,148.27
4242,6243,C,14,86.63,2023-08-03,Sur,Distribuidor,9.0,31.1
4243,3659,B,7,389.49,2023-02-03,Sur,Mayorista,12.8,230.35
4244,6146,B,15,419.44,2023-08-13,Centro,Tienda,11.8,237.45
4245,8249,B,20,155.76,2023-09-20,Este,Mayorista,1.8,89.65
4246,6188,A,17,299.17,2023-04-18,Sur,Online,10.0,109.92
4247,9325,B,6,183.78,2023-10-26,Centro,Tienda,2.8,79.69
4248,6896,B,8,58.39,2023-09-25,Norte,Mayorista,1.1,25.03
4249,8268,D,5,298.35,2023-09-04,Centro,Online,11.4,96.85
4250,4713,D,13,427.6,2023-06-30,Norte,Mayorista,12.9,269.31
4251,4029,B,16,259.49,2023-04-28,Sur,Distribuidor,6.2,81.87
4252,6208,C,2,198.79,2023-03-23,Oeste,Tienda,12.3,94.78
4253,7440,B,12,147.58,2023-12-21,Norte,Online,5.0,85.0
4254,1011,D,8,284.46,2023-11-10,Oeste,Mayorista,12.0,90.91
4255,4186,E,15,468.61,2023-07-31,Sur,Distribuidor,2.0,224.69
4256,10098,D,3,245.83,2023-11-27,Centro,Online,8.5,128.9
4257,9135,B,18,398.85,2023-10-06,Norte,Tienda,7.6,257.17
4258,7996,B,17,318.04,2023-03-01,Este,Distribuidor,12.3,136.28
4259,8972,B,0,192.41,2023-03-29,Oeste,Online,4.2,124.91
4260,4491,B,2,330.89,2023-07-22,Sur,Tienda,10.1,158.13
4261,2959,A,12,454.61,2023-02-19,Centro,Online,5.4,222.92
4262,9189,D,3,141.56,2023-01-09,Centro,Distribuidor,0.9,57.17
4263,138,E,11,432.5,2023-01-03,Este,Distribuidor,12.4,184.98
4264,7754,C,11,474.47,2023-04-02,Oeste,Distribuidor,6.5,190.65
4265,1118,D,11,167.28,2023-01-08,Centro,Tienda,9.3,106.05
4266,7512,C,17,413.42,2023-06-27,Norte,Distribuidor,4.0,234.62
4267,3429,A,17,461.83,2024-01-23,Centro,Tienda,3.8,146.74
4268,205,B,12,298.32,2023-12-11,Centro,Mayorista,12.1,174.35
4269,3634,A,5,79.39,2023-09-10,Centro,Mayorista,12.8,34.64
4270,6599,D,3,208.72,2023-07-05,Centro,Distribuidor,13.6,141.57
4271,1394,C,13,331.78,2023-04-13,Centro,Distribuidor,10.8,228.07
4272,10461,D,15,305.09,2023-05-15,Norte,Online,9.1,205.68
4273,3777,D,4,77.45,2023-12-23,Este,Tienda,4.3,45.57
4274,1559,C,10,423.83,2023-08-14,Centro,Tienda,6.4,216.7
4275,6580,B,11,342.49,2023-01-21,Centro,Distribuidor,2.7,164.23
4276,7103,B,8,289.57,2023-02-07,Oeste,Tienda,0.2,92.9
4277,8915,C,18,394.98,2023-08-25,Este,Distribuidor,13.8,181.16
4278,1033,A,20,255.52,2023-09-28,Norte,Distribuidor,3.6,116.81
4279,2805,B,13,8.32,2023-10-09,Oeste,Distribuidor,0.8,3.35
4280,4487,E,19,6.85,2023-10-28,Oeste,Mayorista,12.6,3.29
4281,1022,C,17,219.57,2023-02-19,Oeste,Distribuidor,2.6,92.92
4282,10465,A,16,228.87,2023-12-04,Este,Tienda,4.4,156.52
4283,8830,D,5,349.08,2024-01-21,Este,Online,11.0,155.27
4284,5873,E,13,330.44,2023-01-19,Oeste,Online,3.0,197.86
4285,4914,A,16,360.61,2023-11-21,Este,Distribuidor,3.2,109.87
4286,7466,E,14,489.31,2023-12-29,Centro,Mayorista,6.8,290.09
4287,9655,B,12,438.49,2023-05-27,Sur,Tienda,5.5,133.36
4288,8990,E,11,323.63,2023-01-26,Sur,Online,5.0,197.37
4289,2750,D,12,269.88,2024-01-10,Sur,Distribuidor,9.3,121.55
4290,6536,A,8,390.6,2023-01-03,Norte,Tienda,2.0,153.62
4291,4338,B,19,139.42,2023-02-01,Oeste,Online,12.8,94.75
4292,8341,A,15,112.58,2024-01-13,Centro,Tienda,5.1,43.12
4293,8083,E,18,313.6,2023-06-13,Norte,Distribuidor,14.8,113.2
4294,4825,A,9,158.5,2023-07-15,Este,Distribuidor,13.2,75.19
4295,9973,E,18,237.64,2023-01-30,Sur,Online,10.9,159.93
4296,8615,E,3,152.87,2023-06-16,Norte,Tienda,0.1,92.98
4297,9318,E,12,367.7,2023-04-17,Este,Mayorista,1.2,184.82
4298,3440,E,1,91.64,2023-10-13,Centro,Online,6.4,39.35
4299,5366,D,7,161.32,2023-08-04,Sur,Distribuidor,10.7,109.53
4300,7348,A,14,430.54,2023-06-12,Oeste,Online,7.4,137.07
4301,8666,B,12,241.22,2024-01-17,Norte,Distribuidor,7.6,162.1
4302,9908,C,2,470.26,2023-06-07,Centro,Distribuidor,13.1,271.82
4303,9926,E,12,159.3,2023-12-04,Sur,Online,5.0,77.73
4304,6204,E,9,29.29,2023-01-16,Centro,Online,5.3,10.54
4305,2076,E,7,266.33,2024-01-15,Norte,Tienda,2.3,148.66
4306,6017,E,9,76.22,2023-05-26,Oeste,Tienda,2.2,32.07
4307,7919,B,15,244.1,2023-08-10,Centro,Mayorista,6.2,167.8
4308,5980,C,0,412.37,2023-12-19,Sur,Mayorista,3.6,125.32
4309,4835,B,9,125.78,2023-05-21,Oeste,Mayorista,11.3,45.73
4310,648,E,9,117.76,2023-01-22,Este,Online,11.8,46.95
4311,8771,D,7,190.29,2023-10-02,Sur,Distribuidor,9.6,81.47
4312,9250,E,10,153.68,2023-12-08,Sur,Mayorista,13.0,51.56
4313,9893,C,19,178.14,2023-09-02,Oeste,Distribuidor,6.0,120.98
4314,4643,A,2,144.4,2024-01-25,Este,Online,2.7,46.11
4315,4443,B,0,265.36,2023-09-02,Sur,Tienda,7.4,138.49
4316,7183,A,9,281.52,2024-01-18,Este,Tienda,5.5,147.26
4317,2264,A,12,280.59,2023-09-01,Este,Mayorista,12.1,147.79
4318,6155,C,11,232.97,2023-05-27,Sur,Online,10.3,92.31
4319,9286,B,15,89.44,2023-11-23,Norte,Tienda,7.0,44.57
4320,6009,C,4,335.61,2023-09-17,Centro,Online,8.9,142.36
4321,5630,B,5,287.53,2023-08-17,Este,Tienda,13.5,96.01
4322,1715,A,5,416.35,2023-05-07,Centro,Mayorista,12.8,144.39
4323,6562,C,14,239.57,2023-12-08,Centro,Distribuidor,6.5,163.91
4324,10306,B,1,326.1,2023-02-18,Este,Mayorista,11.7,137.7
4325,3969,B,19,268.0,2023-11-25,Este,Distribuidor,5.0,109.46
4326,3375,B,0,235.49,2023-11-25,Oeste,Tienda,5.7,82.58
4327,349,B,4,302.28,2023-08-14,Este,Tienda,5.4,166.04
4328,5883,A,6,79.08,2023-05-13,Este,Tienda,10.4,28.83
4329,6636,D,6,288.17,2023-02-19,Norte,Distribuidor,4.1,96.81
4330,4206,D,11,295.37,2023-10-03,Centro,Tienda,8.9,96.11
4331,1749,A,18,390.84,2023-10-30,Oeste,Mayorista,13.1,184.2
4332,4432,A,2,62.01,2023-08-20,Sur,Online,12.2,34.85
4333,6407,A,16,13.02,2023-10-18,Norte,Tienda,3.5,4.43
4334,1734,A,15,263.51,2023-09-29,Norte,Online,6.2,101.05
4335,1218,D,8,116.24,2023-11-07,Sur,Tienda,11.5,61.48
4336,3620,D,16,354.17,2024-02-04,Norte,Distribuidor,12.7,117.62
4337,5123,D,12,197.61,2023-02-28,Este,Tienda,5.5,133.67
4338,3814,A,3,95.92,2023-12-25,Oeste,Online,11.6,54.64
4339,5842,A,2,259.51,2023-08-12,Sur,Tienda,2.4,162.62
4340,9759,E,13,334.29,2023-06-03,Norte,Mayorista,8.6,150.54
4341,6776,E,0,169.72,2023-12-26,Centro,Online,9.3,64.96
4342,1892,E,0,277.73,2023-02-01,Centro,Tienda,6.1,185.54
4343,7103,A,20,174.13,2023-10-13,Este,Distribuidor,13.2,69.8
4344,5507,A,16,171.64,2023-12-16,Norte,Tienda,4.0,90.52
4345,8310,E,10,184.51,2023-07-04,Norte,Online,13.3,127.45
4346,10090,D,5,244.87,2023-06-15,Este,Mayorista,7.9,81.33
4347,3766,B,4,8.12,2024-01-28,Este,Mayorista,9.1,4.36
4348,2551,D,12,245.18,2023-03-29,Norte,Distribuidor,12.0,120.21
4349,5195,D,10,496.65,2023-08-02,Norte,Mayorista,7.6,258.86
4350,10073,B,12,62.09,2023-11-07,Norte,Online,9.1,25.46
4351,8444,C,16,67.59,2023-10-21,Este,Tienda,6.1,42.99
4352,5477,D,18,300.53,2023-04-29,Norte,Distribuidor,9.6,165.41
4353,7749,E,16,300.0,2023-11-28,Sur,Online,13.3,103.55
4354,7159,E,0,482.78,2023-07-09,Centro,Distribuidor,13.6,209.12
4355,273,E,11,170.23,2023-02-18,Este,Distribuidor,8.7,97.41
4356,2548,C,3,96.03,2023-09-02,Este,Online,7.7,63.45
4357,1896,E,11,497.86,2023-12-20,Centro,Mayorista,8.5,303.27
4358,8643,A,3,297.05,2023-05-12,Norte,Tienda,14.5,190.49
4359,9815,E,5,235.15,2023-04-12,Oeste,Online,4.8,98.7
4360,526,E,0,359.1,2023-04-14,Sur,Distribuidor,3.1,230.15
4361,2860,A,17,194.64,2023-09-18,Sur,Distribuidor,14.0,118.32
4362,8783,C,12,280.42,2023-07-26,Oeste,Mayorista,4.4,143.62
4363,2264,B,12,34.48,2024-02-03,Oeste,Mayorista,7.8,10.51
4364,4141,A,19,277.51,2023-07-28,Centro,Mayorista,8.3,160.98
4365,1025,A,11,470.21,2023-02-12,Oeste,Online,9.3,257.79
4366,1665,B,7,283.99,2023-01-25,Centro,Distribuidor,7.6,112.63
4367,7912,C,1,249.1,2023-04-06,Este,Tienda,8.5,108.83
4368,9571,D,0,31.21,2023-11-07,Este,Distribuidor,9.2,18.07
4369,9832,A,20,249.23,2023-06-09,Este,Tienda,7.9,96.54
4370,5965,E,11,58.09,2023-06-27,Este,Online,4.4,30.99
4371,219,B,3,81.2,2023-05-31,Centro,Online,0.8,33.46
4372,3574,B,7,102.79,2023-09-20,Norte,Online,8.3,50.05
4373,3480,E,20,165.12,2023-05-12,Norte,Tienda,6.6,99.89
4374,1208,C,9,233.32,2023-09-24,Oeste,Mayorista,8.3,130.65
4375,9112,B,8,167.21,2023-04-18,Norte,Tienda,6.2,80.16
4376,9709,A,2,202.71,2023-06-21,Sur,Distribuidor,13.0,128.18
4377,8011,B,6,145.57,2023-10-23,Centro,Tienda,9.3,70.87
4378,795,B,7,153.12,2023-02-19,Este,Distribuidor,0.1,70.81
4379,8750,B,19,38.04,2023-04-20,Oeste,Online,0.7,21.61
4380,1775,A,13,494.77,2023-07-31,Este,Tienda,5.8,224.99
4381,1334,C,7,333.3,2024-01-08,Oeste,Distribuidor,14.0,207.42
4382,1864,E,14,286.14,2023-03-29,Norte,Online,14.6,95.69
4383,6671,D,17,23.58,2023-06-03,Este,Online,5.2,12.01
4384,7379,B,13,278.7,2023-09-23,Este,Mayorista,11.4,135.08
4385,2275,D,12,383.87,2023-10-25,Este,Tienda,3.3,258.22
4386,8403,C,1,282.45,2023-04-22,Sur,Online,4.8,140.73
4387,9981,E,9,481.11,2023-12-08,Centro,Distribuidor,12.2,259.97
4388,708,A,5,156.44,2023-03-24,Este,Mayorista,11.8,88.42
4389,10033,D,7,31.84,2024-02-01,Norte,Online,14.3,12.98
4390,2377,A,20,480.1,2023-09-18,Oeste,Distribuidor,7.6,257.18
4391,2495,D,16,452.32,2023-10-13,Oeste,Distribuidor,11.6,156.5
4392,9413,E,13,43.72,2023-07-21,Centro,Tienda,1.3,24.57
4393,9412,A,10,280.47,2023-01-02,Norte,Tienda,8.0,168.3
4394,2442,D,5,183.29,2023-05-23,Norte,Mayorista,12.7,90.57
4395,5451,A,4,261.46,2023-11-09,Norte,Distribuidor,5.5,115.9
4396,1767,B,12,144.38,2023-01-27,Centro,Distribuidor,12.6,99.13
4397,9900,D,14,55.54,2023-07-29,Oeste,Mayorista,13.7,17.5
4398,7280,B,6,69.42,2023-12-27,Sur,Mayorista,11.8,43.62
4399,6067,B,14,402.02,2024-01-01,Centro,Online,7.7,225.7
4400,7961,C,3,55.89,2023-08-29,Centro,Mayorista,5.6,31.04
4401,8646,C,1,200.11,2024-01-25,Centro,Distribuidor,12.2,116.41
4402,395,B,9,306.03,2023-12-23,Norte,Distribuidor,10.4,202.81
4403,1171,D,12,230.7,2023-11-05,Oeste,Distribuidor,1.3,113.84
4404,9871,A,7,469.41,2023-12-13,Norte,Distribuidor,1.8,226.4
4405,8790,C,8,324.84,2023-05-11,Este,Tienda,9.9,205.73
4406,7891,B,1,387.88,2023-02-01,Sur,Distribuidor,10.9,195.53
4407,3653,E,7,489.25,2023-02-08,Norte,Mayorista,8.3,196.19
4408,715,B,2,61.49,2023-05-24,Centro,Distribuidor,13.2,22.89
4409,2141,E,8,484.43,2023-11-08,Sur,Mayorista,2.2,281.63
4410,4756,C,16,117.71,2023-01-10,Norte,Tienda,4.6,67.11
4411,8529,C,9,10.01,2023-09-29,Centro,Tienda,1.7,3.72
4412,7541,E,14,214.25,2023-07-20,Sur,Online,11.4,66.77
4413,10009,B,9,315.62,2023-05-19,Norte,Mayorista,5.3,216.18
4414,9554,E,18,442.87,2023-12-15,Centro,Tienda,3.8,304.07
4415,126,A,8,390.64,2023-07-28,Sur,Distribuidor,13.7,219.32
4416,8282,C,14,487.1,2023-10-22,Este,Tienda,7.7,212.24
4417,6199,B,0,59.36,2024-01-31,Este,Mayorista,9.7,18.4
4418,6631,C,0,433.58,2023-04-19,Sur,Mayorista,8.4,291.46
4419,9691,C,15,440.46,2023-10-02,Oeste,Distribuidor,1.0,144.98
4420,6846,B,16,313.61,2023-07-08,Oeste,Distribuidor,3.7,203.19
4421,9091,C,6,479.47,2023-02-13,Sur,Distribuidor,0.8,264.6
4422,4793,A,6,180.12,2023-08-18,Norte,Tienda,0.9,65.34
4423,2375,C,12,338.02,2023-08-19,Sur,Distribuidor,3.5,234.47
4424,3201,D,2,474.23,2024-01-17,Sur,Tienda,5.3,190.59
4425,6227,C,17,185.31,2023-07-17,Oeste,Distribuidor,2.2,88.25
4426,3353,A,9,36.54,2023-02-25,Sur,Online,5.9,14.55
4427,3861,E,7,495.31,2023-08-19,Centro,Mayorista,0.8,335.63
4428,5935,C,7,94.4,2023-07-10,Este,Online,0.6,42.67
4429,5371,B,19,22.26,2023-04-11,Este,Mayorista,3.2,10.51
4430,9217,B,10,484.41,2023-03-22,Oeste,Distribuidor,13.5,298.82
4431,10362,E,13,309.7,2023-06-29,Norte,Mayorista,9.8,207.52
4432,7908,E,8,391.13,2023-06-23,Este,Tienda,2.9,247.22
4433,3633,B,8,439.92,2023-12-29,Oeste,Distribuidor,1.1,276.59
4434,3185,E,16,183.12,2023-10-10,Este,Mayorista,7.4,89.07
4435,5246,E,5,17.33,2023-08-21,Este,Tienda,11.7,5.63
4436,1863,E,3,41.33,2023-06-21,Norte,Mayorista,2.6,17.95
4437,9158,A,7,465.7,2023-10-01,Sur,Tienda,0.2,247.0
4438,658,D,15,255.47,2023-10-28,Centro,Tienda,8.4,127.73
4439,5514,D,8,206.66,2023-11-20,Sur,Distribuidor,2.5,141.68
4440,3926,B,18,35.1,2024-01-22,Norte,Distribuidor,3.2,18.36
4441,10294,B,1,56.61,2023-03-20,Sur,Distribuidor,11.7,32.07
4442,1442,D,5,239.15,2023-08-15,Norte,Tienda,11.4,138.24
4443,1301,B,17,353.59,2023-03-28,Este,Mayorista,1.4,117.58
4444,8943,E,1,111.66,2023-05-08,Sur,Online,3.2,46.27
4445,2362,B,8,90.54,2023-05-10,Norte,Tienda,11.4,30.98
4446,7921,C,5,143.14,2023-11-12,Norte,Mayorista,10.4,98.6
4447,3913,B,7,276.83,2023-07-24,Oeste,Tienda,6.7,101.0
4448,8480,E,19,13.88,2023-06-27,Oeste,Tienda,5.1,8.9
4449,5066,A,9,482.51,2023-10-15,Este,Distribuidor,12.4,230.31
4450,1783,D,4,13.78,2023-06-24,Oeste,Distribuidor,13.8,6.79
4451,8144,D,3,274.84,2023-05-24,Centro,Tienda,1.9,183.9
4452,8877,E,16,100.59,2023-08-12,Oeste,Mayorista,2.9,46.05
4453,7739,B,12,455.73,2023-01-26,Oeste,Online,10.7,219.21
4454,7628,D,11,379.66,2023-11-22,Sur,Tienda,11.9,198.45
4455,2915,A,19,339.16,2024-01-27,Sur,Tienda,11.8,135.61
4456,6215,E,14,378.85,2023-03-22,Oeste,Mayorista,14.4,263.52
4457,2259,B,5,83.74,2023-06-17,Este,Mayorista,5.6,52.02
4458,4041,E,6,311.31,2023-12-23,Sur,Distribuidor,6.2,106.17
4459,7903,D,18,196.56,2023-04-11,Sur,Tienda,2.7,81.62
4460,1509,E,19,160.45,2023-05-13,Este,Distribuidor,6.9,85.86
4461,8756,D,9,332.38,2023-02-24,Oeste,Distribuidor,5.6,151.2
4462,4701,D,11,383.11,2023-06-06,Centro,Online,11.9,226.56
4463,9734,E,16,396.83,2024-01-21,Norte,Tienda,4.9,127.33
4464,6217,B,1,373.53,2023-04-21,Este,Distribuidor,10.2,175.95
4465,4617,E,1,340.92,2023-06-30,Centro,Mayorista,14.3,145.78
4466,4900,C,19,377.96,2023-08-21,Sur,Online,8.4,170.62
4467,568,E,10,369.18,2023-08-03,Norte,Mayorista,2.1,176.87
4468,6824,E,14,297.71,2024-01-12,Norte,Distribuidor,5.9,176.02
4469,3601,A,17,65.25,2023-03-21,Este,Distribuidor,13.9,41.14
4470,6112,A,13,444.1,2023-06-16,Norte,Online,12.6,203.63
4471,5511,B,14,36.25,2023-01-13,Sur,Mayorista,9.7,12.52
4472,10194,B,11,386.87,2023-07-13,Sur,Distribuidor,3.0,237.96
4473,4068,E,13,281.09,2023-01-23,Este,Online,5.7,123.19
4474,6509,A,16,188.06,2023-10-28,Norte,Tienda,11.8,64.54
4475,806,E,15,393.94,2023-03-06,Norte,Tienda,14.6,184.43
4476,3939,E,18,333.04,2023-08-11,Norte,Distribuidor,7.0,118.47
4477,7609,A,11,347.3,2023-09-04,Norte,Online,9.3,195.55
4478,2737,D,17,180.32,2023-02-24,Sur,Online,9.8,66.64
4479,8419,B,8,239.58,2023-11-30,Centro,Tienda,0.3,109.76
4480,4963,B,16,38.93,2023-11-28,Centro,Mayorista,10.0,12.29
4481,611,B,17,142.89,2023-10-17,Norte,Distribuidor,13.3,92.59
4482,731,C,12,15.85,2023-12-13,Oeste,Distribuidor,8.7,9.72
4483,4577,D,10,52.9,2023-05-10,Sur,Mayorista,14.6,19.0
4484,5859,D,19,486.54,2023-08-03,Centro,Online,8.5,291.94
4485,3471,B,15,30.34,2024-01-12,Centro,Online,13.3,20.48
4486,7932,C,17,109.14,2024-01-26,Oeste,Distribuidor,5.0,46.17
4487,9286,A,20,299.15,2023-12-30,Centro,Distribuidor,3.9,160.46
4488,7229,B,18,176.01,2023-09-09,Norte,Mayorista,5.5,104.68
4489,6235,A,11,200.06,2023-05-30,Sur,Mayorista,12.6,103.18
4490,6566,A,3,220.72,2023-08-16,Oeste,Tienda,6.1,87.11
4491,3006,B,16,391.97,2023-10-21,Centro,Tienda,3.2,253.66
4492,724,B,15,68.56,2024-01-07,Este,Distribuidor,5.0,25.54
4493,2901,E,9,159.8,2023-04-25,Norte,Mayorista,13.3,109.72
4494,2289,A,1,286.76,2023-02-19,Oeste,Distribuidor,8.0,127.54
4495,4903,E,1,177.88,2023-07-02,Este,Tienda,2.1,111.42
4496,8974,A,17,218.17,2023-12-19,Norte,Tienda,5.1,100.33
4497,1889,D,14,137.34,2023-01-10,Norte,Mayorista,3.2,95.41
4498,2593,C,9,363.42,2023-07-26,Sur,Mayorista,8.0,127.61
4499,1471,D,3,453.11,2023-11-04,Centro,Online,0.8,222.7
4500,5755,B,15,422.34,2023-11-15,Oeste,Mayorista,2.9,163.02
4501,5428,B,14,212.86,2023-03-20,Centro,Mayorista,5.9,74.21
4502,2456,E,16,367.44,2023-12-19,Este,Mayorista,2.8,220.59
4503,6387,B,20,351.99,2023-04-26,Centro,Mayorista,7.5,130.94
4504,6991,A,15,295.09,2023-08-31,Sur,Distribuidor,9.3,152.96
4505,3954,E,6,106.55,2023-11-21,Norte,Distribuidor,9.1,60.87
4506,977,E,7,226.73,2023-09-27,Oeste,Mayorista,13.7,118.81
4507,10182,B,20,379.56,2023-06-17,Este,Distribuidor,10.6,211.64
4508,2418,D,18,73.8,2023-06-25,Sur,Online,9.2,41.75
4509,6623,A,13,282.79,2023-02-04,Norte,Online,13.5,123.24
4510,9724,E,19,265.45,2024-01-14,Oeste,Distribuidor,11.2,140.31
4511,7271,D,9,388.37,2023-09-22,Centro,Distribuidor,12.9,267.7
4512,3221,D,14,488.37,2023-06-22,Este,Tienda,13.0,218.54
4513,655,B,17,496.09,2024-01-21,Este,Mayorista,0.0,227.42
4514,2081,C,19,279.08,2023-06-15,Este,Mayorista,13.3,137.59
4515,2053,D,19,268.1,2023-01-04,Centro,Online,14.8,159.89
4516,8555,A,16,285.65,2023-03-15,Norte,Tienda,10.7,121.93
4517,8755,E,6,169.96,2023-11-21,Sur,Mayorista,6.6,87.78
4518,6335,A,11,417.23,2023-11-04,Este,Online,4.8,190.84
4519,3486,A,16,34.77,2023-01-26,Norte,Tienda,3.6,18.04
4520,1799,C,14,17.55,2023-02-26,Sur,Distribuidor,9.8,5.6
4521,10134,A,7,49.31,2023-03-13,Centro,Tienda,6.7,27.15
4522,9738,C,19,355.22,2023-12-01,Este,Distribuidor,3.8,241.58
4523,2646,E,12,489.93,2023-07-18,Este,Tienda,7.5,194.48
4524,8930,A,20,197.84,2023-09-19,Oeste,Online,3.8,116.22
4525,5148,A,15,385.69,2023-08-01,Norte,Distribuidor,7.5,172.19
4526,76,E,5,223.8,2023-09-25,Centro,Distribuidor,8.5,76.93
4527,8041,A,4,357.43,2023-06-21,Centro,Distribuidor,3.5,146.7
4528,662,B,7,331.61,2023-02-25,Este,Online,3.2,147.81
4529,5308,B,5,102.29,2023-01-18,Centro,Tienda,2.8,51.04
4530,5111,E,7,305.18,2023-02-10,Centro,Tienda,14.2,181.61
4531,1586,E,4,472.66,2023-05-18,Norte,Tienda,12.2,235.49
4532,3644,D,8,133.83,2024-01-06,Oeste,Distribuidor,9.5,77.59
4533,9407,D,5,326.19,2023-10-09,Centro,Tienda,8.0,206.86
4534,6612,A,16,414.75,2023-06-12,Este,Online,3.6,154.25
4535,1307,E,19,297.9,2023-10-08,Norte,Mayorista,8.7,171.86
4536,1165,A,20,299.91,2023-09-05,Norte,Tienda,1.8,201.55
4537,9914,D,18,61.51,2023-08-18,Norte,Distribuidor,4.5,25.12
4538,10316,D,8,335.55,2023-11-18,Centro,Online,1.3,221.59
4539,7644,E,6,339.15,2023-10-17,Norte,Mayorista,5.4,103.05
4540,6732,B,9,322.34,2023-01-09,Sur,Mayorista,4.0,135.98
4541,2531,E,10,263.87,2023-07-09,Sur,Mayorista,2.5,178.39
4542,9454,B,9,97.29,2023-12-22,Norte,Tienda,4.3,55.0
4543,5701,B,9,268.38,2023-04-01,Centro,Tienda,2.8,177.85
4544,7839,D,1,432.78,2023-09-11,Sur,Online,4.1,148.75
4545,4582,B,7,381.26,2023-04-04,Oeste,Mayorista,4.8,209.61
4546,412,E,13,166.91,2023-12-05,Centro,Distribuidor,5.6,97.94
4547,2466,B,15,474.1,2023-05-20,Centro,Online,11.6,249.39
4548,8259,A,8,237.46,2024-01-25,Norte,Distribuidor,8.6,95.58
4549,10058,C,13,17.23,2023-05-22,Sur,Online,12.7,8.29
4550,1301,C,20,386.12,2023-02-05,Este,Mayorista,1.0,122.63
4551,5700,D,3,391.64,2023-09-07,Este,Distribuidor,14.1,198.19
4552,6184,B,4,46.09,2023-07-10,Centro,Distribuidor,5.7,16.76
4553,10037,A,18,29.77,2023-02-12,Centro,Distribuidor,3.6,10.89
4554,6357,C,5,387.06,2023-04-07,Oeste,Distribuidor,3.2,251.8
4555,997,B,20,64.39,2024-02-04,Norte,Distribuidor,11.2,33.57
4556,9944,B,1,225.79,2023-05-08,Sur,Online,1.5,95.35
4557,5511,E,8,269.33,2023-02-09,Oeste,Tienda,4.8,166.01
4558,3525,D,1,441.59,2023-02-18,Este,Distribuidor,0.6,138.9
4559,10058,B,15,177.03,2023-05-17,Este,Tienda,11.5,97.61
4560,3971,B,15,473.84,2023-01-06,Sur,Tienda,12.1,212.21
4561,1591,E,12,394.0,2023-02-12,Este,Distribuidor,11.4,271.23
4562,1868,C,12,9.67,2023-05-02,Sur,Distribuidor,12.6,3.31
4563,3044,B,17,134.48,2023-11-21,Sur,Mayorista,10.8,86.79
4564,9405,C,3,465.35,2023-05-04,Centro,Mayorista,1.4,284.77
4565,2893,D,19,159.32,2023-06-10,Sur,Distribuidor,0.4,73.1
4566,6043,A,6,347.18,2023-02-20,Sur,Tienda,9.3,232.24
4567,7230,A,1,242.39,2023-11-08,Este,Online,14.3,121.96
4568,2142,B,9,91.08,2023-04-30,Norte,Tienda,5.8,33.65
4569,980,C,0,471.67,2023-08-14,Centro,Online,14.1,233.84
4570,5031,B,14,371.9,2024-01-11,Este,Distribuidor,10.1,133.31
4571,7090,C,20,242.99,2023-11-13,Centro,Online,13.7,105.78
4572,1480,D,3,312.84,2023-08-15,Sur,Distribuidor,12.5,144.6
4573,7021,B,19,87.05,2024-02-04,Oeste,Distribuidor,2.4,37.21
4574,4612,C,3,135.88,2023-04-18,Centro,Distribuidor,13.7,89.83
4575,8634,C,1,391.48,2023-09-19,Centro,Mayorista,0.1,129.39
4576,6007,E,9,48.56,2023-08-06,Centro,Distribuidor,2.9,22.21
4577,9936,A,12,151.82,2023-09-22,Centro,Tienda,11.2,59.79
4578,10145,D,2,365.64,2023-08-30,Este,Mayorista,10.5,203.5
4579,1754,B,19,464.08,2023-09-29,Centro,Online,9.3,209.45
4580,7458,B,15,310.68,2024-01-18,Oeste,Distribuidor,8.0,176.16
4581,9144,E,3,384.88,2023-07-30,Sur,Online,3.1,156.03
4582,1687,C,5,54.21,2023-05-04,Este,Tienda,4.1,21.92
4583,10358,B,14,150.32,2024-01-23,Norte,Tienda,12.8,89.29
4584,2876,D,12,163.09,2023-08-20,Centro,Mayorista,6.2,57.01
4585,10003,B,11,99.61,2023-01-23,Norte,Online,11.8,66.41
4586,3552,E,10,110.99,2023-09-07,Este,Distribuidor,7.1,59.98
4587,7924,D,15,391.85,2023-02-22,Sur,Distribuidor,12.5,239.77
4588,5904,E,8,60.88,2023-03-23,Este,Tienda,0.1,37.79
4589,6713,C,0,303.99,2023-02-13,Centro,Tienda,12.0,120.49
4590,6667,D,1,435.88,2023-07-17,Oeste,Tienda,0.1,160.26
4591,646,C,14,44.95,2023-07-07,Norte,Online,4.0,21.73
4592,1155,A,2,33.54,2023-07-27,Norte,Tienda,3.5,20.12
4593,8703,B,15,170.08,2023-09-05,Norte,Distribuidor,1.7,108.09
4594,5368,E,3,186.87,2023-07-07,Norte,Online,14.7,124.87
4595,2088,D,4,85.28,2023-08-10,Este,Tienda,9.0,44.04
4596,1986,C,1,241.83,2023-08-02,Centro,Mayorista,9.0,143.25
4597,4604,E,17,166.3,2023-05-21,Oeste,Tienda,3.9,63.86
4598,1200,C,1,91.79,2024-01-01,Este,Tienda,4.7,34.01
4599,8966,C,12,158.06,2023-08-11,Centro,Mayorista,10.8,95.59
4600,6367,C,20,311.6,2023-05-16,Sur,Tienda,2.3,157.36
4601,1591,C,9,43.67,2023-08-12,Norte,Mayorista,1.0,13.5
4602,4293,B,16,23.55,2024-02-02,Este,Mayorista,9.6,11.43
4603,8820,C,10,70.26,2023-02-04,Sur,Online,1.1,40.25
4604,577,E,15,473.39,2023-02-08,Centro,Mayorista,3.0,256.2
4605,3705,D,11,309.87,2024-01-11,Centro,Mayorista,6.6,200.42
4606,39,D,15,173.43,2023-09-11,Este,Mayorista,9.8,66.86
4607,4032,D,16,457.26,2023-09-03,Centro,Online,3.0,169.74
4608,8106,E,20,494.44,2023-05-20,Sur,Online,12.3,279.27
4609,652,D,2,160.03,2023-12-28,Norte,Distribuidor,5.4,110.76
4610,3815,B,17,82.42,2023-08-10,Norte,Online,7.8,34.9
4611,263,B,1,341.17,2023-10-07,Oeste,Online,10.3,200.86
4612,3315,C,15,207.17,2023-07-19,Sur,Mayorista,2.3,122.62
4613,4823,B,7,67.62,2023-08-08,Oeste,Mayorista,10.6,41.9
4614,837,A,13,262.15,2023-09-05,Este,Tienda,6.7,147.09
4615,1234,A,13,384.44,2023-02-10,Sur,Mayorista,13.8,226.34
4616,3106,D,6,216.33,2023-01-05,Centro,Online,7.1,74.51
4617,7277,C,16,358.58,2023-10-26,Centro,Distribuidor,5.4,158.47
4618,10365,A,2,83.98,2023-12-03,Centro,Online,1.6,45.47
4619,3697,B,12,258.57,2023-07-06,Este,Online,3.5,101.13
4620,5438,B,13,260.89,2023-07-25,Centro,Mayorista,0.3,165.82
4621,5371,C,0,317.49,2023-05-18,Centro,Distribuidor,9.8,108.72
4622,1285,B,6,205.87,2023-11-15,Norte,Tienda,0.7,117.74
4623,2700,E,18,56.6,2023-11-18,Centro,Online,13.6,25.75
4624,651,A,6,247.71,2023-04-04,Este,Distribuidor,10.4,113.16
4625,4334,D,1,442.93,2023-03-06,Norte,Mayorista,11.5,160.24
4626,9445,E,16,298.23,2023-10-18,Sur,Mayorista,10.3,102.09
4627,8117,A,3,414.38,2023-06-14,Sur,Online,3.0,154.73
4628,4809,B,11,49.63,2023-08-24,Oeste,Distribuidor,5.4,28.33
4629,9337,B,11,407.31,2024-01-23,Sur,Mayorista,2.5,262.57
4630,4384,C,14,348.95,2023-10-20,Este,Distribuidor,5.8,146.58
4631,9486,E,17,92.87,2023-08-04,Norte,Distribuidor,4.9,47.14
4632,2948,A,14,260.86,2023-03-25,Oeste,Online,4.0,134.92
4633,2103,B,9,79.0,2023-02-11,Oeste,Distribuidor,2.0,41.05
4634,9088,C,16,260.44,2023-12-19,Oeste,Tienda,10.0,132.38
4635,2801,C,13,441.65,2023-11-08,Norte,Mayorista,0.2,264.21
4636,7153,B,8,314.3,2023-06-17,Norte,Mayorista,5.0,176.99
4637,9492,C,10,226.95,2023-10-29,Sur,Online,8.3,78.58
4638,7134,E,19,87.09,2023-06-27,Norte,Mayorista,5.6,57.89
4639,3100,C,16,279.73,2024-01-27,Oeste,Distribuidor,5.2,158.49
4640,8557,D,6,150.15,2023-06-24,Centro,Online,7.4,70.89
4641,1043,A,6,65.69,2024-01-04,Oeste,Distribuidor,11.4,22.89
4642,5397,E,20,372.28,2024-01-19,Oeste,Mayorista,11.0,112.04
4643,4464,D,16,355.33,2023-01-30,Centro,Distribuidor,14.8,235.48
4644,10473,A,3,146.26,2023-08-12,Oeste,Distribuidor,4.1,80.69
4645,5749,C,1,331.41,2023-08-06,Norte,Online,12.9,223.34
4646,1035,B,6,264.11,2023-10-03,Este,Distribuidor,4.9,138.12
4647,1021,A,19,321.89,2023-06-29,Sur,Tienda,5.2,125.17
4648,6878,B,6,169.14,2023-05-30,Norte,Online,0.4,117.89
4649,3704,C,16,26.48,2023-11-26,Este,Online,3.5,17.15
4650,10416,E,16,158.4,2023-09-27,Sur,Distribuidor,14.1,96.56
4651,3877,D,10,253.25,2023-01-26,Centro,Distribuidor,9.4,95.03
4652,6510,D,15,173.51,2023-05-09,Oeste,Tienda,1.2,57.9
4653,538,E,6,281.94,2023-12-29,Centro,Tienda,12.7,132.24
4654,10262,E,11,321.06,2023-09-12,Este,Tienda,3.8,98.9
4655,895,B,10,499.56,2023-01-10,Norte,Mayorista,12.6,276.77
4656,4641,C,20,24.63,2023-06-06,Centro,Tienda,10.9,10.98
4657,4220,D,14,6.6,2023-05-31,Centro,Mayorista,0.3,4.48
4658,4477,C,4,130.92,2023-04-25,Norte,Mayorista,11.8,77.82
4659,1533,A,11,99.21,2023-04-03,Oeste,Mayorista,0.1,52.01
4660,3312,C,14,280.15,2023-06-14,Centro,Distribuidor,14.1,178.52
4661,6433,C,13,341.89,2023-04-11,Norte,Distribuidor,6.7,173.2
4662,5141,E,15,24.93,2023-08-13,Sur,Distribuidor,2.5,15.87
4663,9008,D,2,151.4,2023-08-23,Este,Mayorista,4.8,77.37
4664,9168,A,18,369.92,2023-02-12,Oeste,Distribuidor,1.6,146.61
4665,4513,C,15,352.0,2023-04-02,Sur,Tienda,8.7,115.5
4666,3223,E,0,53.56,2023-08-14,Norte,Distribuidor,1.6,32.02
4667,2520,B,4,321.11,2023-05-26,Centro,Online,5.5,174.91
4668,6598,A,7,45.92,2023-04-29,Centro,Distribuidor,2.6,24.46
4669,1948,E,17,426.19,2024-01-06,Centro,Online,2.4,283.84
4670,700,E,14,411.22,2023-03-13,Oeste,Online,14.5,235.14
4671,2793,A,8,398.84,2023-10-29,Norte,Tienda,9.6,228.27
4672,2905,E,11,68.46,2023-12-21,Norte,Distribuidor,3.4,43.79
4673,4261,B,9,171.41,2023-11-24,Norte,Tienda,5.6,88.56
4674,9840,E,2,434.35,2023-09-30,Sur,Tienda,0.7,293.18
4675,3727,B,11,31.66,2024-02-04,Oeste,Tienda,3.0,12.74
4676,1146,C,8,269.76,2024-01-29,Norte,Mayorista,3.2,156.87
4677,8138,C,11,448.85,2023-05-20,Norte,Mayorista,11.4,274.55
4678,10485,C,20,184.17,2023-10-13,Oeste,Mayorista,4.0,65.85
4679,4676,D,0,198.8,2023-03-26,Sur,Tienda,12.2,79.49
4680,4467,D,3,58.39,2023-03-19,Centro,Mayorista,4.1,22.66
4681,8010,A,7,379.09,2023-06-03,Centro,Tienda,7.9,121.41
4682,2623,B,4,395.69,2023-11-24,Sur,Online,2.1,252.11
4683,1357,A,7,298.68,2023-01-05,Sur,Tienda,6.7,90.65
4684,4808,C,19,225.6,2024-01-01,Centro,Tienda,0.4,116.79
4685,1620,C,15,371.75,2023-06-06,Norte,Tienda,7.0,225.63
4686,2569,E,0,361.38,2023-11-02,Este,Distribuidor,6.1,131.02
4687,8412,D,19,40.99,2023-09-19,Centro,Online,5.2,22.79
4688,4497,A,20,99.83,2023-08-29,Oeste,Mayorista,0.9,47.12
4689,2720,B,19,301.98,2023-01-11,Este,Tienda,2.3,98.4
4690,8683,E,18,43.5,2024-01-25,Este,Mayorista,12.0,20.14
4691,2214,E,16,155.47,2023-03-09,Oeste,Mayorista,2.0,64.05
4692,951,B,12,156.72,2023-03-07,Este,Online,8.5,71.12
4693,1408,B,11,12.07,2023-05-27,Norte,Mayorista,4.3,5.81
4694,9416,A,16,170.2,2023-12-24,Centro,Mayorista,14.8,112.19
4695,1881,E,0,85.99,2023-04-16,Centro,Online,1.5,28.15
4696,3199,A,0,137.42,2023-07-24,Este,Mayorista,1.8,54.33
4697,10408,B,8,340.59,2023-11-10,Sur,Distribuidor,12.1,237.07
4698,7772,A,20,333.14,2023-10-18,Oeste,Online,0.2,140.55
4699,1152,E,1,51.57,2023-05-31,Centro,Tienda,10.0,23.97
4700,9881,C,17,451.9,2023-09-16,Oeste,Mayorista,12.7,245.02
4701,8162,E,3,311.47,2023-06-08,Norte,Mayorista,2.8,105.8
4702,1511,B,6,211.72,2023-05-21,Norte,Tienda,6.5,84.53
4703,1577,B,6,118.73,2024-01-30,Oeste,Online,6.0,59.14
4704,9440,E,8,275.41,2023-10-25,Centro,Online,5.6,182.28
4705,5050,C,16,326.81,2023-04-13,Norte,Online,4.0,106.29
4706,6132,D,3,311.89,2023-05-30,Centro,Distribuidor,9.6,128.94
4707,4983,A,1,365.84,2024-01-29,Este,Tienda,3.0,181.14
4708,9310,B,14,319.77,2023-07-22,Sur,Tienda,13.0,201.57
4709,1108,D,14,172.38,2023-02-14,Este,Distribuidor,4.3,111.43
4710,3642,A,20,178.23,2023-04-25,Oeste,Mayorista,11.8,70.56
4711,270,E,12,475.28,2023-12-16,Este,Mayorista,13.3,250.24
4712,10288,B,20,217.81,2023-06-08,Sur,Mayorista,9.8,140.9
4713,516,B,19,45.32,2023-08-19,Centro,Tienda,14.4,27.83
4714,2668,D,19,372.74,2023-06-09,Sur,Tienda,5.9,260.65
4715,536,D,7,139.55,2023-05-26,Sur,Tienda,3.9,82.58
4716,7659,D,19,383.05,2023-11-30,Centro,Distribuidor,13.9,184.9
4717,1540,D,10,441.67,2023-07-17,Norte,Distribuidor,7.3,249.09
4718,289,B,2,377.53,2023-12-13,Centro,Tienda,0.3,158.51
4719,1133,A,17,483.27,2023-01-19,Norte,Online,10.9,215.51
4720,3546,D,7,110.77,2023-06-23,Centro,Mayorista,6.7,41.14
4721,2020,B,5,323.22,2023-07-16,Este,Mayorista,6.4,187.21
4722,9393,C,2,424.74,2023-12-29,Oeste,Mayorista,6.7,262.24
4723,4928,E,16,171.82,2024-01-31,Sur,Mayorista,11.3,54.81
4724,8933,B,7,390.85,2023-11-17,Oeste,Distribuidor,7.8,220.61
4725,2540,B,14,86.82,2023-07-05,Este,Distribuidor,8.7,41.56
4726,10151,E,19,260.04,2023-08-16,Sur,Mayorista,6.2,167.09
4727,3098,C,15,404.61,2023-07-31,Centro,Distribuidor,3.7,258.8
4728,8235,C,1,142.27,2023-06-11,Sur,Distribuidor,2.7,63.87
4729,3544,B,2,286.29,2023-06-06,Norte,Online,10.5,192.47
4730,742,D,6,239.48,2023-08-25,Norte,Mayorista,13.9,109.12
4731,3969,D,1,325.97,2023-05-19,Centro,Tienda,0.8,216.13
4732,8389,D,0,264.45,2023-04-12,Sur,Online,13.5,171.27
4733,857,D,9,144.31,2023-11-07,Este,Tienda,14.9,98.27
4734,2525,B,11,117.36,2023-10-04,Centro,Online,11.4,44.32
4735,5342,C,14,248.75,2023-05-31,Este,Online,5.3,138.87
4736,4395,D,15,89.89,2023-04-04,Norte,Mayorista,14.0,47.46
4737,4588,A,6,485.84,2023-04-26,Centro,Mayorista,1.5,199.82
4738,8803,A,14,238.97,2023-05-04,Centro,Mayorista,14.0,94.97
4739,8553,B,8,498.45,2023-04-11,Oeste,Distribuidor,5.3,318.48
4740,10473,B,19,363.84,2023-03-29,Norte,Distribuidor,6.5,238.61
4741,2958,B,13,473.24,2023-06-10,Oeste,Mayorista,6.7,243.27
4742,3454,E,10,152.82,2023-06-30,Norte,Tienda,7.6,72.07
4743,634,B,14,159.73,2023-08-01,Este,Online,7.6,91.48
4744,4202,C,2,200.58,2023-10-26,Oeste,Mayorista,4.5,106.28
4745,342,D,0,179.78,2023-07-06,Oeste,Distribuidor,13.8,119.54
4746,7199,B,20,126.4,2023-03-27,Oeste,Mayorista,5.3,71.78
4747,9251,B,19,299.3,2023-04-18,Norte,Online,9.2,164.41
4748,4033,B,11,64.76,2023-05-06,Norte,Tienda,5.1,21.6
4749,6724,B,4,318.42,2023-06-01,Sur,Tienda,8.6,143.56
4750,7458,E,19,149.59,2023-12-31,Centro,Tienda,6.3,62.3
4751,8326,B,12,155.47,2023-05-18,Sur,Tienda,4.4,59.05
4752,7127,A,8,11.99,2023-02-05,Este,Distribuidor,2.7,7.79
4753,9393,C,10,402.59,2023-02-22,Sur,Tienda,10.1,217.84
4754,10023,C,10,102.36,2023-04-19,Este,Tienda,9.7,54.99
4755,6752,A,16,229.68,2023-05-21,Norte,Tienda,4.5,110.86
4756,6033,E,7,406.88,2023-06-18,Norte,Mayorista,9.6,165.97
4757,7010,E,14,13.21,2023-01-14,Centro,Online,1.4,5.32
4758,5858,D,0,102.94,2024-01-05,Sur,Online,8.8,54.38
4759,5945,A,4,171.13,2023-06-10,Oeste,Online,13.7,67.3
4760,4238,D,18,281.2,2023-11-19,Este,Mayorista,14.2,125.54
4761,6801,B,3,255.58,2023-10-11,Centro,Online,14.2,130.51
4762,9108,E,12,235.41,2023-12-28,Centro,Tienda,13.6,140.08
4763,5137,E,12,387.76,2023-03-07,Norte,Online,8.0,215.28
4764,3184,D,16,174.7,2023-07-13,Oeste,Mayorista,5.7,82.64
4765,3551,E,11,325.83,2024-01-07,Este,Tienda,7.0,207.9
4766,7614,E,12,309.02,2023-06-14,Norte,Tienda,7.0,180.65
4767,1965,A,4,190.33,2024-02-03,Sur,Mayorista,0.5,95.75
4768,6460,D,0,265.33,2023-08-31,Centro,Mayorista,4.7,159.33
4769,4286,C,7,47.41,2023-12-04,Centro,Online,13.2,26.67
4770,99,E,12,15.76,2023-10-14,Sur,Tienda,9.0,8.56
4771,2491,C,9,477.9,2023-01-16,Oeste,Distribuidor,2.7,244.98
4772,4434,E,18,135.21,2023-02-24,Este,Mayorista,1.5,86.54
4773,7895,A,9,138.45,2023-03-14,Norte,Distribuidor,12.1,90.27
4774,293,C,7,210.37,2023-09-22,Sur,Online,3.3,135.76
4775,8394,A,8,214.78,2023-07-07,Sur,Tienda,3.1,127.62
4776,7864,D,3,320.48,2023-02-28,Este,Mayorista,7.7,191.65
4777,129,B,2,394.15,2023-10-15,Este,Mayorista,12.0,200.41
4778,5916,D,2,279.56,2023-03-23,Este,Mayorista,11.7,108.39
4779,9030,B,19,257.35,2024-01-08,Sur,Tienda,9.8,165.0
4780,4113,A,17,146.26,2024-01-06,Centro,Mayorista,12.5,50.47
4781,2324,E,20,110.67,2023-12-14,Oeste,Distribuidor,3.3,59.47
4782,9821,E,0,195.84,2023-08-02,Norte,Distribuidor,7.9,81.49
4783,9536,B,6,472.23,2023-03-25,Oeste,Online,1.5,292.05
4784,5446,D,3,476.17,2023-08-13,Oeste,Online,10.1,307.17
4785,1970,E,7,464.03,2023-01-10,Centro,Mayorista,12.8,149.61
4786,5340,A,8,132.58,2023-03-03,Sur,Online,7.2,44.38
4787,4797,C,4,78.86,2023-09-21,Centro,Distribuidor,0.8,33.86
4788,7584,C,5,395.02,2023-05-17,Este,Online,0.8,210.62
4789,2031,E,3,151.1,2023-07-10,Este,Tienda,9.8,86.79
4790,771,E,19,451.66,2023-06-22,Norte,Distribuidor,7.5,138.26
4791,2269,B,18,386.08,2023-06-20,Este,Tienda,0.3,253.92
4792,3664,A,4,226.13,2023-09-28,Centro,Online,2.7,108.28
4793,6381,C,20,468.65,2023-11-24,Este,Tienda,6.5,303.5
4794,4312,E,12,420.33,2023-01-21,Sur,Online,4.4,208.26
4795,2958,D,20,208.49,2024-01-05,Sur,Distribuidor,0.6,104.49
4796,8754,E,7,381.45,2023-03-01,Este,Mayorista,9.3,247.59
4797,8094,E,20,11.4,2023-03-15,Este,Tienda,4.4,4.76
4798,1542,C,12,41.06,2023-10-17,Oeste,Mayorista,9.4,22.04
4799,4598,D,18,328.58,2023-12-10,Norte,Distribuidor,10.8,174.25
4800,5282,A,19,133.49,2023-01-29,Norte,Tienda,7.3,59.69
4801,1510,C,6,168.52,2023-09-28,Este,Online,8.7,96.55
4802,9150,E,9,37.61,2023-10-26,Oeste,Online,12.4,11.67
4803,50,A,14,292.94,2023-08-19,Norte,Online,9.0,108.64
4804,8438,B,3,23.76,2023-05-05,Sur,Distribuidor,7.8,12.91
4805,1430,C,3,446.0,2023-09-19,Centro,Online,6.9,282.66
4806,3344,D,11,406.22,2023-12-24,Oeste,Tienda,9.4,169.77
4807,5562,E,13,467.67,2023-04-04,Norte,Tienda,6.2,150.06
4808,8877,B,0,152.85,2023-10-06,Oeste,Mayorista,3.1,68.04
4809,9346,B,4,192.36,2023-12-14,Este,Mayorista,5.8,115.48
4810,10039,E,7,181.43,2023-04-15,Oeste,Distribuidor,8.9,107.92
4811,5455,C,1,239.44,2023-08-18,Centro,Online,13.7,108.76
4812,85,E,17,400.38,2023-07-11,Este,Online,8.8,231.58
4813,8375,C,4,15.04,2023-07-21,Norte,Mayorista,1.1,5.28
4814,5566,C,0,475.36,2023-12-08,Centro,Mayorista,12.6,210.96
4815,1861,C,11,61.67,2023-10-26,Oeste,Distribuidor,14.5,38.24
4816,8504,A,8,241.69,2023-09-29,Este,Distribuidor,6.9,138.51
4817,8700,B,6,259.63,2024-01-06,Norte,Distribuidor,2.5,138.69
4818,6890,B,15,180.11,2024-01-25,Este,Mayorista,3.9,67.7
4819,877,C,9,223.74,2023-04-03,Norte,Mayorista,9.0,140.12
4820,735,E,14,489.25,2023-05-13,Oeste,Distribuidor,4.2,273.93
4821,5664,E,15,415.05,2023-12-12,Este,Mayorista,2.9,196.89
4822,6329,B,11,496.66,2023-10-12,Oeste,Tienda,6.4,285.84
4823,4233,C,5,452.19,2023-11-03,Centro,Distribuidor,8.6,211.0
4824,3876,C,16,169.04,2023-07-16,Norte,Tienda,11.4,64.15
4825,4260,B,2,159.92,2023-01-03,Sur,Tienda,3.5,61.05
4826,7819,C,19,71.43,2023-08-01,Sur,Mayorista,12.2,45.89
4827,8158,B,20,465.7,2023-02-28,Este,Distribuidor,14.9,294.53
4828,1030,C,13,28.42,2023-07-19,Oeste,Distribuidor,3.5,17.98
4829,574,D,14,459.61,2024-01-30,Norte,Distribuidor,10.5,191.73
4830,1016,B,4,347.73,2023-11-30,Este,Mayorista,14.5,191.32
4831,9109,C,12,141.19,2023-10-16,Oeste,Mayorista,7.2,56.84
4832,1875,D,15,281.17,2023-09-24,Norte,Online,0.3,168.65
4833,70,A,12,120.55,2023-05-15,Centro,Mayorista,10.9,78.61
4834,2739,A,12,99.04,2023-03-04,Oeste,Distribuidor,7.3,40.0
4835,7656,B,7,108.21,2023-05-18,Norte,Tienda,7.2,69.24
4836,2399,E,4,408.29,2024-01-05,Sur,Mayorista,11.0,215.65
4837,3974,D,16,81.58,2023-10-09,Oeste,Tienda,7.1,40.75
4838,938,E,8,96.07,2023-04-10,Centro,Tienda,2.1,60.69
4839,1250,E,10,340.12,2023-09-22,Centro,Online,14.0,173.5
4840,7426,C,14,367.93,2023-04-03,Sur,Online,13.0,161.62
4841,5855,A,11,452.47,2024-01-11,Este,Tienda,8.5,225.43
4842,5407,A,8,391.33,2023-01-02,Oeste,Distribuidor,5.3,172.87
4843,8698,D,8,382.5,2023-03-17,Este,Tienda,4.4,204.04
4844,1175,E,12,38.9,2023-10-13,Norte,Online,11.6,13.49
4845,5381,B,8,294.57,2023-07-04,Norte,Mayorista,9.4,123.76
4846,2204,A,4,215.11,2023-05-20,Oeste,Tienda,10.8,129.83
4847,8815,E,1,284.53,2023-01-23,Este,Mayorista,11.2,152.21
4848,3294,A,7,152.09,2023-07-12,Oeste,Distribuidor,6.1,62.48
4849,2475,D,7,377.46,2024-01-04,Centro,Online,3.3,193.61
4850,2694,A,11,23.14,2023-04-04,Este,Tienda,2.3,12.11
4851,10209,B,17,134.78,2023-01-16,Este,Online,7.1,93.51
4852,10158,E,0,158.42,2023-09-27,Oeste,Distribuidor,7.6,85.84
4853,6358,D,16,142.23,2024-02-05,Este,Distribuidor,6.5,75.01
4854,3265,E,7,185.09,2023-07-06,Oeste,Tienda,13.1,64.57
4855,2548,A,15,498.07,2023-03-02,Norte,Online,9.7,194.3
4856,5557,B,15,225.29,2023-11-02,Sur,Online,5.6,128.9
4857,1216,B,19,416.3,2023-03-22,Oeste,Tienda,13.9,196.31
4858,7728,A,20,420.27,2023-04-26,Norte,Tienda,4.9,160.0
4859,8098,A,16,63.32,2023-10-31,Centro,Online,0.3,26.95
4860,4060,D,14,330.3,2023-06-21,Sur,Tienda,2.3,135.52
4861,7322,B,8,369.17,2023-04-24,Norte,Mayorista,11.2,131.72
4862,6629,C,8,219.88,2023-06-23,Norte,Distribuidor,10.1,82.4
4863,1237,E,15,241.17,2024-01-07,Sur,Tienda,0.7,160.08
4864,5826,D,10,89.82,2023-07-08,Centro,Online,5.7,37.14
4865,2204,D,19,279.87,2023-07-26,Centro,Tienda,0.1,132.44
4866,3752,B,15,9.06,2023-02-19,Centro,Online,11.4,5.22
4867,4047,B,10,362.95,2023-10-05,Sur,Tienda,13.8,124.58
4868,8907,D,17,473.41,2024-01-24,Este,Online,9.3,193.64
4869,3819,D,8,91.32,2023-05-30,Centro,Online,14.7,39.35
4870,9400,E,0,156.53,2023-09-11,Este,Distribuidor,10.9,95.21
4871,7125,D,16,329.63,2023-10-21,Oeste,Tienda,8.4,216.71
4872,10002,C,6,296.81,2023-05-18,Sur,Distribuidor,13.6,195.34
4873,9863,D,14,109.48,2023-01-19,Oeste,Distribuidor,14.3,67.37
4874,3963,D,19,331.93,2023-08-09,Centro,Mayorista,1.6,227.14
4875,605,E,11,128.41,2023-03-05,Este,Distribuidor,2.9,54.55
4876,3086,D,19,20.25,2023-02-28,Oeste,Tienda,13.3,6.29
4877,442,E,2,127.27,2023-04-15,Centro,Distribuidor,0.6,72.26
4878,293,E,3,14.35,2024-01-22,Centro,Online,2.5,5.12
4879,3978,A,17,76.85,2023-01-06,Oeste,Mayorista,5.3,32.3
4880,4483,A,16,162.66,2023-11-02,Oeste,Online,13.0,85.5
4881,1671,B,9,381.61,2023-12-06,Sur,Online,6.6,175.5
4882,3887,A,13,125.8,2023-07-08,Sur,Mayorista,3.8,46.11
4883,4827,C,0,308.96,2023-05-30,Norte,Online,2.4,148.26
4884,5843,E,14,124.77,2023-06-23,Sur,Mayorista,11.0,54.25
4885,5982,E,4,304.03,2023-11-17,Norte,Mayorista,10.4,206.34
4886,1695,D,9,391.2,2023-05-04,Oeste,Mayorista,2.9,206.89
4887,3213,B,10,204.05,2023-12-09,Norte,Online,4.8,83.48
4888,1437,C,0,75.2,2023-11-19,Este,Online,8.6,25.58
4889,3376,B,4,438.24,2023-07-09,Este,Distribuidor,11.4,270.05
4890,511,A,3,498.63,2023-02-27,Este,Mayorista,4.6,260.91
4891,3899,B,8,216.86,2023-08-25,Este,Online,10.1,151.15
4892,3547,E,18,77.37,2023-07-29,Norte,Tienda,7.6,45.88
4893,6458,A,19,102.73,2023-03-14,Este,Distribuidor,0.1,60.84
4894,1596,A,8,322.03,2023-03-08,Norte,Mayorista,0.8,171.62
4895,4624,A,4,398.48,2023-05-16,Norte,Distribuidor,1.5,232.49
4896,9864,C,10,50.16,2023-01-28,Sur,Online,11.6,30.88
4897,1000,A,5,210.34,2023-06-08,Centro,Distribuidor,2.9,119.29
4898,331,D,5,340.42,2023-09-20,Sur,Distribuidor,13.1,106.18
4899,3116,C,18,481.59,2023-04-09,Centro,Tienda,0.1,325.85
4900,6958,C,2,48.04,2023-01-21,Oeste,Mayorista,6.7,21.23
4901,6482,D,19,51.69,2023-02-06,Norte,Tienda,7.2,23.69
4902,10355,D,8,388.66,2023-04-26,Este,Tienda,9.4,183.34
4903,8602,A,12,133.88,2023-05-22,Centro,Mayorista,14.3,54.71
4904,533,A,16,412.34,2023-02-05,Centro,Mayorista,6.0,175.97
4905,3349,D,0,464.1,2023-09-07,Sur,Distribuidor,12.0,156.09
4906,7072,E,8,417.79,2023-04-28,Sur,Tienda,9.7,278.11
4907,6625,D,8,264.46,2023-04-27,Centro,Online,4.4,174.11
4908,6907,A,6,329.52,2023-02-06,Centro,Mayorista,4.7,210.24
4909,31,B,11,348.69,2023-10-15,Este,Online,1.7,212.88
4910,9258,A,7,188.77,2023-04-27,Norte,Online,5.6,115.06
4911,5090,B,20,227.99,2023-10-22,Norte,Tienda,11.3,102.61
4912,7304,C,5,96.41,2023-03-28,Este,Mayorista,2.7,63.66
4913,3925,A,2,334.89,2023-04-17,Sur,Distribuidor,13.4,128.6
4914,2284,D,14,64.73,2024-01-06,Centro,Distribuidor,13.0,42.14
4915,838,E,19,434.02,2023-12-10,Centro,Mayorista,5.5,273.95
4916,2290,D,18,19.76,2024-01-29,Centro,Mayorista,10.1,12.59
4917,5124,B,15,155.4,2023-01-02,Este,Tienda,6.2,61.09
4918,10314,E,0,416.33,2023-02-08,Centro,Online,2.7,212.06
4919,5839,B,14,288.3,2023-08-10,Oeste,Distribuidor,10.0,187.9
4920,7866,E,18,390.01,2023-08-26,Oeste,Tienda,5.1,131.17
4921,2216,D,18,324.24,2023-03-12,Centro,Online,3.8,205.25
4922,7026,C,17,103.69,2023-12-26,Centro,Online,2.2,33.55
4923,9116,D,11,168.95,2023-06-15,Oeste,Distribuidor,8.2,58.49
4924,8728,B,19,74.26,2023-08-05,Centro,Mayorista,1.2,32.55
4925,1656,D,10,295.79,2023-12-06,Centro,Tienda,6.1,160.87
4926,7654,A,6,448.58,2023-05-09,Norte,Mayorista,1.8,178.79
4927,4984,B,3,441.88,2023-08-29,Norte,Online,6.4,271.63
4928,8423,B,18,487.23,2023-01-29,Norte,Mayorista,8.2,155.99
4929,3967,C,14,433.44,2023-05-26,Norte,Tienda,4.3,201.69
4930,9697,A,10,333.06,2023-09-01,Norte,Mayorista,1.1,149.63
4931,8229,D,8,31.97,2023-06-29,Oeste,Online,1.2,16.65
4932,2430,C,17,254.3,2023-04-15,Este,Distribuidor,9.3,165.94
4933,774,C,12,100.94,2023-02-26,Norte,Distribuidor,12.7,54.59
4934,6920,E,15,6.85,2023-12-27,Este,Tienda,3.4,3.9
4935,497,C,19,190.13,2024-01-13,Sur,Online,14.0,110.28
4936,8308,A,16,338.44,2023-05-15,Sur,Distribuidor,12.1,120.63
4937,9606,B,17,210.62,2024-01-12,Este,Mayorista,14.8,142.39
4938,4410,C,5,191.51,2023-11-12,Oeste,Distribuidor,8.5,76.61
4939,5336,A,8,266.87,2023-04-18,Este,Online,6.1,87.82
4940,2796,D,0,33.12,2023-10-09,Este,Mayorista,3.6,11.42
4941,462,C,2,423.26,2023-04-27,Centro,Tienda,2.3,269.16
4942,4269,A,17,21.59,2023-07-27,Sur,Distribuidor,5.9,7.09
4943,8258,A,19,210.75,2023-06-06,Este,Tienda,3.6,115.83
4944,1948,D,7,439.37,2023-02-23,Centro,Online,4.3,247.86
4945,588,B,12,257.95,2023-09-02,Norte,Tienda,2.3,121.78
4946,10256,E,14,245.93,2023-05-18,Norte,Mayorista,11.6,161.52
4947,2944,B,17,133.15,2023-02-14,Este,Mayorista,10.2,68.31
4948,968,A,0,137.57,2023-10-07,Norte,Distribuidor,9.2,92.9
4949,8352,D,0,9.59,2023-06-29,Centro,Mayorista,3.4,3.85
4950,7685,D,11,286.7,2023-07-17,Este,Tienda,12.9,155.89
4951,838,B,3,52.39,2023-03-07,Norte,Tienda,7.3,15.98
4952,3689,D,9,484.04,2023-03-10,Oeste,Tienda,11.9,268.99
4953,4928,E,7,204.14,2024-01-27,Este,Mayorista,1.3,85.23
4954,8259,B,19,220.94,2023-06-11,Norte,Online,8.0,151.06
4955,6014,D,8,6.96,2023-09-26,Centro,Distribuidor,6.6,2.69
4956,3332,D,16,344.22,2023-12-18,Oeste,Distribuidor,12.1,203.09
4957,6805,A,20,36.48,2023-04-04,Oeste,Distribuidor,11.6,16.04
4958,9360,A,2,43.24,2023-08-20,Sur,Mayorista,11.9,16.68
4959,1744,D,13,376.72,2024-01-21,Norte,Tienda,0.4,215.38
4960,7677,C,13,169.51,2023-09-29,Oeste,Mayorista,8.8,108.57
4961,4489,E,6,203.34,2023-11-27,Este,Online,11.2,69.64
4962,7423,C,8,214.83,2023-10-13,Norte,Distribuidor,1.3,129.49
4963,1007,D,10,207.11,2024-01-01,Norte,Tienda,13.7,85.16
4964,2509,D,11,470.76,2023-07-14,Centro,Tienda,5.4,154.14
4965,10323,B,14,291.49,2023-06-12,Centro,Mayorista,14.2,139.16
4966,7913,B,3,363.66,2023-08-10,Centro,Mayorista,3.4,150.25
4967,59,A,0,442.42,2023-04-03,Sur,Distribuidor,12.4,208.45
4968,3492,A,11,219.84,2023-08-16,Norte,Online,12.8,90.9
4969,5525,B,5,306.44,2023-08-06,Este,Distribuidor,10.9,158.07
4970,1325,A,12,67.09,2024-01-01,Sur,Mayorista,5.2,28.62
4971,6808,B,5,492.32,2023-02-04,Centro,Online,12.5,322.03
4972,4400,D,11,404.55,2023-01-20,Sur,Mayorista,1.5,212.31
4973,7736,B,6,395.06,2023-11-14,Norte,Mayorista,9.8,224.83
4974,6792,A,13,15.75,2023-12-14,Este,Tienda,4.1,7.0
4975,8405,E,6,242.28,2023-01-21,Norte,Online,11.1,78.4
4976,9907,E,1,57.72,2023-08-02,Este,Distribuidor,5.6,21.5
4977,9222,E,2,145.23,2023-03-28,Oeste,Mayorista,11.6,83.57
4978,3558,A,14,462.66,2023-06-04,Norte,Distribuidor,4.6,256.13
4979,5989,E,18,233.19,2024-02-02,Oeste,Mayorista,6.9,154.66
4980,7113,A,2,461.91,2023-08-24,Oeste,Tienda,4.1,141.34
4981,2752,C,19,423.57,2023-11-25,Norte,Mayorista,8.8,215.94
4982,6359,D,3,40.41,2023-03-28,Este,Distribuidor,10.2,24.83
4983,9032,A,19,473.77,2023-05-11,Oeste,Mayorista,3.6,194.1
4984,6218,B,19,45.32,2023-05-09,Norte,Tienda,1.4,16.13
4985,2533,C,18,291.41,2023-07-03,Este,Tienda,12.0,107.9
4986,7811,A,7,494.42,2023-12-08,Sur,Online,4.3,198.41
4987,2704,C,15,51.13,2023-07-09,Oeste,Tienda,2.2,23.81
4988,7738,A,9,423.93,2023-07-25,Sur,Tienda,10.8,232.06
4989,10294,E,14,105.36,2023-07-14,Este,Distribuidor,1.4,67.34
4990,4136,D,13,128.66,2024-01-29,Norte,Tienda,14.4,81.83
4991,6394,A,0,228.22,2023-01-16,Norte,Online,3.0,85.93
4992,10059,D,11,12.0,2023-06-22,Norte,Tienda,10.7,6.71
4993,1313,B,20,294.61,2023-11-08,Norte,Tienda,10.1,124.49
4994,379,B,12,161.88,2023-07-29,Centro,Mayorista,8.9,55.13
4995,8010,E,19,167.18,2023-10-18,Este,Mayorista,13.7,78.12
4996,10498,C,18,473.43,2023-02-17,Este,Distribuidor,14.9,161.85
4997,6034,B,1,418.66,2023-06-24,Oeste,Tienda,6.1,236.6
4998,4378,B,2,275.84,2023-10-22,Sur,Mayorista,13.4,168.7
4999,8499,D,15,243.0,2023-06-14,Norte,Tienda,11.1,76.28
5000,690,B,15,400.18,2023-03-02,Norte,Distribuidor,10.0,146.32
5001,7875,D,14,247.01,2023-05-03,Centro,Tienda,7.0,81.25
5002,4740,A,8,340.94,2023-01-18,Oeste,Online,7.6,197.34
5003,8174,B,5,316.25,2023-02-13,Oeste,Distribuidor,1.2,206.46
5004,1614,E,20,136.14,2023-09-21,Sur,Mayorista,13.1,70.31
5005,5356,C,13,400.53,2023-03-09,Oeste,Mayorista,12.6,218.93
5006,6990,E,11,308.32,2023-02-25,Este,Tienda,10.0,139.41
5007,4014,E,9,55.34,2024-01-31,Centro,Distribuidor,10.4,36.93
5008,9367,C,3,168.23,2023-07-15,Sur,Online,14.0,99.7
5009,1892,B,20,388.15,2023-09-10,Norte,Online,2.2,188.98
5010,6970,D,4,187.99,2023-09-15,Este,Online,0.2,131.06
5011,4844,A,9,364.02,2023-02-18,Este,Online,6.0,206.12
5012,4183,E,13,366.71,2023-01-07,Sur,Mayorista,9.5,168.72
5013,4573,B,1,315.52,2023-10-22,Centro,Distribuidor,1.1,158.55
5014,3722,C,19,128.57,2023-08-13,Sur,Online,12.2,47.06
5015,4209,D,1,264.85,2023-11-26,Norte,Distribuidor,3.4,111.64
5016,9306,A,10,36.27,2023-07-19,Centro,Distribuidor,2.3,24.18
5017,2449,A,18,154.48,2023-11-21,Centro,Tienda,5.3,87.8
5018,3073,B,17,79.87,2023-12-17,Norte,Tienda,4.8,51.63
5019,4242,D,18,465.61,2023-10-07,Centro,Mayorista,5.4,314.77
5020,9627,B,14,312.37,2024-01-18,Oeste,Tienda,7.3,158.42
5021,344,C,14,404.84,2023-03-11,Centro,Mayorista,1.0,243.1
5022,2111,A,19,490.67,2023-10-16,Oeste,Tienda,3.6,294.09
5023,3471,E,8,278.14,2023-06-13,Centro,Online,10.2,193.36
5024,4216,C,17,123.43,2023-11-07,Oeste,Online,11.0,82.48
5025,7632,C,6,290.89,2023-07-02,Norte,Mayorista,12.4,115.84
5026,6335,D,15,42.79,2023-05-16,Este,Distribuidor,8.0,21.04
5027,10164,E,12,431.22,2023-07-11,Oeste,Distribuidor,7.0,250.1
5028,6480,C,7,372.74,2023-01-18,Este,Online,11.3,203.1
5029,578,A,14,307.04,2024-01-14,Este,Distribuidor,11.9,117.7
5030,2491,E,11,234.08,2024-01-21,Este,Distribuidor,1.3,132.27
5031,5525,C,20,438.6,2023-12-06,Norte,Tienda,0.7,232.58
5032,6458,C,20,358.76,2023-08-16,Centro,Tienda,14.5,172.82
5033,3140,C,14,237.32,2023-04-13,Este,Distribuidor,5.2,156.89
5034,347,E,18,376.03,2023-01-27,Centro,Distribuidor,4.9,163.7
5035,548,D,2,146.68,2023-09-20,Este,Tienda,13.3,69.44
5036,5719,A,4,248.5,2023-09-25,Centro,Distribuidor,13.1,84.97
5037,8307,A,13,272.34,2023-08-10,Este,Mayorista,10.1,146.91
5038,3680,B,17,445.27,2023-02-06,Oeste,Tienda,1.8,288.39
5039,9805,E,16,290.66,2024-01-25,Sur,Mayorista,2.0,164.48
5040,8724,E,1,371.12,2023-05-07,Norte,Tienda,11.3,182.33
5041,5889,A,15,124.34,2023-05-26,Sur,Online,7.1,66.87
5042,753,B,13,366.76,2023-07-20,Este,Mayorista,3.3,229.54
5043,2120,E,14,495.31,2023-09-25,Este,Mayorista,7.3,282.49
5044,9616,B,12,68.72,2023-09-06,Oeste,Distribuidor,3.1,39.24
5045,3306,B,1,460.47,2023-02-22,Oeste,Mayorista,0.6,280.65
5046,6090,D,2,175.87,2023-04-23,Centro,Online,9.6,105.79
5047,5141,D,2,420.81,2023-12-02,Oeste,Tienda,7.6,218.89
5048,7482,C,8,129.54,2024-01-02,Sur,Online,1.8,65.6
5049,1989,D,1,38.03,2023-05-05,Norte,Tienda,10.6,21.63
5050,7243,E,13,178.33,2023-04-23,Sur,Distribuidor,12.3,87.76
5051,4386,E,13,482.08,2023-10-14,Oeste,Distribuidor,3.2,201.64
5052,6474,B,14,170.28,2023-03-09,Sur,Tienda,2.9,102.47
5053,5418,E,7,469.16,2023-10-11,Oeste,Tienda,5.4,220.73
5054,7058,A,5,259.6,2023-04-14,Este,Distribuidor,13.6,178.15
5055,2866,B,7,402.25,2023-02-15,Sur,Online,6.6,208.97
5056,8395,E,0,440.39,2023-10-15,Centro,Distribuidor,13.7,142.92
5057,5036,A,16,141.51,2024-01-07,Oeste,Distribuidor,2.9,70.81
5058,3707,B,11,416.66,2023-07-20,Este,Online,4.7,192.48
5059,5198,B,16,354.84,2023-10-06,Centro,Tienda,5.2,151.8
5060,6529,D,13,378.86,2023-09-07,Oeste,Mayorista,6.1,117.24
5061,113,B,18,10.56,2023-01-15,Sur,Distribuidor,4.6,6.42
5062,719,D,0,369.63,2023-11-25,Sur,Online,4.0,151.41
5063,9017,B,1,350.89,2023-02-21,Sur,Online,7.8,171.75
5064,7661,C,17,139.42,2023-03-29,Centro,Mayorista,1.3,76.8
5065,5949,C,12,217.11,2023-10-03,Centro,Mayorista,6.2,125.2
5066,8940,C,10,45.96,2023-08-11,Sur,Distribuidor,7.7,14.9
5067,2691,E,14,131.85,2023-06-23,Norte,Distribuidor,0.7,73.41
5068,9452,D,20,184.4,2023-07-13,Norte,Distribuidor,5.2,73.47
5069,2972,D,12,318.25,2023-05-10,Sur,Distribuidor,10.3,209.52
5070,1155,D,14,467.84,2023-03-13,Norte,Online,14.1,218.04
5071,3921,C,0,464.68,2023-09-02,Norte,Mayorista,8.7,158.87
5072,7788,D,15,254.35,2023-07-28,Sur,Mayorista,2.7,158.49
5073,3320,B,16,74.14,2023-07-02,Oeste,Online,7.3,43.27
5074,7692,A,18,51.41,2023-09-18,Sur,Tienda,14.5,23.68
5075,4862,E,0,179.8,2023-08-10,Centro,Online,14.2,100.82
5076,1012,B,2,37.18,2023-05-26,Centro,Online,6.3,22.06
5077,1384,D,20,72.29,2023-10-11,Sur,Mayorista,7.6,23.73
5078,9419,A,15,454.18,2023-06-09,Oeste,Online,9.1,141.3
5079,215,B,11,101.78,2023-11-17,Centro,Distribuidor,13.8,54.79
5080,5416,D,14,19.33,2023-03-19,Oeste,Online,3.2,11.27
5081,2775,D,15,293.21,2023-11-15,Norte,Tienda,14.4,116.49
5082,8592,B,7,385.66,2023-07-15,Este,Mayorista,13.8,233.7
5083,7370,E,7,257.08,2023-02-10,Oeste,Mayorista,5.3,125.41
5084,7129,E,3,59.18,2023-12-31,Norte,Tienda,14.4,29.34
5085,3027,D,17,183.71,2023-02-10,Norte,Distribuidor,13.2,62.09
5086,2131,C,14,89.1,2023-06-03,Norte,Tienda,8.8,55.86
5087,7400,C,16,160.1,2024-01-01,Este,Online,0.4,72.11
5088,1776,C,19,94.89,2023-05-17,Sur,Mayorista,7.6,40.71
5089,4331,E,18,77.84,2023-11-19,Oeste,Tienda,12.2,38.57
5090,4213,B,16,350.81,2023-09-26,Centro,Online,8.6,202.1
5091,2569,A,16,331.79,2023-02-14,Sur,Online,9.4,120.54
5092,3552,E,4,275.05,2023-09-29,Oeste,Distribuidor,7.3,162.78
5093,8130,C,7,104.95,2023-01-07,Sur,Mayorista,14.6,42.31
5094,3997,A,10,467.55,2023-11-29,Sur,Distribuidor,7.9,235.77
5095,6645,A,8,117.11,2023-08-25,Este,Tienda,8.9,58.59
5096,8590,D,12,443.91,2023-05-03,Norte,Online,5.9,185.06
5097,3304,B,1,125.03,2023-05-30,Centro,Mayorista,5.8,76.04
5098,678,D,15,492.6,2023-10-12,Norte,Distribuidor,7.0,199.62
5099,789,C,6,102.07,2024-01-02,Sur,Tienda,6.5,67.12
5100,497,C,10,392.69,2023-07-13,Este,Tienda,5.8,260.43
5101,841,E,13,312.9,2023-03-02,Sur,Online,14.1,163.98
5102,8600,D,4,14.54,2023-04-22,Norte,Tienda,1.3,9.55
5103,4082,E,16,493.56,2023-01-26,Centro,Distribuidor,2.4,274.69
5104,6179,E,5,319.51,2023-03-18,Sur,Tienda,8.6,177.53
5105,2922,C,14,203.8,2023-07-11,Este,Online,14.0,77.04
5106,3403,D,10,372.69,2023-11-02,Centro,Distribuidor,10.1,260.78
5107,3881,E,12,153.05,2023-12-29,Centro,Online,9.2,79.71
5108,5597,A,4,446.83,2024-02-02,Este,Distribuidor,8.5,190.18
5109,9469,E,13,102.73,2023-04-19,Centro,Online,12.6,32.29
5110,4009,C,17,446.89,2024-01-14,Este,Distribuidor,10.9,226.54
5111,6135,B,8,309.4,2023-03-02,Norte,Mayorista,11.0,185.73
5112,8423,E,3,176.27,2023-09-06,Centro,Tienda,12.3,73.59
5113,9155,E,16,373.68,2023-11-25,Norte,Online,8.8,126.56
5114,1317,A,8,268.83,2023-08-23,Sur,Mayorista,8.3,138.07
5115,3360,A,2,37.72,2023-01-19,Oeste,Tienda,13.2,25.01
5116,8018,B,15,127.55,2023-04-14,Centro,Distribuidor,1.5,82.46
5117,9719,E,2,323.98,2023-09-27,Este,Online,11.4,198.34
5118,2947,B,0,91.74,2023-03-24,Este,Mayorista,4.2,47.43
5119,1983,D,5,128.69,2023-12-29,Oeste,Distribuidor,11.1,43.72
5120,1573,B,2,343.26,2023-07-28,Oeste,Mayorista,1.6,197.86
5121,3875,E,15,16.21,2024-01-27,Norte,Online,3.4,6.53
5122,3729,B,12,355.52,2023-12-05,Norte,Mayorista,6.6,122.4
5123,2710,B,12,158.4,2023-11-03,Sur,Distribuidor,7.6,84.69
5124,4828,D,8,30.85,2023-12-04,Oeste,Distribuidor,8.8,20.16
5125,920,E,4,255.03,2023-12-20,Este,Tienda,7.8,133.45
5126,9367,E,13,142.24,2023-06-15,Centro,Mayorista,7.4,54.35
5127,6614,C,13,328.75,2023-11-23,Sur,Distribuidor,8.4,117.99
5128,1102,B,15,371.49,2023-12-10,Norte,Tienda,4.8,212.73
5129,1312,D,5,168.02,2023-10-13,Sur,Tienda,11.9,65.66
5130,4517,E,20,77.51,2023-03-26,Oeste,Mayorista,13.1,35.17
5131,9946,B,1,210.13,2023-01-07,Norte,Mayorista,0.3,116.61
5132,3089,C,11,20.05,2023-12-08,Centro,Distribuidor,6.7,6.93
5133,3492,D,20,316.16,2023-10-17,Norte,Distribuidor,1.0,171.8
5134,1403,C,1,399.82,2023-07-14,Este,Mayorista,4.4,140.55
5135,4315,D,19,38.59,2023-06-05,Oeste,Distribuidor,9.2,23.71
5136,4979,E,9,358.42,2023-01-31,Este,Distribuidor,4.7,107.9
5137,2824,D,17,380.44,2023-04-13,Norte,Tienda,3.6,144.87
5138,10464,B,6,282.69,2023-01-06,Norte,Distribuidor,0.3,128.06
5139,6305,C,13,173.02,2024-01-21,Norte,Online,13.4,89.33
5140,1,D,18,366.15,2023-03-24,Sur,Mayorista,10.2,137.22
5141,10497,A,3,38.51,2023-08-19,Sur,Distribuidor,11.5,24.28
5142,2470,B,15,472.36,2023-06-15,Norte,Distribuidor,0.6,270.25
5143,6891,A,15,134.36,2023-07-26,Este,Online,5.2,53.17
5144,4117,C,19,221.45,2024-01-02,Centro,Tienda,4.9,109.48
5145,8430,D,17,47.98,2023-09-25,Norte,Distribuidor,6.9,15.07
5146,7919,E,5,199.42,2024-01-05,Sur,Online,6.7,70.46
5147,3365,B,9,177.97,2024-01-13,Sur,Mayorista,11.9,118.64
5148,4831,C,5,347.67,2023-01-06,Centro,Distribuidor,3.7,176.1
5149,1628,D,4,220.07,2023-10-08,Centro,Online,7.1,66.2
5150,8411,C,20,207.36,2023-01-22,Sur,Tienda,11.0,80.4
5151,795,A,12,253.33,2023-10-15,Sur,Tienda,11.0,124.17
5152,10430,C,15,340.45,2023-05-26,Centro,Tienda,5.7,198.28
5153,9036,E,9,121.65,2023-12-31,Este,Online,14.3,45.35
5154,6103,A,9,360.81,2023-03-05,Centro,Mayorista,12.1,232.69
5155,6564,A,13,177.32,2023-01-12,Centro,Online,7.8,89.88
5156,4246,E,1,217.13,2023-01-01,Oeste,Mayorista,4.9,96.06
5157,6304,B,6,375.06,2023-06-13,Sur,Mayorista,13.7,175.66
5158,5196,D,5,290.72,2023-09-21,Norte,Tienda,14.0,161.91
5159,6982,D,1,71.28,2023-07-12,Centro,Tienda,2.9,32.4
5160,848,A,10,88.32,2024-01-17,Oeste,Online,4.8,33.8
5161,3151,B,4,333.58,2023-05-30,Sur,Tienda,14.1,100.41
5162,4173,E,12,249.11,2023-12-01,Este,Mayorista,9.0,90.35
5163,7098,D,17,254.28,2023-04-28,Norte,Tienda,8.6,109.46
5164,3531,B,12,434.68,2023-03-01,Este,Mayorista,4.1,202.17
5165,1400,C,5,184.41,2023-07-11,Este,Tienda,12.7,103.47
5166,8145,D,15,160.68,2023-02-11,Oeste,Mayorista,10.9,96.64
5167,8197,B,8,34.4,2024-01-29,Norte,Tienda,0.3,20.87
5168,7014,E,3,431.49,2023-03-30,Sur,Mayorista,7.9,164.66
5169,3916,D,17,367.81,2023-10-10,Centro,Online,1.3,149.76
5170,8533,A,19,405.38,2023-06-04,Este,Mayorista,14.3,188.24
5171,6390,D,11,425.05,2023-01-30,Sur,Distribuidor,13.3,239.46
5172,9879,E,9,64.07,2023-12-15,Norte,Mayorista,0.7,25.96
5173,2492,C,6,244.93,2023-07-07,Norte,Mayorista,13.5,142.19
5174,5909,E,20,112.51,2023-06-01,Oeste,Distribuidor,2.6,51.38
5175,2513,E,4,262.91,2023-07-12,Norte,Distribuidor,1.8,112.34
5176,7730,D,12,300.97,2023-11-04,Centro,Mayorista,3.7,137.53
5177,5860,B,3,447.3,2023-10-27,Este,Distribuidor,13.9,240.54
5178,3772,D,12,139.53,2023-08-24,Centro,Distribuidor,9.6,67.34
5179,5964,B,15,95.78,2023-04-24,Norte,Tienda,12.0,45.14
5180,7830,D,4,471.67,2023-02-14,Norte,Online,4.9,216.94
5181,4540,A,15,416.45,2023-03-28,Oeste,Distribuidor,3.4,180.58
5182,7706,A,7,372.18,2023-12-13,Este,Tienda,7.1,201.78
5183,130,B,16,8.15,2023-12-10,Sur,Distribuidor,2.2,5.43
5184,1776,B,5,362.95,2023-01-12,Centro,Tienda,13.1,170.77
5185,2594,C,17,13.21,2023-10-15,Sur,Tienda,5.7,8.52
5186,6453,B,7,337.09,2023-12-23,Este,Online,13.6,172.32
5187,5992,B,1,352.9,2023-12-07,Este,Tienda,10.5,181.92
5188,5168,D,7,248.49,2023-05-31,Norte,Online,0.4,170.92
5189,8057,E,19,164.02,2024-01-19,Norte,Distribuidor,5.0,103.41
5190,5203,A,19,328.55,2023-05-30,Oeste,Distribuidor,11.6,155.33
5191,9675,D,11,26.58,2023-06-28,Sur,Mayorista,13.4,9.86
5192,3200,C,1,188.47,2023-04-13,Este,Online,15.0,91.54
5193,7295,D,12,238.38,2023-02-07,Sur,Tienda,3.4,153.21
5194,96,D,10,57.53,2023-08-14,Oeste,Online,1.4,29.52
5195,4568,C,4,76.18,2023-09-10,Centro,Online,0.9,40.0
5196,2369,A,19,479.19,2024-01-03,Este,Mayorista,4.4,182.51
5197,1160,E,11,82.59,2023-04-05,Centro,Mayorista,3.2,42.59
5198,226,A,9,95.89,2023-12-30,Sur,Distribuidor,13.8,60.41
5199,3423,B,9,169.89,2023-06-14,Centro,Mayorista,12.8,110.15
5200,5138,A,1,258.19,2023-04-07,Sur,Distribuidor,4.1,127.58
5201,9591,D,8,474.25,2023-01-16,Centro,Distribuidor,9.8,242.62
5202,6730,B,11,316.75,2023-02-19,Sur,Mayorista,5.6,116.72
5203,9828,B,19,467.26,2023-07-15,Oeste,Online,5.2,234.35
5204,84,B,1,62.26,2024-01-16,Norte,Distribuidor,10.3,42.64
5205,8238,C,0,455.05,2023-02-17,Centro,Distribuidor,13.7,269.99
5206,8934,A,7,427.84,2023-08-22,Centro,Tienda,7.9,193.81
5207,9607,E,6,230.64,2024-01-28,Norte,Mayorista,9.9,91.23
5208,9755,C,6,228.19,2024-01-11,Norte,Tienda,5.1,101.87
5209,2425,D,11,130.7,2023-08-17,Centro,Online,9.6,67.55
5210,5186,E,0,111.97,2023-03-14,Sur,Distribuidor,14.1,50.58
5211,8490,B,20,69.45,2023-12-03,Centro,Tienda,13.3,28.29
5212,9762,E,17,99.4,2024-02-04,Este,Mayorista,6.8,34.35
5213,927,D,6,168.28,2024-01-09,Centro,Mayorista,9.7,115.49
5214,2749,C,18,80.63,2023-11-22,Centro,Online,11.9,45.11
5215,4452,C,0,209.43,2023-08-10,Norte,Mayorista,1.3,136.76
5216,766,E,17,403.79,2023-07-14,Centro,Distribuidor,5.1,131.51
5217,4319,C,16,212.57,2024-01-04,Oeste,Online,7.6,97.47
5218,18,A,4,274.56,2023-10-29,Oeste,Distribuidor,9.5,109.02
5219,9940,D,4,244.01,2023-04-19,Oeste,Distribuidor,2.8,92.88
5220,1684,C,16,149.78,2023-01-15,Oeste,Tienda,7.7,92.38
5221,7470,C,14,205.08,2023-12-25,Norte,Distribuidor,1.2,138.83
5222,2090,E,14,244.82,2023-10-14,Centro,Mayorista,3.6,134.65
5223,7096,E,6,49.9,2023-02-13,Norte,Distribuidor,8.2,17.82
5224,8393,E,14,125.25,2023-08-02,Norte,Online,11.0,77.58
5225,8052,D,18,289.05,2023-01-09,Centro,Online,2.4,117.99
5226,9012,C,17,392.57,2023-04-28,Centro,Distribuidor,10.3,125.77
5227,8091,B,0,358.92,2023-11-16,Oeste,Online,14.7,213.6
5228,4037,A,20,142.59,2023-06-13,Este,Online,8.1,43.82
5229,7477,B,18,68.93,2023-04-18,Oeste,Mayorista,10.4,32.93
5230,9868,C,3,265.46,2023-08-10,Centro,Mayorista,6.5,106.81
5231,3030,C,1,81.37,2023-03-31,Norte,Distribuidor,2.3,48.13
5232,595,D,17,51.78,2023-02-20,Sur,Distribuidor,1.4,20.4
5233,9759,D,6,17.44,2023-03-08,Oeste,Tienda,6.6,8.71
5234,1350,B,10,339.28,2023-09-23,Centro,Tienda,8.5,206.69
5235,9613,D,9,179.05,2023-11-03,Oeste,Online,8.5,116.18
5236,131,D,1,165.3,2023-05-04,Oeste,Mayorista,5.9,55.06
5237,7414,A,8,370.73,2024-01-01,Oeste,Mayorista,9.2,212.38
5238,1951,B,11,425.36,2023-11-15,Norte,Tienda,5.3,233.81
5239,7198,B,9,99.87,2023-06-17,Norte,Distribuidor,0.7,34.5
5240,10163,C,18,83.21,2023-01-02,Este,Tienda,12.2,38.98
5241,6391,A,19,43.98,2024-01-11,Oeste,Mayorista,0.6,24.3
5242,10168,A,16,101.96,2023-06-27,Norte,Mayorista,11.9,37.39
5243,8590,B,3,163.47,2023-01-28,Sur,Distribuidor,12.4,76.86
5244,5491,B,7,377.01,2023-07-12,Este,Distribuidor,4.4,178.09
5245,4111,D,0,323.37,2023-07-09,Este,Online,12.8,141.88
5246,4006,B,18,152.25,2023-12-30,Sur,Mayorista,1.2,86.76
5247,8256,D,1,278.0,2023-03-15,Centro,Mayorista,6.5,86.56
5248,3590,C,19,274.91,2023-01-09,Norte,Tienda,13.8,170.15
5249,1298,A,11,497.24,2023-12-23,Norte,Online,1.3,289.84
5250,5188,A,3,12.3,2023-11-19,Este,Online,2.1,4.41
5251,8265,A,14,182.48,2023-03-27,Centro,Tienda,14.6,106.38
5252,1915,C,20,306.47,2023-08-04,Norte,Mayorista,13.9,108.15
5253,5913,B,12,466.39,2023-06-24,Este,Tienda,10.5,316.25
5254,6829,A,13,463.79,2024-02-01,Centro,Tienda,0.8,260.66
5255,7500,E,11,81.84,2023-07-10,Este,Online,1.4,29.05
5256,2220,C,10,56.75,2023-07-27,Sur,Tienda,10.1,31.99
5257,463,E,13,137.84,2023-05-15,Oeste,Distribuidor,4.9,65.45
5258,6239,B,9,312.44,2024-01-06,Sur,Online,6.8,94.26
5259,9719,D,12,479.71,2023-06-11,Este,Online,12.2,159.25
5260,8724,B,5,417.61,2023-05-18,Centro,Online,12.3,161.17
5261,4774,A,2,320.85,2023-10-07,Oeste,Mayorista,9.2,177.67
5262,7652,A,13,371.76,2023-10-11,Norte,Distribuidor,9.0,235.76
5263,6617,B,3,208.31,2023-02-01,Sur,Tienda,10.9,130.17
5264,6275,B,20,77.15,2023-02-13,Sur,Mayorista,0.2,35.48
5265,7712,E,0,474.57,2023-07-11,Centro,Distribuidor,6.1,270.94
5266,10414,B,2,456.82,2023-12-19,Sur,Tienda,11.2,222.4
5267,1427,A,11,488.79,2023-11-04,Este,Online,3.0,321.94
5268,6030,E,7,45.06,2023-08-10,Sur,Distribuidor,5.2,21.34
5269,2506,C,16,351.12,2023-08-31,Sur,Tienda,1.9,168.19
5270,3655,C,1,438.16,2023-04-09,Sur,Tienda,11.6,161.4
5271,5562,D,13,305.29,2023-06-19,Norte,Online,12.5,116.1
5272,734,B,13,33.03,2023-10-10,Centro,Tienda,7.1,11.64
5273,2493,A,2,12.22,2023-11-19,Sur,Online,7.7,4.74
5274,1351,B,0,37.83,2023-11-09,Oeste,Mayorista,7.1,25.93
5275,9796,C,13,454.63,2023-08-05,Centro,Mayorista,7.3,298.31
5276,4043,B,14,350.55,2023-01-10,Oeste,Tienda,0.1,175.93
5277,3959,A,13,141.45,2023-07-26,Norte,Distribuidor,11.2,97.2
5278,9072,B,5,110.71,2023-01-17,Oeste,Tienda,2.6,47.35
5279,8312,A,16,446.75,2023-11-26,Norte,Tienda,12.0,195.4
5280,8011,A,13,25.34,2023-03-13,Sur,Distribuidor,12.5,14.49
5281,1557,C,5,147.36,2023-06-10,Centro,Distribuidor,4.1,61.68
5282,8378,B,2,95.69,2023-12-23,Centro,Mayorista,2.5,64.76
5283,3255,D,0,118.64,2023-08-17,Sur,Distribuidor,12.8,45.71
5284,8184,D,8,139.35,2023-06-02,Norte,Online,2.9,42.64
5285,5813,B,2,325.43,2023-02-28,Sur,Mayorista,14.9,165.36
5286,3473,E,20,169.91,2023-11-18,Este,Distribuidor,13.9,55.02
5287,6755,A,20,11.37,2023-05-24,Norte,Online,3.5,5.67
5288,9705,B,4,357.04,2023-06-29,Oeste,Tienda,12.0,108.55
5289,3076,D,12,102.11,2023-12-31,Este,Tienda,5.9,32.01
5290,131,D,16,483.08,2023-08-19,Centro,Mayorista,1.3,183.85
5291,1028,E,11,204.15,2023-07-04,Este,Distribuidor,12.3,97.42
5292,4992,E,8,455.68,2023-03-04,Oeste,Tienda,10.1,152.57
5293,8047,C,2,86.86,2023-07-28,Oeste,Online,8.8,40.92
5294,7464,C,11,299.46,2023-12-02,Centro,Online,0.9,96.29
5295,7032,E,9,371.45,2023-08-18,Norte,Tienda,2.1,221.39
5296,4409,D,18,308.25,2023-12-11,Este,Tienda,1.5,151.19
5297,4231,A,8,148.65,2023-03-04,Sur,Distribuidor,1.3,94.49
5298,7544,A,19,162.08,2023-02-21,Norte,Tienda,10.7,50.14
5299,2360,B,17,373.25,2023-11-29,Oeste,Tienda,2.3,220.57
5300,2868,B,17,20.86,2023-07-06,Oeste,Online,14.5,6.71
5301,3586,C,18,356.35,2023-01-28,Norte,Mayorista,4.1,138.09
5302,1112,D,16,197.47,2024-02-05,Norte,Online,0.7,63.47
5303,2135,B,6,77.71,2023-09-05,Norte,Online,2.3,41.94
5304,5073,A,12,409.87,2023-03-13,Centro,Distribuidor,12.4,135.2
5305,1173,E,12,465.11,2023-09-01,Norte,Distribuidor,10.5,319.34
5306,2127,B,17,211.76,2023-02-10,Este,Mayorista,9.7,103.04
5307,4609,A,10,359.8,2023-03-28,Oeste,Tienda,14.2,159.5
5308,6835,D,20,58.48,2023-02-06,Sur,Mayorista,13.1,19.14
5309,6582,D,6,315.8,2023-10-22,Centro,Distribuidor,13.0,153.44
5310,4831,C,18,443.79,2023-11-03,Oeste,Online,6.6,208.73
5311,2753,A,18,205.69,2023-03-04,Oeste,Distribuidor,2.9,68.47
5312,7964,B,20,300.55,2023-12-29,Centro,Online,4.1,170.76
5313,10263,B,12,189.21,2023-07-29,Sur,Tienda,7.7,85.55
5314,2691,A,4,230.97,2023-01-08,Centro,Distribuidor,3.6,110.94
5315,4884,C,20,90.66,2023-06-08,Sur,Mayorista,13.2,42.65
5316,4900,E,15,260.23,2023-10-20,Este,Tienda,5.9,123.64
5317,3593,D,10,27.23,2023-11-02,Oeste,Mayorista,3.5,14.18
5318,3143,B,12,107.82,2023-03-25,Este,Distribuidor,4.2,37.76
5319,7454,B,5,385.46,2023-04-24,Norte,Online,13.4,246.88
5320,31,A,10,7.95,2023-03-25,Centro,Mayorista,14.4,3.71
5321,10082,C,0,98.74,2023-11-08,Este,Online,6.5,40.91
5322,3850,D,5,379.25,2023-01-20,Sur,Online,0.1,177.47
5323,10331,B,2,498.37,2023-07-15,Sur,Distribuidor,3.3,257.44
5324,8235,C,5,141.1,2023-10-06,Norte,Online,0.9,74.08
5325,5741,B,2,138.67,2023-07-10,Sur,Distribuidor,1.9,50.57
5326,9448,A,2,356.08,2023-10-08,Este,Tienda,12.8,111.79
5327,9825,D,19,53.4,2023-07-20,Este,Distribuidor,8.9,18.53
5328,5965,E,3,23.57,2023-09-10,Norte,Tienda,1.7,11.37
5329,108,E,15,270.16,2024-01-18,Sur,Online,12.7,136.57
5330,5467,D,15,151.86,2023-12-02,Centro,Mayorista,7.0,68.63
5331,5131,D,1,433.67,2023-04-12,Este,Mayorista,7.0,231.44
5332,4716,C,15,152.72,2023-01-27,Oeste,Distribuidor,6.3,64.0
5333,1920,A,12,29.21,2023-10-21,Sur,Tienda,14.8,17.9
5334,5113,B,4,376.89,2023-03-17,Norte,Online,11.0,187.51
5335,7090,C,17,228.48,2023-03-12,Centro,Tienda,7.6,147.81
5336,1561,E,7,75.5,2023-02-25,Centro,Online,4.5,33.67
5337,1586,A,9,372.32,2024-01-15,Oeste,Mayorista,3.5,117.91
5338,10148,D,12,426.16,2023-09-12,Sur,Tienda,6.3,218.64
5339,10442,B,9,176.57,2023-09-11,Este,Mayorista,3.6,105.61
5340,7302,B,8,347.68,2023-04-25,Centro,Distribuidor,13.7,175.68
5341,1726,D,17,359.1,2023-01-12,Este,Online,7.7,158.54
5342,1519,D,16,62.75,2023-01-22,Oeste,Tienda,9.9,35.7
5343,9047,E,6,352.05,2023-09-23,Sur,Tienda,9.4,208.55
5344,8435,C,9,200.26,2023-11-19,Norte,Mayorista,13.9,107.3
5345,8646,E,18,167.63,2023-02-06,Centro,Tienda,4.2,75.58
5346,9290,C,8,210.46,2023-04-19,Sur,Distribuidor,1.4,89.88
5347,9634,B,8,237.54,2023-04-28,Sur,Mayorista,3.1,97.15
5348,2035,B,16,386.69,2023-11-23,Este,Tienda,14.0,237.85
5349,8746,A,8,202.72,2023-03-15,Sur,Mayorista,9.7,80.22
5350,2457,A,4,470.52,2024-01-13,Este,Distribuidor,2.5,225.45
5351,3682,B,9,327.94,2023-12-20,Este,Distribuidor,12.7,116.08
5352,3910,C,17,316.9,2023-02-10,Centro,Tienda,10.9,109.91
5353,7293,E,1,492.6,2023-10-12,Centro,Distribuidor,12.5,261.42
5354,5771,D,2,474.01,2024-02-02,Sur,Online,14.6,198.14
5355,2589,E,6,170.07,2023-08-12,Norte,Distribuidor,4.8,72.59
5356,5352,E,6,37.04,2023-05-13,Sur,Distribuidor,2.3,11.58
5357,10327,E,3,317.34,2023-05-31,Sur,Mayorista,7.8,142.75
5358,445,C,16,386.57,2023-08-22,Norte,Mayorista,4.3,231.28
5359,2116,D,8,146.93,2023-09-25,Centro,Mayorista,3.2,45.14
5360,5523,B,14,348.85,2023-06-16,Sur,Mayorista,2.9,140.36
5361,4127,C,18,307.82,2023-12-05,Oeste,Distribuidor,8.2,170.79
5362,1864,A,12,71.09,2023-01-29,Sur,Mayorista,2.1,26.09
5363,2734,C,4,187.58,2023-07-25,Oeste,Distribuidor,4.8,85.96
5364,6680,A,7,117.54,2023-09-11,Sur,Tienda,12.3,55.26
5365,4972,B,8,367.69,2023-02-04,Oeste,Distribuidor,1.0,239.53
5366,7103,C,0,24.89,2023-01-30,Centro,Online,11.6,16.35
5367,3139,D,12,219.36,2023-07-17,Oeste,Online,5.9,68.57
5368,10064,E,10,482.86,2023-09-16,Sur,Distribuidor,13.1,313.77
5369,3396,E,10,168.6,2023-05-20,Este,Online,14.3,84.05
5370,9321,C,7,242.7,2023-03-02,Oeste,Mayorista,0.2,121.02
5371,5747,E,4,480.63,2023-02-27,Sur,Tienda,3.7,301.15
5372,5677,E,16,403.05,2023-09-10,Norte,Mayorista,3.1,255.66
5373,592,C,0,447.94,2023-08-04,Centro,Tienda,0.8,238.23
5374,8220,D,20,440.7,2023-06-16,Oeste,Distribuidor,11.5,166.88
5375,4446,E,11,485.0,2023-09-14,Este,Tienda,11.2,239.12
5376,7582,C,5,167.3,2023-08-17,Oeste,Online,12.3,90.89
5377,267,C,0,79.73,2023-04-05,Centro,Mayorista,6.0,54.37
5378,2570,C,5,198.78,2023-12-12,Este,Distribuidor,1.8,81.8
5379,6236,C,10,41.88,2023-01-04,Norte,Tienda,14.9,20.95
5380,8408,B,9,6.26,2023-06-05,Norte,Online,4.2,2.35
5381,9057,D,12,261.68,2023-09-03,Sur,Online,4.5,102.89
5382,201,C,10,200.99,2023-11-20,Sur,Online,3.4,61.88
5383,1409,A,10,91.14,2023-03-06,Centro,Online,3.3,56.94
5384,7213,A,1,309.52,2023-04-18,Norte,Online,2.7,170.98
5385,7570,A,6,285.19,2023-07-22,Oeste,Online,10.9,175.77
5386,4555,A,16,47.08,2023-09-21,Norte,Mayorista,14.1,28.75
5387,9184,A,9,424.82,2023-07-02,Sur,Online,5.4,220.62
5388,8216,A,6,7.47,2023-03-08,Este,Online,7.9,4.59
5389,1305,B,19,225.81,2023-02-26,Este,Tienda,2.2,116.19
5390,9979,E,2,396.45,2023-03-17,Centro,Online,3.2,145.68
5391,9542,E,11,226.01,2023-04-28,Este,Mayorista,0.2,143.55
5392,7043,C,18,77.92,2023-03-09,Norte,Mayorista,9.4,38.67
5393,3395,A,2,120.76,2023-03-28,Norte,Mayorista,1.8,49.69
5394,10475,C,16,351.09,2023-03-09,Oeste,Distribuidor,8.2,157.85
5395,1172,D,4,19.73,2024-01-25,Sur,Distribuidor,8.0,9.17
5396,5396,D,12,418.91,2023-10-09,Centro,Mayorista,11.2,187.61
5397,1889,D,19,264.08,2023-01-25,Norte,Online,9.5,118.48
5398,474,D,1,335.2,2023-03-24,Oeste,Online,14.1,164.11
5399,1195,B,16,84.4,2023-04-06,Sur,Online,4.3,31.44
5400,3762,A,6,87.15,2023-10-27,Oeste,Tienda,10.5,50.83
5401,6327,A,4,276.8,2023-05-01,Sur,Mayorista,1.9,104.44
5402,4138,D,7,472.29,2024-01-04,Sur,Online,2.9,252.44
5403,3059,D,0,244.22,2023-08-06,Sur,Mayorista,2.8,129.16
5404,10377,B,8,88.42,2023-04-04,Oeste,Online,13.6,52.3
5405,2578,D,1,331.28,2023-06-25,Sur,Online,6.6,144.73
5406,8671,D,16,256.74,2023-03-04,Este,Online,10.3,111.63
5407,9497,E,14,103.2,2023-08-29,Norte,Online,1.9,53.23
5408,799,D,9,137.86,2023-07-04,Oeste,Mayorista,8.5,58.57
5409,10415,D,12,124.68,2023-10-27,Sur,Tienda,8.2,73.45
5410,5883,A,4,204.34,2023-01-12,Oeste,Mayorista,7.2,107.99
5411,10358,D,4,280.26,2023-08-07,Norte,Distribuidor,0.9,155.47
5412,6884,B,11,121.16,2023-01-16,Norte,Mayorista,9.6,57.28
5413,2568,D,19,83.3,2023-09-22,Sur,Tienda,6.9,35.47
5414,5816,C,19,420.48,2023-09-19,Sur,Distribuidor,1.1,256.78
5415,6234,A,4,279.63,2023-04-28,Sur,Mayorista,1.4,126.56
5416,3244,C,16,395.16,2023-10-23,Centro,Online,4.3,149.13
5417,6072,A,15,410.94,2023-10-15,Norte,Distribuidor,7.1,235.03
5418,3573,D,7,149.24,2023-05-26,Oeste,Mayorista,11.3,96.1
5419,5944,E,0,388.2,2023-07-09,Sur,Distribuidor,6.3,222.8
5420,9036,C,1,6.03,2023-07-29,Sur,Mayorista,6.8,4.16
5421,3890,E,4,270.21,2024-01-07,Centro,Online,5.0,146.68
5422,8830,C,11,186.13,2023-06-12,Norte,Mayorista,14.2,124.72
5423,5158,E,15,276.16,2023-01-15,Este,Tienda,13.5,87.23
5424,6555,B,19,236.75,2023-05-24,Este,Online,14.1,83.19
5425,1425,C,0,279.76,2023-11-04,Norte,Mayorista,14.1,144.94
5426,4854,E,16,413.02,2023-05-31,Norte,Mayorista,13.2,156.53
5427,4337,D,8,249.58,2023-11-15,Oeste,Distribuidor,7.7,116.85
5428,6963,E,10,82.05,2023-04-10,Norte,Mayorista,0.5,28.45
5429,10478,D,8,223.88,2023-03-31,Oeste,Tienda,14.8,136.23
5430,10175,C,11,103.03,2023-11-18,Centro,Online,4.8,40.37
5431,2300,D,13,78.74,2023-08-27,Este,Tienda,6.5,46.72
5432,7853,B,19,329.39,2024-01-21,Sur,Mayorista,5.5,174.57
5433,758,E,3,132.11,2023-06-07,Este,Distribuidor,2.4,69.6
5434,3224,D,15,312.01,2023-06-07,Sur,Mayorista,10.1,171.68
5435,4387,A,14,191.27,2023-09-12,Norte,Tienda,13.9,80.21
5436,2780,B,15,487.22,2023-06-28,Sur,Tienda,1.0,186.52
5437,3719,C,18,363.78,2023-07-16,Este,Mayorista,8.5,146.56
5438,847,A,0,7.36,2023-08-18,Oeste,Distribuidor,13.1,4.6
5439,2273,B,0,441.03,2023-06-07,Centro,Mayorista,14.9,288.17
5440,1827,E,19,160.68,2023-03-24,Oeste,Mayorista,4.6,83.99
5441,4104,D,17,52.31,2023-08-30,Sur,Mayorista,0.4,20.27
5442,5458,C,20,347.14,2023-08-07,Este,Distribuidor,13.2,165.45
5443,4828,D,14,323.39,2023-09-14,Este,Tienda,8.5,203.38
5444,2413,B,13,298.68,2023-04-06,Oeste,Online,14.8,193.85
5445,10242,B,17,82.6,2023-11-26,Centro,Online,7.6,50.06
5446,4505,E,19,59.49,2023-04-15,Oeste,Distribuidor,11.2,28.36
5447,8277,E,5,218.6,2023-07-02,Oeste,Distribuidor,4.9,88.83
5448,3586,D,18,66.11,2023-12-27,Este,Online,5.8,33.01
5449,1605,D,3,420.28,2023-03-31,Sur,Online,14.8,166.77
5450,4940,D,13,259.58,2024-01-31,Centro,Online,13.2,130.02
5451,3423,B,17,244.6,2023-09-28,Norte,Mayorista,8.7,141.31
5452,2882,A,9,123.2,2023-12-02,Sur,Tienda,5.7,71.88
5453,6953,A,14,482.36,2023-11-10,Sur,Mayorista,12.9,319.81
5454,2456,D,17,304.11,2023-03-06,Este,Online,9.3,113.21
5455,9306,B,8,417.32,2023-03-09,Sur,Distribuidor,11.4,276.13
5456,1272,B,4,162.79,2024-01-07,Este,Distribuidor,7.8,67.38
5457,9051,A,17,61.07,2023-04-03,Norte,Mayorista,10.4,25.2
5458,204,D,4,171.07,2023-12-11,Centro,Tienda,4.2,69.18
5459,1863,E,13,367.81,2023-01-30,Este,Distribuidor,12.1,184.15
5460,4857,C,9,20.33,2023-07-06,Sur,Mayorista,13.8,9.43
5461,4559,D,1,198.23,2023-09-08,Centro,Online,6.1,102.89
5462,3793,E,11,128.24,2023-01-05,Centro,Distribuidor,10.8,59.54
5463,2,D,12,289.23,2023-07-05,Este,Tienda,9.8,137.98
5464,6571,D,9,331.55,2023-09-20,Centro,Tienda,3.4,130.33
5465,241,D,9,8.66,2023-03-25,Centro,Distribuidor,8.6,3.02
5466,5428,E,13,432.79,2023-04-20,Este,Distribuidor,7.4,198.35
5467,1739,E,2,443.54,2023-10-10,Oeste,Mayorista,9.7,199.13
5468,4076,A,14,247.19,2023-12-21,Este,Tienda,4.8,75.15
5469,1464,C,20,452.55,2023-03-15,Norte,Distribuidor,13.9,192.38
5470,9766,A,8,302.03,2023-12-22,Sur,Tienda,10.5,206.8
5471,8237,C,17,455.37,2023-02-14,Este,Mayorista,12.3,263.81
5472,5327,D,11,203.97,2024-01-28,Norte,Distribuidor,3.6,97.04
5473,1372,E,16,382.13,2023-04-03,Este,Online,15.0,244.26
5474,2006,B,7,94.2,2023-03-12,Norte,Distribuidor,9.6,62.35
5475,4134,D,3,342.65,2023-04-29,Oeste,Tienda,13.6,142.06
5476,4191,C,3,345.57,2023-01-12,Sur,Tienda,8.9,112.52
5477,960,E,20,366.34,2023-05-07,Este,Distribuidor,2.8,235.63
5478,6101,D,14,162.24,2024-01-17,Este,Mayorista,2.8,89.35
5479,2941,C,10,463.89,2023-02-02,Sur,Mayorista,10.8,157.19
5480,1317,D,3,476.94,2023-10-26,Oeste,Online,12.9,218.55
5481,6068,E,20,139.76,2023-01-18,Norte,Mayorista,3.0,63.99
5482,5412,C,16,95.77,2023-02-13,Centro,Distribuidor,14.5,66.99
5483,5190,A,1,104.67,2023-11-15,Norte,Mayorista,8.4,42.99
5484,8591,D,7,384.37,2023-12-15,Centro,Mayorista,6.3,164.05
5485,6784,D,13,175.03,2023-07-22,Sur,Online,0.7,119.61
5486,155,C,10,86.11,2023-04-20,Oeste,Online,1.5,39.31
5487,6876,C,14,307.0,2023-03-05,Este,Distribuidor,3.9,140.71
5488,6470,A,10,96.75,2023-01-17,Este,Online,11.4,31.08
5489,7475,C,11,375.37,2023-08-10,Centro,Distribuidor,6.0,176.39
5490,8787,B,15,287.9,2023-11-27,Norte,Tienda,2.8,173.89
5491,10106,C,18,339.98,2023-11-17,Oeste,Distribuidor,2.4,179.75
5492,9747,B,11,174.64,2023-12-23,Oeste,Tienda,6.1,92.4
5493,2266,D,18,449.3,2023-08-09,Este,Distribuidor,9.9,261.5
5494,1854,C,5,361.89,2023-03-03,Norte,Online,3.4,183.86
5495,8183,A,15,240.84,2023-10-21,Este,Tienda,5.7,166.12
5496,9085,A,12,157.61,2023-07-06,Oeste,Online,12.3,62.27
5497,6766,A,19,44.0,2023-08-09,Sur,Online,11.7,13.44
5498,6457,A,3,405.36,2023-08-08,Centro,Tienda,14.5,157.41
5499,4252,D,7,474.23,2023-07-08,Centro,Online,6.4,329.61
5500,2544,C,1,215.8,2023-01-22,Oeste,Online,9.9,145.2
5501,10355,A,7,215.1,2023-06-18,Norte,Distribuidor,9.6,106.06
5502,2791,A,5,211.85,2023-12-15,Oeste,Tienda,2.6,71.93
5503,3214,E,20,483.53,2023-08-25,Norte,Online,12.4,324.07
5504,419,D,18,263.52,2024-01-04,Norte,Mayorista,12.9,159.67
5505,4931,A,14,253.4,2023-04-14,Este,Tienda,10.3,154.63
5506,9298,D,11,236.15,2023-11-20,Norte,Online,10.8,129.88
5507,6129,C,4,176.58,2023-09-12,Oeste,Mayorista,0.1,107.05
5508,7613,A,19,142.55,2023-05-27,Sur,Online,3.4,58.7
5509,1389,A,18,439.04,2023-06-24,Oeste,Mayorista,1.8,210.01
5510,3407,C,2,332.2,2023-05-27,Este,Tienda,8.9,163.21
5511,1846,A,13,259.86,2023-11-07,Centro,Tienda,13.7,112.98
5512,6680,A,17,288.97,2023-05-27,Centro,Distribuidor,1.1,87.99
5513,6748,B,12,295.99,2023-06-16,Norte,Mayorista,5.9,179.26
5514,9562,E,12,353.55,2023-07-21,Sur,Tienda,6.6,171.9
5515,2002,A,7,263.33,2024-01-17,Oeste,Tienda,2.4,97.59
5516,8287,B,8,123.23,2023-04-21,Norte,Distribuidor,6.4,70.46
5517,758,D,16,175.7,2024-01-21,Este,Mayorista,13.0,116.65
5518,1609,E,4,57.84,2023-01-03,Sur,Distribuidor,5.9,38.13
5519,98,C,15,402.63,2023-03-04,Centro,Online,7.7,252.03
5520,7403,A,7,498.56,2023-09-29,Oeste,Distribuidor,8.1,163.28
5521,1723,D,5,416.8,2023-10-11,Este,Online,1.1,279.5
5522,2615,D,4,206.78,2023-03-17,Este,Tienda,7.5,113.72
5523,2772,B,0,342.26,2023-12-12,Oeste,Online,4.4,186.9
5524,8916,B,15,398.63,2023-06-06,Centro,Mayorista,12.4,128.44
5525,9961,A,6,382.43,2023-03-14,Norte,Online,3.1,218.21
5526,4956,B,18,63.3,2023-09-20,Este,Tienda,12.9,30.61
5527,8100,C,6,379.65,2023-06-04,Centro,Tienda,11.4,247.59
5528,8133,A,8,164.51,2023-05-20,Este,Mayorista,11.6,91.29
5529,8056,D,1,200.52,2023-08-31,Oeste,Online,3.2,91.27
5530,5987,B,13,495.51,2023-02-17,Sur,Distribuidor,1.4,241.08
5531,6478,B,7,154.72,2023-05-18,Centro,Distribuidor,9.4,89.15
5532,5684,A,1,233.43,2023-08-26,Norte,Tienda,13.1,110.19
5533,9472,C,14,432.33,2023-02-21,Centro,Distribuidor,12.2,202.96
5534,1500,E,8,477.44,2023-08-13,Sur,Tienda,4.3,300.51
5535,6990,A,3,407.13,2023-05-11,Oeste,Mayorista,7.3,181.52
5536,1228,B,20,400.09,2023-01-06,Norte,Distribuidor,11.4,137.43
5537,6427,E,6,169.52,2023-06-29,Sur,Distribuidor,14.4,96.12
5538,8948,E,16,96.07,2023-09-08,Este,Mayorista,12.1,32.49
5539,2195,C,5,364.2,2023-05-25,Centro,Mayorista,14.0,209.5
5540,8039,B,18,33.85,2023-05-24,Oeste,Distribuidor,4.4,20.08
5541,8306,E,13,145.02,2023-01-04,Centro,Online,9.8,65.44
5542,3994,B,12,196.44,2023-02-01,Este,Distribuidor,11.0,60.28
5543,4370,D,17,87.62,2023-08-16,Norte,Tienda,2.8,42.49
5544,8361,B,3,39.55,2023-02-22,Oeste,Tienda,12.3,15.26
5545,9240,D,3,28.19,2023-09-19,Este,Mayorista,6.4,12.19
5546,2561,A,14,23.08,2023-11-20,Sur,Tienda,7.6,7.57
5547,4034,A,9,344.94,2023-03-19,Este,Mayorista,8.5,104.12
5548,1566,C,7,363.17,2023-10-02,Este,Online,5.9,123.46
5549,943,D,15,293.75,2023-08-07,Oeste,Mayorista,8.5,141.25
5550,9292,D,8,360.25,2023-02-16,Sur,Mayorista,12.8,114.09
5551,9383,A,15,125.34,2023-01-20,Centro,Tienda,1.2,58.03
5552,5173,D,15,102.84,2023-06-18,Este,Distribuidor,13.3,53.82
5553,648,B,12,200.67,2024-01-10,Sur,Online,8.6,93.4
5554,7289,B,15,464.68,2023-11-08,Centro,Mayorista,13.3,142.35
5555,1812,A,18,152.56,2023-10-12,Centro,Tienda,6.5,51.47
5556,2514,E,7,462.05,2023-12-12,Sur,Online,11.9,262.16
5557,1648,A,2,159.22,2023-05-28,Oeste,Distribuidor,1.6,70.07
5558,6807,A,5,49.59,2023-08-06,Oeste,Distribuidor,1.1,21.24
5559,6089,C,0,201.77,2023-12-07,Oeste,Distribuidor,5.8,126.62
5560,597,A,13,175.7,2023-06-25,Oeste,Online,3.3,97.63
5561,7835,A,7,156.35,2023-11-10,Sur,Tienda,7.2,73.3
5562,1321,B,13,351.52,2023-04-13,Este,Tienda,1.7,233.0
5563,8398,B,5,83.2,2023-05-19,Centro,Mayorista,11.9,42.75
5564,9742,B,10,385.15,2023-08-16,Oeste,Tienda,12.7,248.5
5565,1234,D,14,176.95,2023-09-04,Centro,Online,3.6,78.37
5566,1273,B,6,113.86,2023-08-23,Este,Online,3.3,37.77
5567,10114,B,1,298.32,2023-09-15,Norte,Distribuidor,12.1,205.67
5568,7586,C,2,257.67,2023-12-05,Este,Online,10.1,159.96
5569,9135,B,16,159.78,2023-09-28,Oeste,Distribuidor,3.8,77.48
5570,10446,B,13,294.59,2023-08-04,Oeste,Mayorista,3.3,154.85
5571,9283,C,12,174.43,2023-03-18,Sur,Online,1.1,72.72
5572,680,D,2,268.84,2023-04-02,Sur,Mayorista,7.7,172.47
5573,9502,D,4,358.08,2023-09-14,Norte,Distribuidor,13.4,133.51
5574,6694,C,18,409.65,2023-07-18,Centro,Tienda,7.0,202.21
5575,8266,A,1,133.0,2023-04-15,Oeste,Distribuidor,2.0,42.88
5576,6985,B,6,409.66,2023-07-25,Norte,Distribuidor,13.5,128.94
5577,7767,C,8,173.63,2023-05-16,Sur,Mayorista,3.5,69.2
5578,8177,A,17,292.15,2024-01-22,Este,Online,0.5,190.92
5579,10357,D,2,276.2,2023-11-03,Este,Distribuidor,13.7,152.6
5580,7343,D,0,79.08,2023-05-28,Este,Mayorista,9.8,42.93
5581,3275,A,11,28.46,2023-12-15,Sur,Online,0.4,10.69
5582,8746,E,14,221.78,2023-02-14,Este,Online,1.2,77.03
5583,9782,D,15,423.81,2023-06-20,Sur,Mayorista,9.5,174.83
5584,4351,D,11,47.3,2023-05-10,Centro,Tienda,7.5,21.43
5585,1363,E,9,218.55,2023-11-17,Centro,Mayorista,9.2,85.45
5586,3786,B,1,206.84,2023-09-30,Oeste,Mayorista,8.3,70.27
5587,4221,E,12,152.7,2023-01-15,Sur,Tienda,0.6,65.92
5588,4006,C,13,62.96,2023-01-06,Norte,Distribuidor,12.3,41.38
5589,6322,A,18,188.56,2023-05-29,Centro,Distribuidor,14.4,84.04
5590,1309,D,3,284.32,2023-05-21,Centro,Online,12.9,106.66
5591,9543,D,11,226.63,2023-12-16,Norte,Mayorista,7.2,149.44
5592,9314,A,1,225.49,2023-06-01,Sur,Mayorista,10.1,109.5
5593,6272,C,18,311.07,2023-04-29,Este,Tienda,0.8,189.52
5594,5002,B,6,116.14,2023-01-11,Centro,Tienda,10.9,36.29
5595,1390,E,3,260.33,2023-07-25,Este,Online,2.1,174.39
5596,9624,C,0,495.67,2023-04-16,Centro,Distribuidor,11.6,311.03
5597,2622,E,16,153.7,2023-09-09,Este,Mayorista,12.0,56.29
5598,10110,A,14,148.2,2023-03-20,Oeste,Online,14.9,100.56
5599,2586,B,14,383.73,2023-05-17,Sur,Distribuidor,1.4,159.8
5600,8355,D,17,97.59,2023-07-24,Sur,Tienda,14.5,62.45
5601,2645,C,3,293.63,2024-02-03,Este,Mayorista,12.3,91.61
5602,4900,B,10,11.29,2023-12-19,Este,Tienda,3.2,7.7
5603,817,C,20,364.43,2023-07-19,Este,Tienda,7.5,145.52
5604,1558,E,10,337.47,2023-01-17,Centro,Mayorista,14.4,194.43
5605,6358,D,5,238.49,2023-09-28,Norte,Tienda,10.4,157.66
5606,4744,A,10,40.74,2023-08-20,Este,Tienda,6.2,24.94
5607,7123,A,2,104.24,2023-05-27,Norte,Tienda,9.0,52.96
5608,4977,B,11,438.39,2023-11-15,Sur,Tienda,3.3,229.67
5609,5169,A,14,189.63,2023-12-15,Oeste,Mayorista,3.6,82.55
5610,3622,D,4,72.8,2023-04-28,Sur,Distribuidor,9.0,37.3
5611,2982,B,1,174.64,2024-01-10,Sur,Distribuidor,5.9,62.26
5612,2785,E,9,402.86,2023-02-22,Sur,Tienda,2.3,144.67
5613,3568,C,20,12.37,2023-10-23,Oeste,Mayorista,6.5,7.06
5614,10310,B,2,144.45,2023-03-08,Sur,Tienda,13.3,93.93
5615,1168,B,8,24.39,2023-06-30,Oeste,Mayorista,8.4,16.46
5616,8907,E,16,144.71,2023-12-27,Norte,Mayorista,9.1,91.45
5617,1031,B,18,291.47,2024-01-22,Sur,Tienda,14.6,106.65
5618,5034,D,14,261.71,2023-05-14,Norte,Distribuidor,12.9,86.88
5619,4444,E,1,53.33,2023-11-17,Centro,Distribuidor,8.1,35.91
5620,6628,E,17,454.32,2023-06-09,Este,Online,3.8,188.82
5621,5167,B,9,398.5,2023-07-25,Centro,Tienda,1.2,263.35
5622,902,D,17,278.08,2023-10-24,Oeste,Tienda,0.6,113.77
5623,147,B,10,273.98,2023-04-03,Norte,Distribuidor,5.3,121.38
5624,4699,E,12,411.31,2023-07-09,Este,Distribuidor,0.2,189.79
5625,8721,C,3,76.06,2024-02-01,Este,Distribuidor,6.5,51.7
5626,875,C,5,80.01,2023-02-13,Este,Mayorista,6.1,41.33
5627,1424,D,5,116.45,2023-11-06,Oeste,Tienda,7.3,65.59
5628,10201,B,7,431.74,2023-10-03,Este,Distribuidor,4.1,160.59
5629,1098,A,14,326.08,2023-02-26,Oeste,Online,9.1,136.17
5630,6435,A,10,205.92,2023-02-10,Sur,Online,7.1,98.71
5631,1129,C,15,303.84,2023-01-13,Oeste,Online,1.6,107.32
5632,8158,E,7,479.12,2023-02-14,Centro,Mayorista,5.0,251.75
5633,5074,D,3,188.68,2023-07-04,Sur,Distribuidor,1.4,77.13
5634,2575,D,1,484.29,2023-11-03,Centro,Online,13.2,240.3
5635,3638,B,4,21.44,2024-01-02,Norte,Distribuidor,0.3,8.15
5636,2851,D,4,7.82,2023-04-27,Este,Distribuidor,12.3,3.88
5637,8496,A,10,398.29,2023-10-29,Este,Tienda,2.5,240.89
5638,3682,B,10,65.51,2023-10-11,Sur,Tienda,5.7,28.93
5639,9308,B,16,416.47,2023-01-25,Sur,Online,3.1,286.69
5640,7847,C,9,303.95,2023-04-14,Centro,Tienda,2.6,179.04
5641,2072,A,14,117.33,2023-09-06,Norte,Online,5.5,59.36
5642,7906,E,18,40.25,2023-10-31,Sur,Tienda,9.3,24.91
5643,973,A,0,242.12,2023-06-13,Norte,Tienda,14.2,146.05
5644,3592,E,5,264.37,2023-08-03,Centro,Tienda,4.0,184.52
5645,2211,A,15,345.92,2023-06-05,Sur,Tienda,6.6,180.43
5646,3073,B,6,24.22,2023-04-17,Norte,Tienda,0.7,9.26
5647,7723,B,2,269.05,2023-12-28,Centro,Mayorista,5.8,114.57
5648,6400,D,18,105.43,2023-03-19,Centro,Online,10.3,66.49
5649,3116,E,16,450.3,2023-04-04,Centro,Distribuidor,9.7,195.37
5650,7058,E,16,294.11,2023-07-24,Este,Distribuidor,11.2,163.11
5651,9781,C,14,131.06,2024-01-22,Oeste,Online,14.2,82.58
5652,6508,A,0,473.78,2023-09-12,Centro,Mayorista,3.7,322.64
5653,3689,E,15,387.13,2024-01-02,Norte,Mayorista,8.0,116.38
5654,2353,A,6,299.6,2024-01-09,Sur,Online,7.5,135.86
5655,3486,A,4,160.74,2023-11-27,Este,Online,5.5,63.88
5656,4947,B,2,99.8,2023-03-03,Oeste,Tienda,8.8,48.35
5657,3221,E,12,292.61,2023-11-28,Norte,Distribuidor,10.4,151.53
5658,2515,A,0,276.43,2023-12-22,Oeste,Distribuidor,2.6,146.74
5659,6677,C,3,93.75,2023-11-04,Sur,Distribuidor,13.8,60.4
5660,4647,E,2,86.18,2023-05-28,Centro,Distribuidor,10.3,37.52
5661,6267,B,17,498.13,2023-07-23,Sur,Online,3.7,166.4
5662,4081,B,17,104.65,2023-12-08,Este,Distribuidor,5.8,68.46
5663,3152,B,7,245.64,2023-10-10,Sur,Tienda,9.9,161.17
5664,5207,D,1,489.51,2023-09-13,Este,Online,0.3,170.25
5665,8639,B,7,211.33,2023-02-28,Este,Mayorista,14.4,97.33
5666,4202,E,19,144.81,2023-12-30,Oeste,Tienda,10.3,63.21
5667,2748,C,1,239.02,2023-05-07,Centro,Tienda,14.4,80.2
5668,1086,C,11,142.38,2023-08-04,Oeste,Mayorista,4.1,84.0
5669,7793,A,4,336.86,2023-01-02,Centro,Tienda,12.6,103.46
5670,8445,E,11,26.98,2023-11-16,Este,Mayorista,2.3,11.72
5671,3494,E,17,50.92,2023-11-08,Centro,Online,10.1,18.21
5672,2676,D,18,277.55,2023-04-18,Centro,Distribuidor,6.3,90.4
5673,503,D,1,42.56,2023-11-14,Este,Mayorista,14.4,23.24
5674,8930,E,8,418.67,2023-10-28,Norte,Mayorista,13.5,228.6
5675,5866,E,2,205.7,2023-06-15,Oeste,Online,1.6,118.93
5676,7903,C,19,423.94,2023-01-03,Sur,Distribuidor,10.4,239.6
5677,8021,C,10,343.82,2023-04-26,Centro,Mayorista,2.8,172.95
5678,5284,C,6,104.46,2023-04-20,Sur,Distribuidor,5.1,66.85
5679,9082,E,13,97.49,2023-10-01,Norte,Mayorista,0.2,53.92
5680,8211,A,1,498.87,2023-03-27,Centro,Tienda,13.4,238.82
5681,5801,E,4,460.19,2023-01-27,Oeste,Online,7.5,206.57
5682,7072,E,4,223.85,2023-01-19,Este,Distribuidor,8.5,96.91
5683,3154,B,2,6.87,2023-08-29,Norte,Online,8.0,3.42
5684,626,D,4,27.19,2023-04-07,Oeste,Online,11.8,15.07
5685,3644,E,17,174.37,2023-05-26,Este,Tienda,3.9,84.59
5686,5511,E,8,300.26,2023-05-22,Norte,Online,2.0,151.3
5687,2334,A,10,384.31,2023-03-31,Oeste,Mayorista,11.0,206.86
5688,4301,D,1,30.52,2023-08-18,Centro,Online,6.9,19.73
5689,3719,D,19,311.13,2024-01-01,Centro,Distribuidor,10.9,210.0
5690,7508,B,5,485.79,2023-04-10,Oeste,Online,8.6,323.55
5691,596,D,1,108.55,2023-07-10,Norte,Mayorista,12.0,53.25
5692,2200,A,13,446.7,2023-08-30,Centro,Tienda,14.3,243.97
5693,669,B,2,233.13,2024-01-12,Norte,Distribuidor,0.4,149.95
5694,9560,E,17,24.18,2023-03-25,Oeste,Mayorista,0.8,9.48
5695,10235,C,2,283.83,2023-07-14,Centro,Online,12.9,108.51
5696,7382,B,3,54.71,2023-06-11,Norte,Online,8.8,35.38
5697,9944,C,15,77.87,2023-07-16,Centro,Tienda,6.3,23.5
5698,7120,D,6,261.84,2023-02-17,Este,Distribuidor,11.8,163.8
5699,4391,B,19,15.58,2024-01-25,Este,Distribuidor,1.8,5.57
5700,5540,C,7,52.95,2023-10-21,Este,Distribuidor,12.0,22.46
5701,4720,D,6,379.86,2023-07-18,Sur,Tienda,10.8,125.82
5702,8883,D,11,187.94,2023-01-24,Este,Tienda,7.4,82.42
5703,10184,D,14,154.47,2023-08-14,Este,Online,3.5,72.73
5704,8760,D,8,471.5,2023-01-24,Sur,Distribuidor,0.4,288.75
5705,8970,D,8,26.98,2023-05-17,Sur,Distribuidor,8.7,17.83
5706,6257,C,1,469.48,2023-05-28,Oeste,Online,5.1,320.36
5707,1402,C,1,166.11,2023-04-08,Centro,Distribuidor,3.6,81.72
5708,2706,B,19,190.42,2024-01-02,Centro,Tienda,10.1,90.26
5709,9999,A,11,215.61,2023-03-14,Oeste,Distribuidor,3.4,66.05
5710,8618,E,13,424.92,2023-11-30,Este,Online,9.8,295.84
5711,7984,C,5,129.58,2023-12-19,Este,Online,12.3,79.69
5712,4445,B,1,353.99,2023-11-20,Este,Online,14.2,143.9
5713,4664,E,13,163.45,2023-09-30,Sur,Online,4.8,74.6
5714,632,E,6,252.07,2023-08-08,Oeste,Distribuidor,2.9,122.42
5715,8739,E,13,458.5,2023-12-27,Oeste,Distribuidor,1.6,305.25
5716,7476,B,6,476.12,2023-01-07,Centro,Online,3.5,289.94
5717,3039,D,13,473.22,2023-08-31,Sur,Online,7.2,218.05
5718,8150,B,5,78.42,2023-03-27,Centro,Tienda,6.9,44.66
5719,7084,E,17,266.92,2024-01-27,Norte,Mayorista,4.8,130.4
5720,4623,D,14,435.84,2023-12-24,Centro,Distribuidor,1.5,239.44
5721,1692,A,5,211.14,2023-01-13,Centro,Online,10.9,146.78
5722,9781,C,9,445.21,2023-01-24,Norte,Mayorista,9.3,228.32
5723,844,D,7,263.44,2023-12-19,Norte,Distribuidor,12.1,159.36
5724,2667,A,20,86.46,2023-01-24,Sur,Distribuidor,1.4,41.05
5725,5751,B,9,111.34,2023-04-03,Centro,Mayorista,0.9,50.74
5726,4250,A,0,199.16,2023-07-09,Este,Tienda,6.0,60.31
5727,2931,E,18,271.61,2023-11-27,Oeste,Mayorista,7.7,106.31
5728,9657,D,7,259.8,2023-08-04,Este,Tienda,12.7,116.85
5729,7751,C,12,360.53,2023-07-20,Oeste,Online,8.1,220.06
5730,7506,A,14,187.24,2023-05-26,Este,Online,2.5,61.4
5731,4401,A,18,375.02,2023-11-27,Norte,Tienda,9.4,243.56
5732,9393,A,9,415.01,2023-01-29,Este,Mayorista,3.9,269.09
5733,1861,D,14,393.06,2023-10-16,Sur,Mayorista,0.9,238.83
5734,7709,A,1,464.59,2023-07-20,Este,Distribuidor,10.3,265.69
5735,9608,D,7,94.41,2023-11-05,Sur,Tienda,6.1,48.63
5736,7813,D,18,405.98,2023-11-16,Oeste,Online,9.0,265.2
5737,6146,E,20,138.81,2023-12-07,Este,Online,7.8,55.46
5738,6982,D,3,119.92,2024-01-03,Sur,Distribuidor,0.3,42.33
5739,6524,B,14,253.85,2023-06-19,Este,Distribuidor,6.0,162.59
5740,1550,C,4,145.34,2023-06-18,Este,Online,4.9,89.41
5741,5662,B,18,340.07,2023-12-20,Centro,Mayorista,14.6,134.26
5742,9143,C,12,447.31,2023-11-22,Oeste,Mayorista,8.3,180.32
5743,9078,C,3,117.75,2023-09-19,Este,Online,8.8,53.72
5744,811,B,11,169.12,2023-08-14,Centro,Online,13.7,117.08
5745,1666,C,18,451.53,2023-01-09,Oeste,Tienda,6.4,217.77
5746,6098,B,8,148.25,2023-10-20,Norte,Mayorista,7.2,94.12
5747,8596,E,20,292.55,2023-11-29,Este,Online,14.5,160.0
5748,5402,E,9,454.33,2023-07-31,Oeste,Online,5.6,205.95
5749,9815,B,5,317.17,2024-01-29,Centro,Tienda,5.0,160.81
5750,4086,C,0,115.35,2023-03-27,Este,Mayorista,10.5,44.19
5751,9060,B,16,365.94,2023-06-24,Norte,Tienda,9.3,216.68
5752,5798,B,18,404.92,2023-08-17,Este,Distribuidor,3.6,211.09
5753,6377,B,11,272.14,2023-12-14,Norte,Online,12.1,181.84
5754,6977,E,5,329.22,2023-03-10,Oeste,Distribuidor,8.0,124.91
5755,6575,A,7,279.56,2023-05-20,Sur,Mayorista,2.0,111.84
5756,5107,E,7,310.23,2023-08-21,Oeste,Mayorista,13.6,203.4
5757,8456,A,0,129.27,2023-01-08,Oeste,Tienda,9.5,48.82
5758,3032,E,12,306.67,2023-10-14,Centro,Online,11.6,189.18
5759,1881,C,9,347.8,2023-07-14,Oeste,Online,4.8,220.17
5760,2840,A,11,318.45,2023-11-20,Oeste,Mayorista,11.2,187.91
5761,5434,A,0,116.08,2023-11-11,Sur,Mayorista,10.1,36.07
5762,5006,C,14,225.52,2023-02-15,Este,Online,10.7,156.82
5763,6289,C,16,94.41,2023-03-20,Este,Online,11.5,35.02
5764,1472,E,6,206.85,2023-01-02,Este,Distribuidor,6.2,131.63
5765,7755,B,20,400.14,2023-11-08,Norte,Tienda,7.5,232.23
5766,8648,A,8,144.28,2023-04-27,Centro,Tienda,1.4,54.8
5767,4863,B,5,309.11,2023-06-18,Este,Tienda,11.2,101.05
5768,8614,B,15,280.51,2023-03-06,Sur,Mayorista,9.8,167.31
5769,3671,E,15,114.33,2023-10-08,Sur,Online,7.6,60.27
5770,1629,B,2,196.95,2023-07-16,Centro,Tienda,1.6,117.96
5771,3004,B,18,328.48,2024-01-06,Sur,Online,2.4,140.79
5772,7463,C,9,327.58,2023-06-07,Este,Distribuidor,8.7,146.88
5773,3710,A,2,189.98,2023-12-30,Sur,Online,11.0,92.12
5774,8998,D,19,421.16,2023-12-27,Oeste,Tienda,1.9,126.68
5775,4125,A,9,145.49,2023-01-25,Este,Distribuidor,8.0,97.81
5776,6985,D,12,114.86,2023-02-05,Este,Mayorista,14.2,66.57
5777,8695,C,12,298.68,2023-10-25,Sur,Distribuidor,13.7,116.6
5778,28,A,3,36.26,2023-06-20,Oeste,Tienda,6.5,24.83
5779,9923,A,18,154.98,2023-12-30,Centro,Mayorista,13.3,93.23
5780,9191,C,15,220.42,2023-11-30,Centro,Mayorista,6.7,151.87
5781,5427,A,4,262.03,2023-09-26,Oeste,Mayorista,4.2,161.14
5782,10490,D,10,217.76,2023-01-04,Sur,Online,4.4,113.7
5783,2517,B,3,230.34,2023-01-07,Este,Distribuidor,6.4,146.43
5784,615,A,11,61.87,2023-04-18,Sur,Mayorista,13.6,20.99
5785,3227,C,2,493.82,2023-01-26,Sur,Online,7.1,274.7
5786,7925,D,8,333.78,2023-06-02,Oeste,Distribuidor,14.5,199.1
5787,9941,A,0,210.0,2023-01-25,Sur,Online,0.5,96.26
5788,3766,D,20,42.51,2023-12-17,Oeste,Tienda,10.3,26.14
5789,9053,B,9,29.61,2023-05-24,Norte,Distribuidor,6.3,19.1
5790,715,B,15,377.03,2023-11-02,Centro,Mayorista,5.1,228.07
5791,5384,E,12,246.89,2023-04-26,Este,Online,9.7,118.2
5792,8635,C,6,499.74,2023-09-26,Este,Online,3.0,193.3
5793,6595,E,8,76.96,2023-10-21,Norte,Tienda,0.3,26.12
5794,9751,E,6,19.28,2023-08-31,Oeste,Tienda,9.4,11.6
5795,7611,B,6,99.6,2023-12-25,Sur,Tienda,10.0,59.47
5796,3277,E,18,320.29,2023-07-11,Sur,Mayorista,1.6,126.27
5797,4241,C,11,360.87,2023-12-21,Este,Tienda,1.6,242.32
5798,3350,B,15,32.96,2024-01-21,Norte,Tienda,2.6,20.93
5799,9700,D,14,6.71,2023-05-05,Oeste,Distribuidor,4.9,3.0
5800,4721,B,12,444.29,2023-03-30,Norte,Online,6.0,240.09
5801,9695,B,11,170.77,2023-09-22,Norte,Online,9.1,110.23
5802,9718,A,5,56.56,2023-03-08,Centro,Tienda,2.4,22.16
5803,6622,A,0,140.71,2024-01-07,Norte,Distribuidor,14.0,50.07
5804,10126,E,14,388.42,2023-11-28,Sur,Tienda,14.4,200.3
5805,5857,A,11,470.69,2023-08-28,Centro,Distribuidor,1.4,276.22
5806,793,C,16,267.43,2023-01-11,Norte,Tienda,10.3,128.05
5807,9428,E,1,89.26,2023-11-14,Norte,Distribuidor,2.4,53.64
5808,8937,A,19,461.29,2023-11-27,Centro,Mayorista,13.1,201.44
5809,9253,A,6,147.92,2024-01-09,Centro,Distribuidor,4.6,78.28
5810,3019,C,6,426.99,2023-02-26,Sur,Mayorista,9.3,224.31
5811,2382,C,11,474.91,2023-10-28,Este,Mayorista,13.0,249.23
5812,10106,D,2,399.26,2024-01-07,Oeste,Online,2.0,232.05
5813,4030,E,5,155.41,2023-08-23,Centro,Mayorista,6.9,73.04
5814,3918,C,14,399.93,2023-11-06,Centro,Mayorista,3.3,163.21
5815,6268,D,18,195.28,2023-09-10,Oeste,Tienda,13.0,90.35
5816,7493,D,18,117.17,2023-06-22,Este,Tienda,9.4,44.55
5817,7050,D,16,382.57,2024-01-20,Este,Online,9.2,126.63
5818,9529,A,6,358.8,2023-05-30,Sur,Tienda,1.2,206.72
5819,539,B,2,439.82,2024-01-31,Norte,Mayorista,5.5,139.69
5820,1909,B,18,239.33,2023-03-12,Este,Distribuidor,6.2,166.88
5821,1253,B,8,265.61,2023-11-05,Este,Tienda,5.7,147.38
5822,761,E,10,199.53,2023-01-05,Oeste,Mayorista,3.5,83.78
5823,9624,E,11,435.4,2023-09-05,Centro,Mayorista,7.7,159.68
5824,3941,D,9,79.35,2023-02-05,Norte,Mayorista,6.5,43.83
5825,7324,E,0,239.89,2023-12-11,Norte,Distribuidor,9.7,149.56
5826,8960,C,10,399.86,2023-04-09,Centro,Tienda,0.2,188.97
5827,6490,A,17,47.72,2023-07-14,Este,Tienda,3.3,30.93
5828,446,B,12,286.04,2023-11-21,Este,Distribuidor,14.5,151.57
5829,1204,E,10,75.6,2023-02-14,Oeste,Tienda,12.5,47.95
5830,9312,E,17,299.7,2023-12-07,Centro,Tienda,5.4,109.77
5831,5537,D,11,496.75,2023-06-01,Norte,Online,2.3,304.85
5832,9492,C,6,45.45,2023-11-17,Oeste,Tienda,9.2,24.43
5833,8794,D,16,420.76,2023-06-18,Centro,Online,14.1,201.29
5834,5483,B,5,345.17,2023-03-30,Oeste,Tienda,0.5,128.64
5835,527,C,9,104.42,2024-01-19,Sur,Mayorista,11.4,35.92
5836,1794,A,2,339.03,2023-11-04,Norte,Tienda,13.1,129.76
5837,7204,E,18,29.07,2023-12-09,Oeste,Tienda,11.5,10.21
5838,9875,E,17,93.59,2023-04-20,Sur,Online,9.8,64.88
5839,8675,C,15,128.63,2023-08-04,Norte,Online,2.5,62.33
5840,7416,D,19,106.37,2023-02-03,Oeste,Mayorista,10.6,48.8
5841,8434,D,19,111.8,2023-09-11,Este,Distribuidor,6.0,64.9
5842,6470,B,14,121.69,2024-02-04,Sur,Mayorista,14.5,80.72
5843,2318,A,8,382.64,2023-02-03,Centro,Tienda,5.4,223.49
5844,1631,C,17,9.27,2023-08-01,Centro,Distribuidor,13.8,4.0
5845,6070,C,6,187.85,2023-02-08,Sur,Mayorista,10.1,99.25
5846,977,D,13,232.76,2023-11-01,Centro,Distribuidor,7.6,82.2
5847,8097,C,17,167.72,2023-12-12,Oeste,Distribuidor,9.5,63.54
5848,4365,B,5,301.32,2023-08-24,Centro,Distribuidor,5.8,100.29
5849,8532,C,0,350.72,2023-09-02,Norte,Tienda,0.9,115.76
5850,4965,B,9,395.71,2023-10-27,Oeste,Distribuidor,4.6,133.62
5851,1916,C,17,254.08,2023-02-27,Centro,Online,1.3,142.95
5852,4334,A,1,384.38,2023-01-27,Centro,Tienda,14.6,198.17
5853,8827,D,19,193.38,2023-03-23,Centro,Tienda,9.2,103.95
5854,7394,A,3,468.32,2023-02-20,Norte,Online,14.8,186.98
5855,1019,D,8,134.71,2023-07-29,Centro,Distribuidor,12.2,85.43
5856,3112,D,3,302.23,2023-05-30,Oeste,Tienda,9.3,125.13
5857,2308,A,11,126.17,2023-03-26,Centro,Tienda,2.9,69.35
5858,1024,E,6,97.43,2023-03-24,Centro,Tienda,4.5,45.93
5859,3854,A,2,457.34,2023-07-26,Norte,Tienda,12.3,282.43
5860,6498,E,11,82.21,2023-12-01,Este,Tienda,4.8,38.97
5861,9627,C,19,57.53,2023-07-13,Sur,Online,12.2,36.15
5862,6726,A,12,174.06,2023-05-12,Centro,Distribuidor,8.7,60.11
5863,10038,E,10,30.61,2023-04-02,Centro,Online,1.7,20.63
5864,5778,D,3,480.52,2023-02-23,Sur,Distribuidor,12.5,210.65
5865,253,C,18,463.71,2023-12-23,Centro,Online,10.3,250.27
5866,10029,E,14,264.07,2023-04-10,Este,Tienda,1.6,177.95
5867,3711,B,7,303.64,2023-11-28,Oeste,Tienda,4.8,96.68
5868,7533,D,13,94.38,2023-02-05,Oeste,Online,10.1,40.2
5869,2511,C,13,192.05,2023-09-03,Centro,Tienda,5.8,92.98
5870,4617,E,11,399.7,2023-01-12,Sur,Online,12.4,127.28
5871,10393,A,3,72.83,2023-02-12,Centro,Online,2.9,35.41
5872,2466,E,12,449.72,2023-12-12,Norte,Tienda,5.5,165.39
5873,5576,A,20,83.44,2023-12-20,Sur,Distribuidor,5.2,48.3
5874,2623,E,6,369.15,2023-06-02,Sur,Mayorista,6.4,205.96
5875,4152,D,1,354.93,2024-01-27,Este,Distribuidor,1.1,224.19
5876,4103,E,10,384.95,2023-12-01,Norte,Mayorista,13.8,268.43
5877,1027,B,16,341.63,2023-05-31,Sur,Distribuidor,11.9,218.54
5878,7942,A,17,180.94,2023-01-23,Oeste,Distribuidor,2.4,89.6
5879,1407,A,3,346.57,2023-03-26,Norte,Distribuidor,4.6,201.56
5880,1471,E,13,32.52,2023-12-27,Norte,Tienda,11.7,11.12
5881,4369,A,9,188.04,2023-02-18,Sur,Mayorista,1.1,72.56
5882,8465,D,2,324.42,2023-07-11,Norte,Online,14.7,115.88
5883,8924,A,3,115.81,2023-07-19,Centro,Mayorista,2.2,78.09
5884,9883,E,6,367.68,2023-03-29,Sur,Tienda,8.7,255.83
5885,2650,A,1,424.71,2023-08-20,Sur,Tienda,2.0,215.49
5886,7395,C,10,276.98,2023-11-27,Sur,Distribuidor,0.0,85.51
5887,4910,C,14,165.72,2023-12-24,Oeste,Online,13.1,87.32
5888,344,B,9,383.01,2024-01-04,Sur,Tienda,10.1,200.24
5889,459,C,16,231.29,2023-03-26,Oeste,Mayorista,3.7,138.13
5890,6417,C,6,323.03,2023-03-03,Centro,Online,10.6,110.87
5891,3609,C,8,285.32,2023-01-17,Sur,Tienda,13.5,126.69
5892,1747,D,18,49.74,2023-06-02,Centro,Distribuidor,8.3,23.59
5893,10451,B,9,210.5,2023-11-10,Norte,Online,2.8,96.88
5894,4714,E,1,186.35,2023-03-29,Este,Mayorista,13.4,56.14
5895,3793,A,11,154.11,2023-03-17,Centro,Tienda,9.8,107.0
5896,8861,E,1,321.4,2023-06-24,Sur,Distribuidor,3.1,196.46
5897,3017,B,5,224.24,2023-06-15,Centro,Mayorista,3.2,104.62
5898,5594,E,18,17.64,2023-09-29,Sur,Mayorista,4.9,11.25
5899,10332,C,14,266.06,2023-08-20,Oeste,Mayorista,14.3,135.73
5900,9089,C,17,108.53,2023-04-14,Sur,Mayorista,7.2,60.37
5901,6918,C,2,49.93,2023-04-26,Este,Online,7.7,19.73
5902,431,D,18,206.59,2023-12-12,Este,Mayorista,10.1,97.01
5903,9177,A,14,336.27,2023-08-18,Este,Tienda,9.2,232.71
5904,5169,A,17,83.34,2023-08-19,Norte,Distribuidor,13.5,45.69
5905,5935,D,2,106.44,2023-11-24,Norte,Tienda,1.6,65.31
5906,8952,E,9,206.44,2023-12-21,Oeste,Mayorista,11.0,122.93
5907,8553,C,19,332.93,2023-11-06,Sur,Tienda,10.1,165.78
5908,8827,C,1,163.75,2023-01-15,Centro,Online,5.9,90.99
5909,6527,B,1,310.37,2024-01-02,Este,Mayorista,11.7,201.96
5910,2961,A,13,178.88,2023-03-15,Centro,Mayorista,13.3,55.67
5911,7397,C,11,305.62,2023-10-18,Centro,Online,3.8,115.29
5912,727,A,2,89.51,2023-06-29,Sur,Online,5.5,41.66
5913,3972,B,1,105.11,2023-08-14,Este,Tienda,7.5,73.22
5914,7846,C,2,441.58,2024-01-24,Oeste,Distribuidor,8.3,241.5
5915,200,A,1,97.13,2023-07-02,Centro,Tienda,11.7,53.68
5916,7715,E,14,30.82,2023-12-27,Sur,Online,0.3,9.44
5917,2155,D,4,368.32,2023-11-22,Sur,Distribuidor,3.7,137.08
5918,1171,C,16,457.86,2023-08-24,Oeste,Tienda,5.7,283.83
5919,3922,A,5,250.68,2023-10-08,Sur,Mayorista,11.8,152.39
5920,3331,B,3,272.25,2023-08-14,Sur,Tienda,0.4,162.73
5921,9200,C,3,489.91,2023-03-05,Centro,Tienda,10.6,308.93
5922,9645,B,13,491.86,2023-08-31,Oeste,Tienda,10.0,245.37
5923,773,A,5,19.48,2024-02-01,Norte,Tienda,9.9,11.69
5924,8995,E,19,19.95,2024-01-08,Sur,Distribuidor,11.1,9.4
5925,5134,A,17,210.75,2023-05-26,Sur,Mayorista,0.2,108.17
5926,6043,D,7,432.6,2023-08-30,Norte,Distribuidor,5.8,166.26
5927,4452,B,16,240.04,2023-07-06,Sur,Tienda,11.3,100.4
5928,1096,A,16,423.13,2023-12-02,Este,Distribuidor,1.6,218.48
5929,400,A,7,477.87,2023-01-18,Norte,Tienda,11.7,302.51
5930,7585,C,1,134.07,2023-05-29,Norte,Mayorista,9.5,61.34
5931,645,A,5,193.09,2023-07-10,Este,Mayorista,5.9,114.37
5932,4805,E,15,429.78,2024-01-26,Oeste,Distribuidor,1.6,183.44
5933,10352,D,16,149.54,2023-07-29,Sur,Mayorista,0.7,90.53
5934,8212,A,10,143.57,2023-10-07,Norte,Mayorista,12.2,72.62
5935,2924,B,17,136.42,2023-02-14,Norte,Mayorista,1.6,43.24
5936,5655,E,5,235.47,2023-05-17,Norte,Distribuidor,6.1,136.08
5937,864,E,8,330.29,2023-03-25,Oeste,Online,1.3,145.17
5938,3112,E,13,297.16,2023-12-31,Norte,Tienda,1.1,155.19
5939,1244,C,14,272.52,2023-01-19,Oeste,Mayorista,8.5,160.75
5940,642,C,11,228.44,2023-07-21,Sur,Tienda,2.0,128.09
5941,2077,C,18,294.95,2023-07-09,Norte,Online,9.5,200.05
5942,8888,E,8,405.99,2024-01-20,Este,Distribuidor,13.2,235.31
5943,689,D,2,354.94,2023-05-04,Norte,Online,1.3,163.83
5944,492,E,6,495.51,2023-10-30,Este,Distribuidor,6.1,269.48
5945,4564,B,12,178.41,2023-02-04,Norte,Mayorista,2.4,55.72
5946,8785,D,0,64.54,2023-10-29,Oeste,Tienda,2.9,40.41
5947,3998,C,20,340.12,2023-04-26,Este,Distribuidor,12.8,196.72
5948,339,C,7,360.1,2023-08-13,Oeste,Tienda,4.2,211.98
5949,9374,B,5,29.88,2023-09-23,Centro,Tienda,9.7,15.74
5950,3540,E,18,225.49,2023-10-06,Norte,Distribuidor,5.9,82.65
5951,2442,A,20,452.9,2023-01-26,Centro,Tienda,12.9,268.46
5952,4300,B,19,27.2,2023-01-12,Oeste,Mayorista,8.2,16.72
5953,2121,E,8,334.43,2023-05-27,Oeste,Online,4.4,123.76
5954,7791,C,5,49.62,2023-06-04,Oeste,Online,3.5,24.7
5955,7723,B,2,328.88,2024-01-15,Este,Distribuidor,8.5,222.16
5956,6386,D,9,195.74,2023-11-07,Este,Distribuidor,1.7,133.7
5957,6431,A,20,405.65,2023-06-10,Sur,Online,11.2,149.28
5958,140,A,0,107.81,2023-11-03,Centro,Online,8.8,66.66
5959,5423,B,9,245.46,2024-01-15,Este,Online,8.3,82.94
5960,2017,B,12,257.38,2023-10-27,Centro,Online,0.2,82.44
5961,8039,D,17,67.3,2023-03-01,Norte,Distribuidor,4.3,34.48
5962,7969,E,19,277.12,2023-04-30,Sur,Distribuidor,3.4,188.51
5963,510,B,11,404.98,2023-06-19,Sur,Distribuidor,4.7,229.11
5964,4609,E,14,8.11,2023-07-30,Este,Distribuidor,0.6,3.33
5965,6851,A,16,270.18,2023-11-20,Norte,Online,12.1,186.14
5966,9230,E,2,261.34,2024-01-25,Centro,Mayorista,5.5,98.92
5967,9381,D,3,118.3,2023-06-25,Norte,Tienda,12.7,62.96
5968,6696,E,8,317.82,2023-09-30,Norte,Tienda,8.8,174.69
5969,3325,E,7,148.21,2024-01-16,Oeste,Tienda,3.5,59.41
5970,3962,E,10,284.57,2023-04-19,Oeste,Distribuidor,5.3,125.62
5971,4292,C,9,469.18,2023-09-02,Este,Online,10.6,276.44
5972,1969,B,20,432.41,2023-04-19,Centro,Distribuidor,11.3,299.29
5973,118,A,9,76.14,2023-06-15,Este,Online,11.4,26.26
5974,9846,C,13,428.69,2024-01-20,Oeste,Online,1.9,139.59
5975,2454,B,20,269.24,2024-01-07,Norte,Tienda,10.6,186.92
5976,810,B,18,325.06,2023-10-28,Este,Tienda,2.1,180.49
5977,9995,A,5,11.43,2023-09-25,Centro,Tienda,0.9,3.56
5978,1096,C,4,126.26,2023-04-08,Norte,Tienda,2.2,67.59
5979,801,B,14,348.12,2024-02-01,Oeste,Tienda,0.2,200.84
5980,1694,C,16,394.18,2023-02-07,Sur,Online,5.5,258.32
5981,5946,B,0,124.66,2023-05-13,Oeste,Mayorista,7.7,55.57
5982,387,C,5,381.84,2023-04-30,Oeste,Tienda,4.6,130.07
5983,547,A,8,126.32,2023-10-15,Oeste,Tienda,12.0,81.41
5984,4847,A,10,319.73,2023-03-12,Oeste,Distribuidor,4.0,221.8
5985,9097,B,9,355.3,2023-09-05,Oeste,Tienda,0.5,216.75
5986,5956,C,8,389.81,2023-07-10,Sur,Distribuidor,12.5,222.27
5987,1778,A,16,138.12,2023-12-05,Sur,Mayorista,11.8,94.38
5988,6121,A,18,246.01,2023-11-10,Sur,Tienda,2.6,128.55
5989,8024,D,12,351.53,2023-02-23,Norte,Tienda,0.6,191.96
5990,5824,B,18,42.98,2024-01-28,Norte,Tienda,4.0,17.0
5991,9689,D,5,220.74,2023-03-02,Oeste,Distribuidor,8.7,88.91
5992,1840,B,11,442.01,2023-04-26,Norte,Online,10.9,198.2
5993,2516,B,0,498.41,2023-05-21,Centro,Distribuidor,9.1,230.56
5994,3908,B,15,332.04,2024-01-22,Este,Distribuidor,2.1,124.01
5995,1416,C,5,201.1,2024-01-30,Norte,Distribuidor,4.9,77.44
5996,2243,A,8,281.21,2023-10-27,Sur,Mayorista,2.2,111.74
5997,482,D,6,108.96,2023-06-16,Oeste,Mayorista,1.3,70.69
5998,2038,B,4,195.17,2023-01-03,Centro,Online,6.8,97.44
5999,10412,D,20,415.64,2023-09-30,Centro,Tienda,0.6,238.32
6000,9173,E,5,395.2,2024-01-24,Sur,Mayorista,11.7,210.02
6001,9545,B,12,358.6,2024-01-07,Centro,Distribuidor,7.3,139.71
6002,2908,B,7,394.29,2023-11-24,Este,Tienda,1.9,183.72
6003,8260,A,7,339.65,2023-08-16,Este,Online,0.7,168.17
6004,9321,A,2,300.15,2023-07-28,Este,Tienda,11.1,146.44
6005,4956,A,17,173.53,2023-11-11,Centro,Distribuidor,4.5,114.61
6006,6937,B,19,145.35,2023-08-18,Sur,Tienda,5.1,63.62
6007,3442,C,19,490.5,2023-03-06,Oeste,Tienda,9.5,167.47
6008,1546,E,18,364.29,2023-07-06,Oeste,Mayorista,8.3,242.8
6009,590,D,13,343.12,2023-10-15,Norte,Distribuidor,3.1,149.44
6010,6568,B,4,318.67,2024-01-23,Centro,Tienda,11.7,218.8
6011,8126,A,1,273.4,2023-07-23,Centro,Distribuidor,13.5,157.05
6012,7321,D,11,158.33,2023-02-11,Sur,Distribuidor,5.8,73.57
6013,9204,C,9,223.97,2023-10-04,Oeste,Distribuidor,11.8,75.05
6014,8576,A,2,70.38,2023-12-13,Sur,Tienda,7.4,35.33
6015,5508,A,0,296.65,2023-03-10,Oeste,Tienda,2.2,114.88
6016,4407,A,9,490.52,2023-06-29,Centro,Tienda,3.8,321.48
6017,9721,D,4,471.16,2023-07-11,Norte,Distribuidor,4.2,243.38
6018,2435,E,15,467.16,2023-07-12,Norte,Online,5.6,236.77
6019,6687,E,2,369.98,2023-04-10,Sur,Mayorista,1.2,124.51
6020,6737,E,12,266.82,2023-09-26,Centro,Tienda,8.5,172.04
6021,5699,D,2,398.09,2023-09-19,Norte,Mayorista,0.3,125.65
6022,10047,D,5,88.09,2023-08-20,Sur,Distribuidor,14.6,35.22
6023,4682,B,20,179.52,2023-01-17,Norte,Mayorista,7.4,69.65
6024,2016,A,9,358.55,2023-07-14,Este,Mayorista,3.9,135.54
6025,5356,B,9,276.96,2023-06-04,Oeste,Distribuidor,11.1,171.5
6026,9015,A,10,451.5,2023-05-21,Sur,Distribuidor,12.2,300.68
6027,1134,D,10,330.67,2023-10-22,Centro,Tienda,1.5,192.72
6028,7696,C,17,321.93,2023-05-02,Norte,Online,4.5,150.07
6029,7736,E,14,34.95,2023-10-15,Norte,Online,13.6,21.73
6030,10279,A,4,135.66,2023-10-01,Norte,Online,6.3,46.79
6031,708,C,19,447.81,2023-07-29,Oeste,Mayorista,9.5,217.4
6032,9315,B,2,388.36,2023-01-24,Norte,Online,13.1,195.49
6033,4747,E,18,84.63,2023-03-15,Oeste,Distribuidor,1.5,47.51
6034,10257,C,8,89.35,2023-09-26,Oeste,Online,7.6,33.69
6035,2094,D,14,477.33,2023-08-27,Centro,Online,6.7,252.97
6036,5531,B,2,469.58,2023-04-07,Norte,Distribuidor,8.8,193.96
6037,7033,B,16,80.95,2023-12-17,Oeste,Online,6.1,51.95
6038,5616,A,7,5.65,2023-06-08,Este,Tienda,2.1,2.35
6039,4887,C,19,204.64,2023-04-03,Este,Distribuidor,12.1,114.56
6040,3130,D,2,363.51,2023-01-11,Sur,Tienda,7.8,109.17
6041,3553,C,20,401.68,2023-02-20,Norte,Online,2.9,194.36
6042,4356,C,15,136.07,2023-01-21,Norte,Mayorista,14.3,50.96
6043,1490,A,17,375.3,2023-12-23,Centro,Distribuidor,9.2,260.67
6044,1098,D,7,138.56,2023-05-08,Este,Distribuidor,4.0,42.18
6045,10424,B,4,54.91,2023-08-08,Sur,Online,11.9,36.02
6046,426,B,19,378.18,2023-10-30,Centro,Tienda,9.3,135.06
6047,8407,A,4,346.92,2023-01-21,Este,Mayorista,0.4,153.04
6048,6470,D,16,308.67,2023-12-26,Este,Mayorista,5.7,144.0
6049,3528,D,3,87.47,2023-09-28,Sur,Tienda,14.4,45.92
6050,6224,B,15,92.99,2024-01-04,Norte,Tienda,2.4,30.49
6051,3858,B,13,146.97,2024-01-11,Este,Online,8.1,60.97
6052,7100,A,4,218.9,2023-05-11,Norte,Tienda,11.3,100.78
6053,8497,A,7,14.03,2023-11-22,Oeste,Distribuidor,10.8,6.19
6054,291,B,14,440.35,2024-01-02,Sur,Online,13.7,254.44
6055,6110,E,17,56.63,2023-01-10,Norte,Mayorista,14.6,21.6
6056,2863,B,4,395.79,2023-10-02,Centro,Tienda,9.0,139.25
6057,6500,C,4,479.3,2023-09-26,Sur,Distribuidor,2.2,196.84
6058,8617,E,19,199.31,2023-12-30,Oeste,Distribuidor,10.7,84.94
6059,5395,A,1,66.12,2023-09-25,Norte,Online,4.7,32.28
6060,2447,C,5,48.04,2023-01-12,Centro,Online,10.6,18.93
6061,5843,D,10,70.93,2023-02-11,Oeste,Tienda,9.9,37.54
6062,7532,D,19,455.64,2023-09-08,Sur,Distribuidor,6.7,307.27
6063,1302,D,10,449.06,2023-03-21,Este,Distribuidor,11.8,147.44
6064,9737,C,6,304.86,2024-02-04,Oeste,Online,12.1,141.77
6065,3986,A,0,247.89,2023-09-17,Sur,Mayorista,1.8,90.06
6066,8716,D,18,398.32,2023-04-06,Oeste,Online,9.8,187.63
6067,3488,D,8,340.35,2023-08-25,Oeste,Online,3.6,154.52
6068,3398,C,20,145.31,2023-12-03,Sur,Distribuidor,6.4,43.6
6069,4230,B,10,227.45,2023-03-21,Este,Mayorista,12.6,110.13
6070,9112,D,0,70.02,2023-10-30,Sur,Distribuidor,5.0,42.41
6071,8300,E,18,300.56,2023-10-05,Este,Mayorista,0.6,133.43
6072,9564,D,1,85.06,2024-01-03,Sur,Online,7.3,38.69
6073,7468,A,3,310.55,2023-05-21,Sur,Mayorista,14.0,193.69
6074,10108,B,15,497.1,2024-01-03,Sur,Tienda,10.7,228.87
6075,9209,E,0,93.09,2023-09-30,Norte,Online,5.5,50.89
6076,9145,B,8,226.31,2023-03-05,Centro,Online,3.5,140.56
6077,6984,D,12,134.45,2023-01-30,Este,Mayorista,8.3,53.79
6078,4054,C,17,404.58,2024-01-05,Sur,Mayorista,6.7,259.89
6079,8645,C,3,134.82,2023-12-21,Este,Tienda,5.4,67.22
6080,5777,A,8,432.71,2023-04-23,Este,Mayorista,3.4,181.44
6081,5856,C,7,325.23,2023-08-12,Oeste,Mayorista,12.2,198.33
6082,2409,C,5,215.8,2024-01-26,Oeste,Online,6.0,95.73
6083,5451,B,12,287.9,2023-12-05,Este,Distribuidor,9.9,145.0
6084,69,E,14,283.29,2023-09-15,Norte,Tienda,4.6,188.04
6085,8228,B,18,370.48,2023-05-21,Norte,Distribuidor,12.6,177.39
6086,6733,B,8,147.68,2023-03-08,Centro,Tienda,7.1,63.42
6087,2173,E,9,128.79,2023-10-31,Centro,Distribuidor,13.5,79.27
6088,4409,C,17,285.91,2023-05-12,Centro,Mayorista,0.9,196.38
6089,8412,C,8,398.27,2023-08-11,Este,Mayorista,9.6,247.29
6090,9747,C,17,79.65,2023-11-01,Norte,Tienda,6.5,54.46
6091,3734,B,7,404.62,2023-07-26,Oeste,Distribuidor,12.7,229.96
6092,9029,A,16,367.96,2023-01-25,Oeste,Tienda,0.3,227.32
6093,8560,B,16,482.29,2023-06-04,Norte,Distribuidor,8.5,217.11
6094,6123,C,5,96.58,2023-07-16,Oeste,Online,9.1,35.64
6095,3400,B,11,378.5,2023-01-04,Este,Tienda,14.4,149.01
6096,8100,B,15,10.43,2023-06-16,Este,Distribuidor,6.0,3.82
6097,667,A,12,273.21,2023-06-21,Centro,Online,5.0,133.97
6098,3093,C,19,98.08,2023-11-04,Oeste,Mayorista,1.9,37.91
6099,5919,D,18,380.25,2023-07-08,Centro,Online,1.2,205.69
6100,7552,C,15,31.57,2023-11-28,Oeste,Mayorista,0.6,12.24
6101,58,A,4,94.77,2023-02-08,Norte,Distribuidor,10.1,33.53
6102,6391,C,12,75.37,2023-01-24,Oeste,Online,7.7,51.11
6103,6946,D,11,9.96,2023-06-03,Oeste,Tienda,11.5,4.74
6104,7750,A,2,29.68,2023-01-23,Este,Tienda,1.7,19.37
6105,2815,D,14,247.63,2024-01-28,Norte,Online,7.6,151.02
6106,2349,E,7,293.11,2023-12-01,Sur,Mayorista,8.3,138.34
6107,5908,B,2,271.49,2023-09-17,Este,Mayorista,10.7,85.03
6108,5341,B,11,218.94,2023-01-03,Oeste,Distribuidor,7.8,85.13
6109,4820,D,0,41.02,2023-04-13,Este,Online,8.9,25.14
6110,6200,A,2,384.77,2023-09-08,Norte,Online,8.5,199.18
6111,3524,C,16,442.43,2023-09-15,Sur,Mayorista,8.7,242.48
6112,2325,B,3,396.42,2023-03-14,Centro,Tienda,6.4,137.4
6113,8710,B,6,86.65,2024-02-04,Sur,Mayorista,9.9,45.95
6114,4553,A,0,487.94,2023-09-02,Centro,Mayorista,1.6,294.17
6115,1734,D,14,167.28,2023-07-04,Norte,Mayorista,1.3,91.56
6116,5353,B,16,8.29,2023-03-01,Sur,Distribuidor,9.0,2.94
6117,3246,D,13,290.44,2023-10-07,Oeste,Online,8.7,134.73
6118,2033,E,15,366.55,2023-08-12,Centro,Tienda,8.2,184.28
6119,8576,B,4,491.69,2023-11-10,Norte,Tienda,13.8,176.18
6120,3849,C,5,258.32,2023-02-07,Sur,Mayorista,12.1,120.8
6121,7533,B,12,130.37,2023-08-10,Oeste,Tienda,7.7,76.82
6122,10494,E,1,251.81,2024-01-09,Oeste,Online,6.9,85.25
6123,1197,B,3,247.44,2023-07-06,Sur,Distribuidor,0.1,76.01
6124,8643,E,15,436.25,2023-01-05,Sur,Online,4.2,249.91
6125,9533,D,3,244.42,2023-04-06,Centro,Online,4.1,166.87
6126,8121,A,17,172.46,2023-01-03,Sur,Tienda,4.0,81.56
6127,8144,E,0,86.6,2023-10-12,Oeste,Tienda,1.2,39.48
6128,7847,B,5,469.76,2023-09-20,Centro,Distribuidor,0.6,317.8
6129,10118,B,10,365.63,2024-01-07,Norte,Tienda,11.2,241.53
6130,5050,A,1,311.61,2023-02-17,Centro,Distribuidor,11.6,100.91
6131,9900,D,20,61.74,2024-01-10,Oeste,Distribuidor,1.1,43.22
6132,8926,E,5,62.56,2023-12-22,Sur,Tienda,0.2,23.92
6133,9392,A,17,106.88,2023-01-08,Sur,Mayorista,14.8,45.4
6134,3002,D,10,111.03,2023-08-17,Norte,Distribuidor,3.4,74.61
6135,1231,E,20,440.6,2023-04-04,Centro,Distribuidor,9.5,156.65
6136,1156,A,3,127.5,2023-04-23,Norte,Distribuidor,2.9,39.45
6137,9824,E,1,273.94,2023-08-05,Sur,Tienda,11.0,158.94
6138,9757,C,12,315.46,2023-12-07,Este,Mayorista,6.4,119.13
6139,4279,E,14,410.1,2023-10-03,Este,Distribuidor,10.0,237.19
6140,8746,E,3,302.22,2023-03-21,Centro,Online,1.2,194.03
6141,8344,B,20,70.74,2023-01-21,Sur,Mayorista,9.0,37.32
6142,4255,B,3,343.31,2023-04-27,Oeste,Tienda,12.1,157.12
6143,3357,D,18,114.01,2023-12-12,Centro,Tienda,11.5,78.8
6144,8643,C,2,252.95,2023-08-03,Este,Online,9.7,89.78
6145,4846,D,15,42.91,2023-06-23,Norte,Tienda,3.8,27.49
6146,4398,E,13,66.1,2023-12-21,Centro,Online,0.6,45.79
6147,7371,B,2,382.36,2023-04-12,Sur,Tienda,2.5,169.91
6148,627,C,4,432.04,2023-05-31,Centro,Distribuidor,9.6,279.2
6149,3345,B,15,474.83,2023-03-17,Oeste,Distribuidor,9.7,264.3
6150,5324,A,1,184.84,2023-12-15,Este,Online,11.4,86.77
6151,1627,A,17,117.74,2023-08-12,Oeste,Distribuidor,10.0,73.1
6152,2092,E,0,485.36,2023-01-03,Centro,Distribuidor,4.0,177.35
6153,7898,D,12,451.2,2023-03-20,Centro,Distribuidor,8.6,175.67
6154,6330,B,10,29.0,2023-11-10,Sur,Mayorista,9.1,11.17
6155,6461,D,9,238.8,2023-08-20,Sur,Online,1.0,117.64
6156,1229,E,17,321.07,2023-06-06,Oeste,Distribuidor,1.7,211.72
6157,3958,D,4,370.42,2023-03-18,Centro,Tienda,10.7,188.02
6158,7827,C,19,429.06,2023-04-06,Oeste,Mayorista,9.2,298.38
6159,6023,B,11,335.66,2023-12-26,Este,Online,3.8,151.96
6160,6341,B,12,391.71,2023-09-15,Oeste,Online,11.8,206.72
6161,1404,C,8,244.47,2023-11-17,Norte,Mayorista,7.9,80.89
6162,2402,D,13,373.42,2023-11-28,Sur,Online,3.8,240.63
6163,6893,E,14,273.0,2023-11-24,Centro,Online,5.9,113.25
6164,9864,D,5,184.84,2023-10-26,Oeste,Tienda,10.2,109.53
6165,3315,A,6,90.82,2023-04-25,Sur,Tienda,0.0,34.9
6166,4052,D,7,362.95,2023-02-15,Centro,Tienda,12.0,231.03
6167,3811,A,19,63.55,2024-01-03,Oeste,Online,2.9,41.53
6168,8731,C,11,122.91,2023-01-28,Norte,Tienda,8.3,69.53
6169,6048,D,14,81.28,2023-07-19,Sur,Online,5.0,50.9
6170,567,D,14,237.67,2023-01-01,Norte,Online,2.5,110.82
6171,8786,A,3,139.86,2023-11-17,Este,Tienda,12.0,85.97
6172,4403,B,19,192.6,2023-03-31,Sur,Distribuidor,7.1,86.33
6173,4064,A,20,475.98,2023-12-21,Norte,Mayorista,1.7,306.73
6174,6029,C,6,50.99,2023-11-12,Norte,Distribuidor,10.8,26.11
6175,2780,C,2,179.2,2023-07-17,Centro,Tienda,10.9,82.92
6176,5477,B,7,335.53,2024-01-06,Centro,Distribuidor,13.5,126.51
6177,1611,C,5,230.36,2023-04-14,Sur,Distribuidor,9.6,120.95
6178,1020,B,4,79.5,2023-04-14,Sur,Mayorista,8.2,44.32
6179,311,A,13,35.56,2023-04-18,Norte,Tienda,8.0,24.81
6180,8408,E,18,211.49,2023-10-24,Sur,Distribuidor,9.2,85.77
6181,8615,A,17,342.57,2023-09-14,Este,Distribuidor,12.4,185.57
6182,1724,E,17,434.68,2023-05-18,Este,Online,0.4,229.35
6183,10446,C,12,365.58,2023-03-07,Centro,Tienda,8.7,109.75
6184,6187,A,10,244.06,2023-05-13,Oeste,Online,11.4,140.2
6185,8959,C,1,358.91,2023-05-12,Sur,Online,15.0,196.81
6186,6519,E,8,282.96,2023-02-18,Centro,Tienda,2.9,92.3
6187,1780,B,1,409.0,2023-12-17,Este,Tienda,13.7,165.47
6188,5949,B,10,131.88,2023-04-26,Centro,Tienda,12.8,41.0
6189,7605,A,6,325.79,2023-01-08,Sur,Mayorista,9.8,108.79
6190,7336,B,10,390.19,2023-08-30,Oeste,Distribuidor,12.0,227.19
6191,3017,B,19,157.96,2023-01-17,Centro,Mayorista,4.8,68.87
6192,5775,C,0,310.31,2023-02-13,Centro,Tienda,0.7,176.31
6193,8063,B,8,410.07,2023-10-03,Oeste,Tienda,8.7,259.73
6194,3226,B,17,480.94,2023-03-21,Norte,Tienda,0.3,187.81
6195,3672,A,20,256.4,2023-05-03,Sur,Online,7.1,166.52
6196,2995,B,1,246.8,2023-12-23,Sur,Online,14.3,107.56
6197,3473,C,1,317.27,2023-11-07,Norte,Tienda,0.3,209.18
6198,1853,E,11,148.02,2023-12-19,Sur,Online,15.0,84.13
6199,8993,D,0,196.31,2023-06-02,Sur,Distribuidor,7.2,88.25
6200,4557,C,2,247.19,2023-02-22,Sur,Distribuidor,0.4,90.74
6201,10250,D,11,74.94,2023-11-28,Sur,Distribuidor,5.0,40.84
6202,2789,D,12,496.78,2023-02-28,Oeste,Mayorista,7.8,260.38
6203,8553,B,15,306.59,2023-09-19,Oeste,Mayorista,14.7,137.12
6204,1320,C,2,256.55,2023-12-13,Sur,Tienda,2.9,93.05
6205,8985,A,2,82.12,2023-11-17,Oeste,Tienda,0.9,31.0
6206,5134,C,11,490.46,2023-02-25,Sur,Tienda,7.4,200.33
6207,6973,B,2,138.6,2023-11-08,Oeste,Mayorista,2.1,55.52
6208,8299,B,16,453.05,2023-03-07,Oeste,Tienda,11.0,225.14
6209,4233,B,7,102.9,2023-09-09,Sur,Online,1.9,64.48
6210,10054,D,16,30.17,2023-07-15,Oeste,Online,15.0,12.46
6211,5061,E,14,294.69,2023-03-26,Sur,Tienda,3.2,176.33
6212,4586,D,17,181.24,2023-03-06,Este,Distribuidor,12.7,108.53
6213,4247,A,13,17.75,2023-08-02,Centro,Distribuidor,2.8,8.43
6214,7516,C,13,189.49,2023-05-02,Este,Distribuidor,8.4,59.18
6215,2583,C,0,183.35,2023-04-19,Este,Distribuidor,8.0,81.27
6216,9121,C,0,200.88,2023-03-11,Oeste,Mayorista,9.3,104.96
6217,1486,D,7,123.83,2023-01-14,Centro,Tienda,3.9,68.28
6218,525,A,11,139.98,2023-07-27,Oeste,Online,14.1,52.96
6219,5015,A,5,357.41,2023-04-17,Oeste,Distribuidor,6.7,144.97
6220,2422,C,13,20.77,2023-09-03,Oeste,Online,12.0,12.04
6221,8028,B,14,375.61,2023-10-12,Norte,Online,11.8,130.59
6222,4698,D,3,95.46,2024-01-29,Este,Distribuidor,12.4,52.11
6223,10365,C,17,85.02,2023-05-31,Sur,Online,6.8,37.89
6224,10009,B,16,475.89,2023-02-06,Oeste,Mayorista,8.2,237.03
6225,9073,A,1,385.15,2023-06-01,Centro,Online,13.4,116.31
6226,2975,D,0,173.86,2023-09-28,Centro,Mayorista,6.1,59.41
6227,8706,A,11,403.81,2023-08-02,Oeste,Online,11.8,228.02
6228,5912,E,6,167.01,2023-12-14,Este,Tienda,7.3,50.55
6229,5562,D,16,94.37,2023-04-17,Norte,Tienda,14.0,38.5
6230,6292,B,2,278.43,2023-05-25,Sur,Online,0.3,188.31
6231,1112,B,14,352.91,2023-10-04,Centro,Tienda,2.0,123.9
6232,2332,D,16,395.65,2023-10-17,Sur,Online,9.1,154.57
6233,596,A,7,470.67,2023-11-08,Norte,Tienda,12.0,170.81
6234,5976,C,2,145.85,2023-07-15,Oeste,Distribuidor,1.6,101.79
6235,4215,C,19,242.51,2023-05-07,Centro,Online,8.4,151.82
6236,4193,A,9,90.79,2023-01-20,Centro,Distribuidor,10.3,49.4
6237,7300,D,0,153.72,2023-07-07,Sur,Mayorista,5.6,92.89
6238,6470,A,16,103.48,2023-04-09,Norte,Tienda,6.3,65.21
6239,3590,A,20,349.85,2023-10-18,Centro,Distribuidor,5.9,127.96
6240,9691,C,7,7.26,2024-01-26,Oeste,Tienda,1.8,4.31
6241,3909,B,11,203.75,2023-09-11,Oeste,Distribuidor,4.1,126.23
6242,4493,E,6,389.07,2023-01-30,Oeste,Tienda,14.0,136.88
6243,7894,B,7,172.28,2023-06-23,Oeste,Online,10.2,109.21
6244,776,E,0,190.16,2023-06-03,Este,Tienda,5.7,80.45
6245,3396,E,1,178.48,2023-08-02,Centro,Online,10.0,121.9
6246,9005,B,3,395.33,2023-11-25,Centro,Tienda,6.2,125.94
6247,1460,E,20,170.58,2023-06-20,Centro,Online,9.4,86.91
6248,7136,E,1,347.56,2023-06-25,Oeste,Online,5.3,233.86
6249,3494,E,18,329.12,2023-12-13,Este,Distribuidor,6.3,214.36
6250,3531,B,9,242.99,2023-10-04,Norte,Mayorista,9.9,137.59
6251,567,D,6,323.87,2023-07-31,Oeste,Mayorista,9.6,100.67
6252,7916,B,9,258.19,2023-05-11,Centro,Online,7.8,99.13
6253,4595,B,16,374.81,2023-01-01,Sur,Distribuidor,1.6,162.53
6254,9163,C,9,379.34,2024-01-15,Este,Online,14.8,231.38
6255,3562,B,8,246.69,2023-01-31,Sur,Online,7.7,159.38
6256,632,C,17,258.84,2023-05-02,Centro,Online,2.6,148.56
6257,1500,B,6,386.06,2023-02-10,Sur,Tienda,8.6,259.08
6258,375,C,14,318.68,2023-04-06,Oeste,Distribuidor,14.7,163.04
6259,4627,A,16,484.57,2023-12-24,Este,Distribuidor,8.3,262.92
6260,2554,B,15,443.33,2023-08-04,Norte,Online,1.5,244.51
6261,9980,B,18,46.02,2023-12-19,Sur,Tienda,12.7,22.27
6262,8268,E,13,147.51,2023-11-21,Este,Distribuidor,10.6,99.5
6263,1450,B,5,271.68,2023-03-28,Oeste,Online,8.2,182.28
6264,7723,D,18,493.02,2024-01-12,Este,Tienda,3.7,276.5
6265,7193,D,2,118.67,2023-09-11,Norte,Distribuidor,6.7,55.98
6266,4996,C,1,288.4,2023-12-12,Centro,Mayorista,8.2,128.85
6267,2189,E,5,61.2,2023-06-09,Este,Online,14.5,24.89
6268,972,D,2,221.11,2023-05-23,Centro,Tienda,8.9,137.91
6269,6333,A,12,18.54,2024-01-09,Este,Mayorista,6.3,6.02
6270,6341,D,11,126.46,2023-05-08,Norte,Distribuidor,11.4,77.62
6271,8751,A,14,383.26,2023-10-10,Norte,Mayorista,10.3,169.84
6272,8292,B,4,440.15,2023-08-17,Centro,Online,7.6,267.48
6273,6186,B,11,403.24,2023-03-24,Este,Distribuidor,12.6,262.43
6274,8891,E,18,390.52,2023-04-20,Norte,Distribuidor,14.1,262.31
6275,530,E,2,298.51,2024-01-17,Norte,Online,12.4,187.52
6276,8895,A,0,340.45,2023-12-15,Sur,Distribuidor,9.4,114.6
6277,5577,D,4,140.78,2023-01-29,Sur,Distribuidor,7.4,77.53
6278,1109,A,17,172.45,2023-10-27,Sur,Online,1.3,54.99
6279,3790,D,8,402.87,2023-05-22,Oeste,Mayorista,9.3,277.31
6280,3519,E,6,51.03,2023-02-17,Sur,Distribuidor,14.4,31.21
6281,9606,B,18,270.23,2023-06-05,Centro,Mayorista,13.9,171.41
6282,4284,E,9,180.26,2023-10-30,Centro,Mayorista,6.9,107.87
6283,8995,B,1,396.95,2023-07-02,Este,Mayorista,4.1,204.99
6284,10180,D,19,300.16,2023-08-13,Este,Mayorista,12.0,198.55
6285,6202,E,15,378.62,2023-05-10,Sur,Tienda,13.3,199.8
6286,388,C,19,294.49,2023-10-22,Este,Mayorista,3.8,184.94
6287,1020,C,11,183.04,2023-12-15,Este,Tienda,9.2,120.53
6288,1833,E,3,415.18,2024-01-27,Sur,Online,14.6,145.07
6289,331,A,17,24.57,2024-01-13,Este,Online,7.3,13.84
6290,7950,B,5,390.95,2023-07-14,Centro,Mayorista,4.2,257.67
6291,7945,B,4,238.35,2023-05-18,Centro,Tienda,10.5,107.95
6292,2547,E,2,57.35,2024-02-02,Centro,Online,14.3,24.08
6293,450,E,15,327.75,2023-08-05,Este,Online,8.3,149.5
6294,3857,C,9,430.99,2023-10-01,Centro,Mayorista,14.0,175.89
6295,10187,D,13,395.44,2023-02-27,Oeste,Tienda,8.0,121.88
6296,4519,C,4,239.31,2023-12-05,Sur,Online,10.4,79.53
6297,3590,C,10,383.48,2023-01-15,Centro,Tienda,2.5,231.12
6298,8,A,11,228.5,2023-05-13,Centro,Tienda,12.4,118.54
6299,2428,A,8,217.47,2023-09-30,Centro,Distribuidor,5.4,85.93
6300,6725,E,17,175.84,2024-01-08,Oeste,Mayorista,10.4,64.2
6301,4888,A,1,397.97,2023-08-21,Centro,Online,5.7,172.99
6302,4906,A,9,235.13,2023-09-25,Norte,Distribuidor,3.6,147.6
6303,8323,B,17,87.74,2023-07-26,Oeste,Mayorista,6.0,29.09
6304,3013,E,18,311.49,2023-06-07,Este,Mayorista,0.8,186.72
6305,9122,A,19,134.73,2023-03-10,Centro,Distribuidor,5.4,44.82
6306,6886,A,4,44.97,2023-06-03,Sur,Tienda,0.1,16.35
6307,8244,A,6,369.43,2023-07-16,Oeste,Distribuidor,10.4,212.91
6308,3842,B,3,256.22,2023-08-17,Oeste,Mayorista,8.1,99.01
6309,10266,C,5,262.69,2023-02-27,Este,Tienda,3.4,165.65
6310,9403,E,14,255.76,2023-01-15,Este,Mayorista,10.8,120.33
6311,3116,E,7,249.97,2023-12-25,Norte,Distribuidor,7.3,103.3
6312,10249,D,5,424.72,2023-07-15,Centro,Mayorista,10.7,293.24
6313,4865,B,3,396.42,2023-12-07,Este,Mayorista,12.1,175.23
6314,119,E,13,255.73,2023-03-21,Norte,Distribuidor,9.4,87.98
6315,5466,D,5,467.23,2023-06-07,Sur,Mayorista,9.2,202.42
6316,4746,D,18,104.24,2023-05-14,Centro,Tienda,8.1,60.76
6317,8190,A,0,223.05,2023-07-26,Centro,Tienda,10.1,91.27
6318,3686,A,10,150.88,2023-09-09,Centro,Online,8.5,77.53
6319,7277,A,18,360.63,2023-10-08,Centro,Mayorista,3.9,229.62
6320,6297,D,4,192.75,2023-08-27,Sur,Distribuidor,4.4,127.62
6321,352,B,18,318.46,2023-03-17,Sur,Online,4.6,191.11
6322,6917,B,3,405.84,2023-03-15,Sur,Mayorista,12.0,139.42
6323,9173,B,16,343.16,2023-03-14,Este,Mayorista,14.5,190.29
6324,5527,E,5,194.41,2023-06-06,Norte,Distribuidor,6.4,80.35
6325,4889,C,13,305.09,2023-11-02,Este,Online,0.9,144.69
6326,9895,E,10,264.36,2024-01-15,Centro,Distribuidor,12.2,169.85
6327,3496,A,3,263.23,2023-09-29,Este,Mayorista,13.7,151.8
6328,2811,C,13,102.64,2023-06-13,Norte,Tienda,14.5,46.0
6329,4120,A,6,496.93,2024-01-06,Norte,Distribuidor,6.6,214.81
6330,7653,E,7,486.21,2023-04-11,Norte,Online,6.5,321.91
6331,5637,B,4,365.41,2023-09-28,Oeste,Tienda,10.3,207.29
6332,109,E,13,111.05,2023-03-22,Sur,Mayorista,10.3,58.81
6333,5090,E,4,227.02,2024-01-20,Oeste,Mayorista,11.3,78.37
6334,8483,C,1,274.11,2023-05-07,Este,Mayorista,5.5,100.91
6335,5964,B,5,105.91,2023-10-15,Norte,Online,6.8,71.8
6336,4246,C,0,52.86,2024-01-07,Centro,Distribuidor,2.4,21.51
6337,9538,C,14,25.76,2023-05-02,Sur,Online,11.9,10.99
6338,6269,A,6,90.25,2023-10-26,Sur,Online,11.2,29.47
6339,880,A,8,319.74,2023-03-11,Norte,Mayorista,0.3,207.35
6340,8922,E,18,145.46,2023-03-22,Norte,Mayorista,8.7,65.31
6341,3072,B,8,298.57,2023-03-21,Oeste,Distribuidor,11.6,171.39
6342,1821,D,16,291.67,2023-03-28,Oeste,Mayorista,0.1,163.83
6343,9969,D,5,72.51,2023-06-18,Este,Tienda,14.8,47.23
6344,9255,E,8,122.43,2023-09-26,Sur,Distribuidor,14.8,61.54
6345,6647,D,1,316.27,2023-12-04,Sur,Distribuidor,2.3,171.29
6346,7961,A,9,158.06,2023-02-08,Sur,Tienda,6.5,48.03
6347,6513,C,13,13.85,2023-06-25,Centro,Mayorista,13.8,8.28
6348,6285,C,20,288.64,2023-03-21,Sur,Tienda,8.0,95.62
6349,4164,C,0,36.6,2023-11-03,Oeste,Tienda,8.0,12.12
6350,3580,B,13,319.46,2024-02-02,Este,Mayorista,1.9,153.31
6351,7112,C,12,38.71,2023-01-16,Centro,Distribuidor,2.0,12.5
6352,34,E,6,282.95,2024-01-12,Centro,Online,13.7,164.91
6353,4815,E,5,346.56,2023-12-21,Centro,Online,3.0,227.36
6354,5435,B,8,103.55,2023-09-24,Oeste,Tienda,12.3,60.31
6355,2666,C,5,489.27,2023-07-29,Este,Online,6.0,201.01
6356,7856,C,13,466.75,2023-01-19,Oeste,Tienda,1.9,187.3
6357,5727,C,11,61.74,2023-02-20,Oeste,Distribuidor,12.0,40.28
6358,5398,C,4,247.96,2023-02-26,Este,Distribuidor,5.6,116.67
6359,8600,E,5,79.67,2023-02-21,Norte,Distribuidor,3.3,37.55
6360,3079,E,6,362.83,2023-02-08,Sur,Online,11.2,133.9
6361,6264,A,15,383.32,2024-01-21,Centro,Tienda,12.3,115.08
6362,10482,D,3,439.71,2023-10-29,Norte,Distribuidor,0.4,216.75
6363,6086,B,20,376.06,2023-12-30,Oeste,Distribuidor,11.5,116.07
6364,8614,D,18,364.63,2023-08-26,Oeste,Distribuidor,14.5,168.19
6365,5945,D,10,387.83,2023-09-11,Este,Online,9.6,173.83
6366,2133,A,10,247.41,2023-04-10,Oeste,Online,10.6,93.61
6367,2992,C,17,151.6,2023-06-13,Oeste,Tienda,1.4,95.68
6368,3110,B,1,238.29,2023-10-22,Este,Mayorista,13.5,119.27
6369,2903,E,9,456.24,2023-03-19,Sur,Distribuidor,6.7,308.2
6370,8706,B,2,84.68,2023-08-14,Sur,Online,8.6,29.42
6371,4899,D,4,194.42,2023-07-28,Norte,Online,8.3,58.36
6372,4984,D,0,102.71,2024-01-13,Oeste,Online,7.6,33.51
6373,7467,A,15,273.73,2023-04-16,Norte,Mayorista,14.5,165.18
6374,1273,A,18,253.4,2023-08-07,Centro,Distribuidor,7.2,145.35
6375,6224,B,7,247.93,2023-12-25,Este,Distribuidor,2.5,136.24
6376,8613,B,4,295.28,2023-12-05,Oeste,Tienda,9.8,93.24
6377,30,C,20,113.49,2023-11-02,Sur,Mayorista,8.3,69.94
6378,9452,D,0,65.5,2023-04-30,Sur,Tienda,14.0,35.46
6379,482,A,14,325.27,2023-05-09,Centro,Mayorista,11.2,151.45
6380,358,C,5,216.11,2023-12-28,Norte,Mayorista,6.1,105.19
6381,428,C,15,308.81,2023-03-23,Sur,Tienda,5.7,135.65
6382,6779,D,18,113.49,2023-01-07,Centro,Distribuidor,8.7,41.14
6383,5928,A,5,447.58,2023-06-09,Sur,Distribuidor,7.6,311.95
6384,2003,E,10,469.63,2023-01-02,Norte,Distribuidor,13.9,149.41
6385,10373,C,16,251.67,2023-02-11,Oeste,Online,5.8,163.31
6386,876,C,4,172.95,2023-04-09,Centro,Tienda,0.8,79.86
6387,153,D,20,241.38,2023-02-21,Centro,Distribuidor,10.6,112.75
6388,7328,D,13,477.53,2023-01-19,Este,Online,9.2,162.0
6389,3463,D,9,455.08,2023-09-12,Oeste,Mayorista,7.6,280.91
6390,7631,E,9,291.83,2023-10-24,Centro,Mayorista,3.9,160.97
6391,8513,B,19,400.03,2024-01-06,Este,Online,12.8,134.41
6392,1242,B,2,344.19,2023-05-24,Oeste,Distribuidor,12.1,182.61
6393,8608,B,14,197.46,2023-11-17,Sur,Distribuidor,7.9,66.93
6394,1078,A,3,344.42,2023-06-26,Norte,Mayorista,0.8,231.55
6395,3401,E,1,165.97,2023-09-01,Centro,Distribuidor,11.0,78.86
6396,7116,C,19,258.17,2023-04-24,Este,Mayorista,5.1,127.85
6397,5147,B,7,468.63,2023-11-06,Sur,Tienda,8.8,218.84
6398,6844,B,17,17.1,2023-08-10,Centro,Online,9.2,7.22
6399,3144,B,17,204.57,2023-06-03,Oeste,Tienda,6.1,97.91
6400,548,B,2,278.63,2023-11-27,Norte,Distribuidor,13.7,137.84
6401,4320,B,14,179.76,2023-03-08,Oeste,Tienda,9.2,73.82
6402,1287,D,7,346.12,2023-04-13,Este,Online,14.8,148.83
6403,2486,B,13,244.68,2024-01-18,Este,Online,10.3,97.46
6404,5641,B,6,121.87,2023-11-03,Norte,Online,9.0,56.08
6405,6017,D,9,339.43,2023-04-05,Norte,Online,9.0,154.31
6406,2626,E,13,59.24,2023-06-28,Centro,Mayorista,4.8,27.13
6407,9317,B,7,383.17,2024-01-09,Este,Online,6.1,166.08
6408,2896,A,0,140.79,2023-06-23,Oeste,Online,10.5,69.84
6409,7869,D,4,286.62,2023-01-15,Oeste,Mayorista,1.0,122.74
6410,7620,E,18,28.47,2023-03-28,Sur,Tienda,6.8,14.05
6411,6009,D,13,279.7,2023-09-03,Este,Distribuidor,6.1,87.87
6412,1838,D,13,262.05,2023-10-12,Sur,Distribuidor,5.0,117.74
6413,5838,B,19,463.1,2023-06-28,Norte,Online,9.2,290.69
6414,1719,D,8,57.83,2023-08-25,Oeste,Distribuidor,7.7,24.09
6415,4246,B,20,406.19,2023-09-10,Oeste,Online,10.6,135.23
6416,4418,E,6,159.44,2023-08-30,Este,Distribuidor,5.1,88.28
6417,6398,C,5,423.84,2023-06-06,Oeste,Tienda,14.5,151.95
6418,10203,E,17,107.73,2023-10-16,Centro,Tienda,4.7,47.16
6419,2899,D,8,304.23,2023-02-21,Centro,Distribuidor,14.8,91.83
6420,4690,E,13,66.66,2024-01-17,Este,Tienda,5.0,31.95
6421,496,D,19,14.44,2023-12-22,Sur,Distribuidor,7.7,6.33
6422,8359,A,9,378.13,2023-01-05,Norte,Distribuidor,7.4,239.49
6423,2145,D,13,50.56,2023-06-24,Este,Distribuidor,7.7,28.92
6424,10251,A,17,204.83,2023-11-27,Este,Distribuidor,6.0,107.46
6425,10077,C,0,82.76,2023-07-16,Sur,Online,4.8,34.7
6426,605,E,11,228.39,2023-12-20,Centro,Online,4.8,80.3
6427,5245,A,18,235.49,2023-07-26,Oeste,Online,5.0,124.48
6428,5415,A,20,261.16,2024-01-26,Este,Online,0.6,156.09
6429,6326,A,9,285.73,2023-09-07,Este,Online,6.9,141.76
6430,2760,E,3,180.86,2023-10-10,Oeste,Online,14.1,87.82
6431,6860,A,18,437.69,2023-06-18,Centro,Tienda,4.3,294.95
6432,5219,D,7,408.28,2023-05-12,Este,Online,12.6,180.01
6433,3341,A,1,58.43,2023-01-07,Norte,Tienda,0.2,36.01
6434,6836,A,7,113.36,2023-03-01,Sur,Mayorista,14.8,70.22
6435,7499,A,15,232.06,2023-02-07,Sur,Online,14.8,81.94
6436,946,D,17,133.32,2023-01-05,Sur,Distribuidor,13.3,84.34
6437,4063,D,12,120.66,2023-03-14,Norte,Mayorista,2.2,54.52
6438,2082,D,18,472.9,2023-06-20,Norte,Mayorista,13.5,304.37
6439,10082,A,16,245.55,2023-08-04,Norte,Mayorista,8.6,149.55
6440,6306,A,13,282.21,2023-12-18,Sur,Mayorista,10.0,173.38
6441,954,A,9,84.59,2023-07-31,Sur,Online,11.7,56.12
6442,547,B,8,397.31,2023-07-10,Norte,Mayorista,9.1,161.37
6443,3406,D,18,380.79,2023-06-10,Sur,Mayorista,3.6,157.33
6444,5432,C,4,440.4,2023-04-06,Este,Distribuidor,0.2,222.36
6445,8005,D,0,343.96,2023-11-29,Norte,Tienda,7.0,157.38
6446,3360,A,12,219.41,2023-10-11,Norte,Mayorista,1.0,117.41
6447,4827,C,17,241.84,2023-02-15,Sur,Mayorista,14.9,122.48
6448,5450,A,6,399.91,2023-01-12,Norte,Online,6.0,260.5
6449,7174,A,0,449.18,2023-06-23,Centro,Mayorista,5.5,197.79
6450,1264,A,18,207.11,2023-02-12,Oeste,Mayorista,9.1,79.45
6451,8580,E,5,91.65,2023-08-20,Norte,Mayorista,9.1,54.58
6452,5805,D,3,132.13,2023-06-25,Centro,Mayorista,9.9,42.23
6453,9478,E,16,382.32,2023-02-23,Norte,Tienda,8.7,223.29
6454,202,B,9,383.33,2023-05-08,Oeste,Tienda,13.5,255.76
6455,10028,E,14,437.51,2023-08-17,Sur,Online,9.7,211.12
6456,7946,B,7,243.16,2023-07-21,Oeste,Distribuidor,1.3,138.96
6457,9614,D,3,349.42,2023-12-28,Oeste,Distribuidor,5.6,201.26
6458,5853,A,15,493.47,2023-09-23,Oeste,Tienda,8.4,176.06
6459,1985,B,16,223.57,2023-09-06,Este,Distribuidor,4.9,95.19
6460,6151,A,18,47.13,2023-03-22,Sur,Distribuidor,14.0,18.78
6461,6965,E,9,238.72,2023-12-21,Centro,Mayorista,1.7,120.3
6462,1438,B,12,97.85,2023-08-04,Sur,Tienda,3.2,53.54
6463,10016,A,3,105.39,2023-09-09,Oeste,Online,12.2,72.99
6464,5682,D,7,398.79,2023-10-19,Sur,Mayorista,7.2,275.66
6465,4354,B,6,128.79,2023-05-05,Oeste,Distribuidor,0.6,58.46
6466,3311,D,15,469.67,2023-02-04,Norte,Online,4.8,176.31
6467,3519,D,0,45.36,2023-12-25,Sur,Distribuidor,0.0,30.48
6468,4087,E,7,384.36,2023-10-18,Este,Tienda,3.6,145.48
6469,1085,A,17,7.78,2023-03-01,Centro,Distribuidor,2.2,3.6
6470,206,A,17,337.8,2023-12-26,Centro,Mayorista,10.3,221.63
6471,9075,D,16,186.71,2023-08-19,Oeste,Distribuidor,13.2,129.11
6472,9357,B,3,319.71,2023-05-19,Centro,Mayorista,11.9,164.3
6473,2254,B,20,231.94,2023-03-10,Sur,Distribuidor,6.7,132.62
6474,9003,D,5,409.18,2023-10-03,Centro,Distribuidor,2.6,239.18
6475,4603,A,2,195.49,2023-07-19,Este,Tienda,9.7,113.79
6476,2944,B,14,178.03,2023-12-13,Oeste,Distribuidor,6.9,122.58
6477,4696,E,10,169.07,2023-10-28,Centro,Distribuidor,11.3,67.54
6478,3367,C,6,176.85,2023-10-10,Sur,Distribuidor,11.5,121.92
6479,6114,D,6,87.6,2023-10-31,Centro,Distribuidor,14.0,29.55
6480,4611,B,7,187.8,2023-06-22,Oeste,Tienda,7.4,90.82
6481,6759,A,19,452.33,2023-07-20,Este,Distribuidor,2.7,295.54
6482,1024,A,13,173.65,2023-07-01,Centro,Tienda,9.6,67.45
6483,6014,A,7,389.08,2023-12-31,Sur,Online,14.5,234.41
6484,1544,C,12,17.5,2023-04-12,Norte,Distribuidor,9.0,7.83
6485,8733,B,11,393.98,2023-04-03,Sur,Tienda,14.5,256.06
6486,8756,A,1,344.37,2023-03-10,Este,Online,0.5,140.09
6487,3149,C,13,373.8,2023-10-02,Norte,Distribuidor,10.9,251.18
6488,2102,D,11,423.82,2023-04-21,Oeste,Distribuidor,11.3,295.34
6489,3864,C,0,271.71,2023-03-28,Centro,Mayorista,13.1,148.42
6490,6683,D,17,177.24,2023-06-11,Norte,Tienda,14.9,108.34
6491,4744,B,5,223.52,2023-03-26,Sur,Distribuidor,15.0,104.83
6492,9415,E,18,498.0,2023-09-22,Norte,Distribuidor,7.8,162.61
6493,2418,A,10,494.53,2023-08-22,Norte,Tienda,5.4,280.92
6494,1086,E,9,477.58,2023-11-24,Sur,Distribuidor,8.1,244.69
6495,398,A,1,237.38,2023-09-29,Centro,Mayorista,11.2,102.19
6496,3017,E,3,463.49,2023-08-04,Centro,Online,14.2,309.2
6497,172,A,3,482.93,2023-03-25,Este,Tienda,7.8,244.98
6498,3738,E,3,240.85,2023-07-07,Centro,Mayorista,14.4,116.61
6499,4452,B,15,93.98,2023-02-11,Oeste,Online,13.6,60.23
6500,7569,B,7,169.02,2023-01-06,Centro,Tienda,4.7,108.77
6501,3638,C,6,318.76,2023-01-25,Norte,Online,10.8,204.39
6502,7578,C,13,144.74,2023-04-17,Oeste,Mayorista,2.4,46.16
6503,5618,E,7,445.55,2023-01-20,Este,Tienda,4.0,193.28
6504,204,E,0,144.89,2023-03-23,Centro,Online,0.7,77.32
6505,10011,E,10,224.06,2023-07-02,Norte,Online,1.1,82.46
6506,8200,E,18,203.78,2023-03-20,Norte,Online,5.4,74.32
6507,314,A,10,115.82,2023-09-11,Centro,Tienda,1.3,50.6
6508,1374,A,8,205.07,2023-04-16,Norte,Mayorista,7.5,139.8
6509,3282,A,4,69.25,2024-01-12,Este,Online,7.3,47.82
6510,1299,D,9,22.31,2023-10-04,Este,Online,5.0,14.83
6511,8878,A,3,110.92,2023-10-08,Este,Distribuidor,5.2,63.41
6512,10302,B,6,357.32,2023-06-08,Este,Mayorista,13.8,229.28
6513,1414,A,19,354.44,2023-04-17,Este,Mayorista,5.5,149.78
6514,3060,A,12,224.46,2023-10-08,Sur,Online,7.9,132.45
6515,9277,C,6,441.79,2023-10-17,Centro,Mayorista,1.7,267.2
6516,7467,C,3,237.2,2023-08-10,Oeste,Online,12.9,161.09
6517,7710,B,15,303.93,2023-12-31,Norte,Distribuidor,12.7,150.14
6518,4066,A,11,178.61,2023-09-17,Este,Online,13.0,80.68
6519,7085,A,12,193.49,2023-02-28,Oeste,Mayorista,14.7,101.84
6520,6173,B,4,214.73,2023-05-18,Oeste,Online,8.6,123.24
6521,9757,C,3,61.06,2023-04-09,Norte,Tienda,14.8,30.45
6522,7329,E,17,451.41,2023-12-31,Oeste,Tienda,0.1,173.03
6523,1322,D,3,315.73,2023-10-04,Oeste,Tienda,0.5,185.37
6524,9720,A,8,182.23,2023-08-08,Centro,Online,12.2,69.36
6525,8572,E,4,38.29,2023-12-15,Norte,Mayorista,2.1,12.99
6526,922,A,0,469.3,2023-08-24,Este,Online,7.9,293.51
6527,3567,E,4,215.74,2023-03-03,Sur,Online,6.9,89.48
6528,8536,B,15,494.6,2024-01-16,Norte,Mayorista,13.0,288.66
6529,7854,B,11,156.92,2023-05-16,Sur,Mayorista,7.5,105.65
6530,121,A,1,188.72,2023-07-10,Norte,Online,5.5,130.09
6531,9779,B,6,129.0,2023-09-24,Este,Tienda,11.3,54.25
6532,5262,D,6,474.32,2023-10-08,Norte,Distribuidor,4.2,211.49
6533,5646,E,19,317.63,2023-07-24,Este,Distribuidor,3.5,105.6
6534,9628,A,11,284.28,2023-06-01,Oeste,Distribuidor,2.2,104.7
6535,9134,C,12,498.44,2023-02-08,Oeste,Tienda,6.2,161.18
6536,10496,A,6,302.5,2023-12-23,Oeste,Online,5.9,113.71
6537,4536,A,2,264.49,2023-03-12,Sur,Distribuidor,12.3,135.53
6538,9696,E,2,301.44,2023-10-21,Sur,Distribuidor,12.3,195.86
6539,5797,A,18,413.09,2023-12-01,Oeste,Tienda,11.7,243.7
6540,290,C,2,285.73,2023-03-23,Norte,Mayorista,8.6,124.61
6541,4335,E,1,193.02,2023-03-14,Sur,Mayorista,5.3,72.75
6542,8860,B,5,344.89,2023-09-15,Oeste,Mayorista,4.0,194.01
6543,1814,E,3,134.31,2023-04-14,Centro,Mayorista,14.4,63.4
6544,5498,E,0,395.7,2023-05-26,Norte,Mayorista,9.7,154.28
6545,6300,C,12,354.05,2023-04-08,Centro,Tienda,8.9,221.4
6546,7188,C,6,482.84,2023-01-13,Centro,Online,4.4,327.9
6547,3721,B,17,379.77,2023-01-06,Norte,Mayorista,11.0,205.5
6548,9764,B,13,375.41,2023-06-20,Centro,Mayorista,4.0,157.65
6549,5519,B,10,413.71,2023-02-17,Centro,Tienda,5.5,225.57
6550,10147,E,16,270.46,2023-07-02,Sur,Mayorista,3.8,159.48
6551,9216,A,19,379.07,2023-01-14,Oeste,Online,7.1,210.13
6552,9353,A,18,178.49,2023-07-29,Centro,Distribuidor,0.2,122.63
6553,5050,C,3,54.83,2023-05-23,Norte,Distribuidor,4.7,23.72
6554,2459,C,4,181.9,2023-10-29,Norte,Online,11.7,110.2
6555,270,D,6,371.27,2023-06-20,Sur,Mayorista,11.5,159.22
6556,8585,B,10,78.38,2023-03-16,Oeste,Online,3.4,43.47
6557,1059,A,10,95.76,2023-11-05,Centro,Online,6.5,42.46
6558,4697,B,13,496.03,2023-06-12,Centro,Distribuidor,7.2,264.9
6559,6615,A,2,41.89,2023-11-08,Norte,Tienda,0.6,14.91
6560,9155,D,17,132.42,2023-11-11,Sur,Tienda,13.8,54.35
6561,8773,D,14,110.84,2023-10-08,Norte,Tienda,3.6,71.43
6562,4582,D,2,241.4,2023-04-23,Este,Distribuidor,4.9,113.12
6563,546,B,17,489.06,2023-03-16,Sur,Mayorista,13.2,226.21
6564,830,C,5,297.05,2023-11-27,Oeste,Distribuidor,11.8,116.44
6565,8168,E,16,162.87,2023-02-16,Oeste,Tienda,11.0,88.09
6566,2660,D,20,102.73,2023-02-10,Centro,Online,11.8,43.75
6567,8617,D,17,15.31,2023-08-01,Centro,Tienda,6.6,8.27
6568,142,D,5,196.07,2023-11-04,Oeste,Tienda,2.3,122.12
6569,2764,B,0,77.99,2023-12-31,Centro,Online,13.9,25.15
6570,6179,A,16,48.23,2023-03-05,Oeste,Distribuidor,13.4,19.45
6571,5163,D,15,334.66,2023-12-06,Sur,Tienda,9.2,156.84
6572,653,A,9,22.44,2023-02-24,Norte,Distribuidor,4.4,11.44
6573,1572,E,20,401.07,2023-08-20,Centro,Online,1.9,164.16
6574,2004,A,13,141.19,2024-02-05,Sur,Online,9.5,57.66
6575,2487,B,2,132.95,2023-01-12,Sur,Distribuidor,6.7,81.49
6576,2648,A,0,195.85,2023-08-20,Este,Mayorista,0.6,115.29
6577,1774,C,4,68.74,2023-06-26,Este,Tienda,1.8,36.42
6578,2798,D,3,210.17,2023-12-08,Sur,Distribuidor,14.2,64.26
6579,6008,A,11,322.24,2024-01-09,Centro,Mayorista,8.7,160.5
6580,8284,B,13,207.49,2023-12-28,Norte,Online,6.5,78.79
6581,9125,B,15,434.15,2023-06-15,Sur,Online,1.7,226.43
6582,515,C,9,427.31,2023-01-30,Sur,Distribuidor,10.5,262.81
6583,4792,B,1,388.32,2024-02-03,Este,Distribuidor,5.7,146.61
6584,4938,E,11,230.25,2023-12-04,Este,Online,3.1,75.25
6585,7129,A,11,303.44,2024-02-04,Sur,Online,9.9,129.5
6586,8140,A,1,447.97,2023-12-09,Norte,Distribuidor,7.0,259.1
6587,3876,C,19,447.42,2024-01-08,Centro,Online,4.7,295.32
6588,5686,A,18,64.62,2023-12-17,Norte,Tienda,6.1,41.99
6589,9362,A,3,361.54,2023-12-14,Este,Online,0.7,246.06
6590,8348,A,0,396.44,2023-07-27,Sur,Mayorista,11.1,195.04
6591,4976,A,6,270.45,2024-01-11,Oeste,Mayorista,10.3,119.99
6592,5085,E,10,332.15,2023-04-06,Sur,Tienda,3.6,161.58
6593,4248,C,5,494.08,2023-03-05,Este,Distribuidor,0.5,266.93
6594,7265,B,4,262.85,2023-04-20,Este,Tienda,4.3,83.67
6595,2650,C,13,363.47,2023-02-10,Norte,Online,12.3,154.18
6596,3547,D,10,464.55,2023-11-25,Norte,Online,14.1,182.7
6597,9512,C,1,348.51,2023-07-25,Este,Mayorista,6.5,213.1
6598,7809,D,19,278.22,2023-06-30,Este,Distribuidor,4.5,107.58
6599,374,B,14,428.67,2023-08-13,Oeste,Distribuidor,3.3,205.74
6600,5624,E,18,490.43,2023-06-06,Sur,Online,10.3,159.29
6601,9076,E,14,290.88,2023-01-21,Centro,Mayorista,12.8,197.63
6602,8776,B,14,326.52,2023-08-22,Este,Mayorista,11.7,113.08
6603,534,A,4,330.91,2023-01-02,Centro,Tienda,4.2,108.77
6604,6642,D,17,358.56,2023-06-14,Oeste,Mayorista,11.0,191.52
6605,2444,E,0,69.83,2023-05-15,Este,Tienda,5.7,40.37
6606,6988,C,14,138.69,2023-12-02,Oeste,Distribuidor,7.1,88.04
6607,1069,C,11,377.0,2023-09-19,Oeste,Online,10.9,204.83
6608,2895,D,13,410.08,2023-04-26,Oeste,Mayorista,11.2,189.86
6609,9785,D,8,379.09,2023-12-23,Este,Tienda,7.5,134.12
6610,4380,A,5,191.98,2023-08-11,Este,Distribuidor,0.5,106.12
6611,3418,B,17,53.0,2023-04-04,Oeste,Online,2.8,35.05
6612,7729,A,20,170.47,2023-04-26,Este,Online,7.4,114.52
6613,7253,E,13,331.88,2023-11-24,Centro,Mayorista,13.6,230.9
6614,7824,A,15,493.77,2023-11-03,Oeste,Online,8.9,237.22
6615,4564,B,16,9.33,2023-12-12,Centro,Online,5.9,4.29
6616,1046,A,9,122.28,2023-11-15,Este,Tienda,13.4,43.71
6617,4571,E,2,471.22,2023-08-15,Sur,Online,8.0,253.74
6618,9365,D,16,399.19,2023-02-06,Este,Online,14.5,124.38
6619,5062,A,5,88.43,2023-10-13,Norte,Tienda,9.7,30.63
6620,6587,A,17,215.11,2023-11-11,Oeste,Mayorista,12.4,109.39
6621,175,E,7,463.91,2023-12-11,Sur,Online,2.3,195.25
6622,7405,E,14,353.87,2023-01-07,Centro,Online,3.8,217.76
6623,676,C,0,476.31,2023-04-04,Centro,Distribuidor,14.0,177.65
6624,4052,B,19,426.87,2023-05-29,Sur,Online,11.0,164.15
6625,5279,B,16,374.87,2023-03-05,Norte,Tienda,13.4,139.79
6626,1076,E,7,23.62,2023-01-04,Centro,Distribuidor,9.1,12.83
6627,6916,B,3,145.65,2024-01-22,Sur,Distribuidor,12.8,46.44
6628,2127,B,16,85.2,2023-06-24,Oeste,Tienda,0.7,47.52
6629,6876,A,7,91.31,2023-03-06,Oeste,Distribuidor,11.8,58.95
6630,10467,B,12,478.14,2023-06-07,Centro,Distribuidor,7.5,194.59
6631,5977,E,5,201.08,2023-08-15,Este,Tienda,7.1,92.06
6632,711,C,6,220.78,2024-02-05,Este,Mayorista,2.6,133.86
6633,1859,E,6,239.15,2023-11-01,Centro,Online,1.4,111.4
6634,2047,E,3,47.97,2023-09-19,Sur,Tienda,13.8,18.56
6635,4825,A,7,88.04,2023-06-17,Sur,Tienda,6.4,26.49
6636,4391,B,6,315.75,2023-05-06,Norte,Online,0.8,132.81
6637,8656,C,7,235.87,2023-05-29,Este,Distribuidor,2.1,162.88
6638,10095,A,8,227.41,2023-03-03,Este,Tienda,7.4,79.55
6639,3488,E,4,182.66,2023-03-25,Este,Tienda,5.4,74.8
6640,9177,B,13,124.13,2023-01-23,Norte,Mayorista,9.5,54.56
6641,6616,E,19,135.0,2023-12-08,Oeste,Distribuidor,6.8,63.78
6642,4526,E,20,229.82,2023-11-12,Norte,Distribuidor,12.9,145.55
6643,6119,C,2,359.99,2023-07-05,Centro,Online,11.1,232.55
6644,10235,E,9,42.31,2023-09-21,Sur,Mayorista,2.2,13.93
6645,374,B,1,248.88,2023-10-05,Centro,Online,6.2,147.17
6646,5208,B,6,197.38,2023-12-23,Oeste,Mayorista,4.9,109.09
6647,10167,A,10,392.6,2023-10-16,Sur,Mayorista,3.1,166.13
6648,8771,C,13,44.83,2023-06-20,Norte,Distribuidor,2.8,14.63
6649,4294,D,4,36.48,2023-08-31,Este,Tienda,4.5,15.07
6650,2689,A,3,86.38,2023-09-19,Norte,Tienda,1.8,30.54
6651,1885,A,1,184.28,2023-01-08,Centro,Tienda,11.0,87.2
6652,6943,C,10,356.82,2023-07-14,Centro,Online,4.6,230.05
6653,8418,D,19,477.45,2023-03-04,Sur,Distribuidor,12.9,265.84
6654,7653,A,2,94.85,2023-11-17,Oeste,Distribuidor,7.7,47.56
6655,3250,B,17,224.55,2024-01-23,Oeste,Tienda,5.8,112.74
6656,6605,A,5,425.77,2023-08-31,Oeste,Online,10.8,296.93
6657,7592,B,9,133.66,2024-01-12,Norte,Distribuidor,2.7,75.62
6658,5182,E,14,253.26,2023-05-22,Oeste,Distribuidor,8.0,149.01
6659,1680,E,1,125.02,2023-11-20,Sur,Online,4.6,38.82
6660,291,B,2,72.7,2023-08-11,Norte,Tienda,5.1,49.84
6661,8311,E,7,448.78,2023-07-10,Norte,Online,6.6,253.26
6662,94,A,9,287.89,2023-10-05,Oeste,Online,0.9,142.86
6663,6355,E,11,360.1,2023-01-10,Centro,Online,5.3,170.38
6664,752,D,19,386.39,2023-05-25,Oeste,Distribuidor,8.1,222.74
6665,6530,D,6,256.04,2024-01-23,Centro,Mayorista,12.8,170.45
6666,7280,C,8,445.53,2023-07-06,Sur,Online,10.3,198.82
6667,9457,B,9,484.4,2023-04-22,Oeste,Mayorista,1.0,309.68
6668,7306,B,3,79.73,2023-03-14,Oeste,Mayorista,6.9,38.06
6669,8645,B,12,451.74,2023-03-17,Centro,Mayorista,11.7,162.09
6670,4534,E,9,247.28,2023-05-04,Centro,Online,6.9,131.21
6671,3168,A,0,38.25,2023-03-23,Sur,Mayorista,3.2,17.09
6672,5023,C,19,96.29,2023-06-26,Centro,Online,6.1,53.75
6673,4938,D,8,211.33,2023-10-07,Sur,Online,11.8,105.64
6674,1816,A,3,103.12,2023-08-02,Centro,Tienda,3.7,53.94
6675,1406,C,13,464.42,2023-11-16,Centro,Tienda,7.6,224.13
6676,610,A,2,248.57,2024-02-01,Centro,Mayorista,4.7,158.01
6677,974,C,14,442.79,2023-04-07,Este,Distribuidor,6.9,145.17
6678,3295,B,12,310.84,2024-01-30,Este,Tienda,12.8,142.89
6679,7310,B,5,348.81,2023-07-18,Oeste,Tienda,13.9,119.76
6680,6497,A,13,415.75,2023-09-16,Centro,Online,14.5,140.02
6681,7215,A,3,321.12,2023-12-03,Este,Online,3.0,170.08
6682,6689,B,13,18.5,2023-03-20,Oeste,Distribuidor,8.1,11.59
6683,133,A,3,285.12,2023-10-10,Norte,Distribuidor,11.6,113.72
6684,7030,C,0,21.71,2023-03-31,Este,Online,8.3,9.64
6685,782,E,6,311.87,2023-03-29,Norte,Mayorista,12.9,185.33
6686,2784,A,3,336.9,2023-03-02,Sur,Online,1.4,223.39
6687,5811,B,20,165.11,2023-03-08,Oeste,Tienda,10.4,80.66
6688,7423,E,10,52.2,2024-01-30,Sur,Online,3.1,25.48
6689,3406,A,18,459.53,2023-11-04,Este,Tienda,10.6,237.21
6690,7985,A,3,408.95,2023-03-02,Este,Mayorista,4.8,138.92
6691,9013,E,10,384.52,2023-08-30,Norte,Online,7.0,134.17
6692,4472,E,4,8.99,2023-07-03,Centro,Mayorista,14.5,2.75
6693,4614,B,18,459.69,2023-04-23,Oeste,Mayorista,5.0,149.57
6694,6101,B,20,32.92,2023-08-14,Oeste,Tienda,2.8,22.05
6695,7849,C,16,37.78,2023-11-07,Este,Tienda,3.2,15.44
6696,1528,B,13,114.83,2023-04-21,Oeste,Online,14.7,63.01
6697,9698,A,7,345.45,2024-01-28,Este,Mayorista,10.4,112.76
6698,6098,B,12,494.63,2023-09-12,Norte,Online,6.9,156.34
6699,5323,C,3,128.55,2023-03-23,Centro,Distribuidor,6.4,87.53
6700,4543,D,9,240.64,2023-02-11,Sur,Distribuidor,5.0,104.76
6701,10339,A,13,104.68,2023-11-08,Sur,Distribuidor,12.8,38.57
6702,678,D,15,420.5,2023-07-04,Norte,Tienda,13.2,155.88
6703,10378,D,20,28.85,2023-12-17,Oeste,Online,1.4,9.63
6704,2089,B,8,237.19,2023-06-25,Norte,Online,4.6,111.61
6705,4022,A,8,286.39,2023-04-21,Norte,Online,2.0,118.07
6706,1568,E,12,237.05,2024-01-06,Oeste,Distribuidor,1.4,150.3
6707,248,D,10,106.71,2023-10-27,Oeste,Distribuidor,1.3,62.92
6708,4754,E,5,202.04,2023-10-01,Este,Tienda,4.6,123.22
6709,1552,E,5,476.77,2024-01-16,Sur,Distribuidor,12.1,212.38
6710,6085,E,2,224.08,2023-11-07,Este,Distribuidor,10.0,71.47
6711,3341,A,11,102.32,2023-07-25,Oeste,Distribuidor,4.1,57.89
6712,3044,E,11,100.55,2023-02-06,Sur,Mayorista,6.1,52.36
6713,7951,B,9,40.39,2023-08-27,Centro,Distribuidor,3.3,19.85
6714,5229,D,4,240.03,2023-11-03,Oeste,Online,3.9,105.53
6715,3304,A,2,196.58,2023-06-11,Norte,Online,8.2,61.25
6716,5488,D,3,360.8,2023-05-01,Este,Tienda,9.5,157.88
6717,1960,B,9,68.53,2023-04-04,Centro,Distribuidor,4.1,35.37
6718,2750,A,10,63.26,2023-08-08,Norte,Mayorista,0.1,39.71
6719,1446,D,0,360.71,2023-04-01,Sur,Mayorista,13.7,132.12
6720,7236,B,16,166.98,2023-10-19,Sur,Tienda,12.5,104.14
6721,4728,A,4,480.42,2023-09-12,Norte,Tienda,3.7,322.48
6722,2514,D,1,66.52,2023-06-27,Sur,Tienda,3.5,22.02
6723,9836,A,12,167.83,2023-11-24,Sur,Mayorista,4.3,83.25
6724,624,C,10,436.27,2023-09-28,Centro,Online,11.2,143.84
6725,7570,C,1,175.06,2023-07-01,Oeste,Tienda,5.7,114.13
6726,4557,C,6,279.85,2024-01-15,Sur,Online,10.1,117.16
6727,2973,E,7,359.57,2023-09-23,Centro,Online,13.1,235.05
6728,225,A,0,373.11,2023-06-04,Oeste,Online,6.1,181.63
6729,4479,D,20,172.42,2023-09-18,Centro,Distribuidor,3.4,109.61
6730,6990,C,3,231.28,2023-01-11,Este,Tienda,6.3,81.96
6731,9935,B,5,68.2,2024-01-01,Este,Mayorista,2.8,37.09
6732,3664,A,11,435.83,2023-01-22,Oeste,Distribuidor,10.6,251.4
6733,6274,A,5,110.86,2023-05-11,Sur,Distribuidor,2.5,56.72
6734,7469,D,10,121.99,2023-09-20,Este,Distribuidor,9.1,56.27
6735,5866,A,5,46.35,2023-09-24,Norte,Online,4.4,19.73
6736,1258,C,5,214.04,2023-05-04,Sur,Distribuidor,11.4,115.15
6737,9925,A,17,101.86,2023-10-21,Norte,Mayorista,5.9,58.79
6738,2507,D,16,374.95,2023-10-25,Norte,Online,3.5,151.5
6739,9778,D,3,440.29,2023-09-01,Este,Distribuidor,13.8,215.44
6740,473,D,2,67.1,2023-03-22,Centro,Online,10.1,36.83
6741,3738,B,5,58.15,2023-06-22,Centro,Mayorista,2.0,35.13
6742,8891,E,2,332.87,2023-08-25,Centro,Distribuidor,12.1,102.89
6743,5227,E,0,277.21,2023-07-08,Centro,Distribuidor,14.6,109.28
6744,9158,C,4,262.85,2023-11-24,Este,Tienda,6.5,157.29
6745,9668,A,16,322.62,2023-04-27,Centro,Mayorista,0.6,139.92
6746,5774,B,14,464.27,2023-03-06,Este,Distribuidor,12.0,308.71
6747,3275,E,11,198.7,2023-12-03,Norte,Mayorista,4.8,72.99
6748,4173,E,3,370.26,2023-08-21,Centro,Distribuidor,4.8,180.26
6749,218,A,2,483.83,2023-09-15,Este,Online,13.7,158.44
6750,4695,E,10,195.5,2023-06-07,Norte,Online,11.0,120.32
6751,6220,B,8,421.76,2024-01-01,Oeste,Tienda,14.1,293.95
6752,2979,C,18,188.4,2023-03-17,Este,Distribuidor,3.2,62.42
6753,6758,D,12,62.26,2023-06-08,Norte,Mayorista,7.8,24.47
6754,5478,A,16,232.81,2024-01-02,Este,Online,6.2,147.12
6755,5117,A,1,130.04,2023-04-25,Centro,Tienda,0.6,71.47
6756,4686,E,14,133.61,2023-07-06,Centro,Distribuidor,14.7,92.25
6757,4991,D,20,408.04,2023-10-04,Norte,Mayorista,12.7,248.42
6758,9450,B,4,328.43,2023-05-07,Norte,Mayorista,2.5,161.95
6759,5971,B,6,318.83,2023-03-13,Norte,Distribuidor,9.6,157.21
6760,7390,B,16,367.38,2023-02-06,Sur,Mayorista,7.4,115.34
6761,2562,E,11,196.4,2023-01-12,Norte,Distribuidor,4.7,102.42
6762,3400,E,14,261.32,2023-06-23,Sur,Tienda,5.9,179.28
6763,9383,E,8,71.08,2023-03-01,Centro,Distribuidor,6.2,30.02
6764,2510,B,4,301.07,2023-10-16,Norte,Online,2.6,209.73
6765,6656,E,1,110.96,2023-08-30,Este,Mayorista,9.0,54.85
6766,499,E,6,199.43,2024-01-17,Norte,Distribuidor,11.2,95.4
6767,3356,A,18,426.45,2023-03-01,Centro,Online,3.4,287.64
6768,4970,B,16,364.44,2023-04-25,Oeste,Online,1.0,183.38
6769,2930,E,18,335.27,2023-05-06,Sur,Tienda,4.0,217.94
6770,526,C,6,260.24,2023-06-06,Oeste,Mayorista,3.8,123.49
6771,9994,B,17,327.81,2023-11-06,Sur,Online,5.8,214.69
6772,1975,E,8,356.03,2023-10-11,Norte,Mayorista,11.7,181.08
6773,4854,C,6,140.73,2023-12-18,Sur,Online,13.9,84.0
6774,8728,D,13,297.0,2023-02-01,Norte,Online,6.2,91.58
6775,2769,A,10,192.61,2023-07-07,Oeste,Online,4.9,118.59
6776,8218,B,14,140.37,2023-02-08,Este,Distribuidor,13.0,73.4
6777,2738,A,15,386.56,2023-08-08,Este,Distribuidor,3.7,120.77
6778,3552,B,11,229.59,2024-02-04,Norte,Tienda,11.5,114.03
6779,817,E,11,279.97,2024-01-25,Centro,Online,12.0,99.72
6780,523,B,5,491.17,2024-01-17,Oeste,Tienda,6.6,207.16
6781,2511,B,4,72.11,2023-07-08,Centro,Online,6.7,23.54
6782,6313,B,11,22.55,2023-04-08,Norte,Tienda,5.4,14.26
6783,6544,B,1,120.86,2023-04-07,Centro,Mayorista,9.9,64.63
6784,2195,A,0,437.08,2023-01-01,Este,Distribuidor,10.3,264.33
6785,7484,D,1,270.01,2023-03-15,Este,Online,8.5,135.8
6786,7208,B,5,109.24,2023-01-26,Sur,Distribuidor,7.4,34.38
6787,2401,D,2,288.76,2023-01-06,Oeste,Distribuidor,6.6,198.8
6788,7523,D,11,178.55,2023-08-26,Norte,Mayorista,7.9,70.79
6789,2768,D,20,51.82,2023-04-08,Sur,Online,14.8,20.59
6790,10057,D,12,37.86,2023-03-18,Oeste,Tienda,7.2,13.9
6791,3106,A,3,426.8,2023-11-23,Oeste,Tienda,9.8,295.16
6792,5092,C,9,416.08,2024-01-12,Este,Mayorista,9.9,276.75
6793,10256,B,20,388.65,2023-08-14,Oeste,Mayorista,14.8,177.43
6794,3720,D,18,57.75,2023-03-02,Sur,Mayorista,12.1,26.4
6795,6144,C,13,402.16,2023-04-28,Este,Mayorista,3.9,127.79
6796,2486,A,0,393.95,2024-02-01,Sur,Online,10.6,230.55
6797,210,B,18,253.23,2023-01-19,Norte,Distribuidor,1.2,91.0
6798,5013,D,14,389.31,2023-02-20,Oeste,Distribuidor,0.3,156.64
6799,8733,E,11,470.13,2023-11-22,Sur,Mayorista,9.5,302.44
6800,885,E,0,75.71,2024-01-26,Sur,Tienda,4.0,50.85
6801,1429,B,6,462.93,2023-05-09,Oeste,Tienda,8.2,304.39
6802,4557,C,7,467.85,2023-10-18,Norte,Distribuidor,3.8,224.35
6803,7601,B,18,136.66,2023-08-11,Oeste,Tienda,9.6,54.27
6804,10232,E,18,28.98,2024-01-07,Este,Tienda,12.6,18.56
6805,7813,B,16,42.51,2023-06-07,Sur,Mayorista,1.3,13.52
6806,6127,E,17,276.87,2023-04-01,Centro,Distribuidor,2.1,145.34
6807,6659,D,11,445.82,2023-12-05,Oeste,Distribuidor,12.5,231.77
6808,4779,B,18,343.44,2023-10-05,Norte,Tienda,10.2,127.95
6809,6664,E,3,12.53,2023-04-19,Este,Mayorista,0.9,8.34
6810,3303,A,11,85.17,2023-05-26,Este,Tienda,2.0,46.01
6811,6011,B,8,144.63,2023-02-28,Norte,Distribuidor,0.9,49.49
6812,1816,E,14,69.85,2023-01-14,Centro,Distribuidor,2.4,23.76
6813,9953,B,12,31.7,2023-01-02,Sur,Online,7.2,10.15
6814,7144,B,8,123.74,2023-08-07,Sur,Tienda,14.7,73.81
6815,4834,A,3,272.93,2023-03-22,Centro,Distribuidor,12.7,109.5
6816,7622,C,1,69.02,2023-02-25,Este,Mayorista,3.4,44.15
6817,5201,E,2,146.99,2023-05-10,Este,Distribuidor,13.8,88.31
6818,8897,A,6,399.58,2023-02-22,Norte,Tienda,12.3,155.66
6819,8668,E,17,484.37,2023-12-08,Centro,Tienda,13.3,224.58
6820,10436,B,0,471.88,2024-01-22,Oeste,Tienda,6.4,168.29
6821,5540,D,13,290.49,2023-03-21,Centro,Online,8.6,158.28
6822,10241,A,8,277.06,2023-11-22,Centro,Tienda,1.9,161.72
6823,740,B,10,256.69,2023-07-10,Este,Mayorista,12.8,163.0
6824,4807,A,19,232.54,2024-01-16,Oeste,Online,7.0,135.95
6825,440,B,14,93.08,2023-05-10,Norte,Distribuidor,5.5,33.29
6826,2504,D,10,452.68,2023-08-31,Sur,Mayorista,2.1,184.9
6827,6314,E,9,241.11,2023-12-05,Oeste,Tienda,13.1,145.75
6828,431,B,14,160.01,2023-01-10,Centro,Mayorista,8.2,65.17
6829,3650,E,11,27.54,2023-02-11,Centro,Distribuidor,2.9,9.69
6830,4614,E,11,104.3,2023-09-03,Este,Tienda,0.1,46.66
6831,2180,B,5,201.17,2023-07-18,Centro,Mayorista,2.3,108.17
6832,2348,A,20,92.24,2023-04-28,Oeste,Tienda,5.1,52.33
6833,7444,D,5,307.72,2023-01-26,Sur,Online,7.4,108.75
6834,5364,B,6,102.03,2023-03-15,Norte,Mayorista,7.0,47.32
6835,10015,D,11,140.85,2023-03-18,Centro,Online,5.8,48.68
6836,8319,D,18,208.47,2023-09-10,Centro,Online,7.4,91.24
6837,9264,E,9,427.44,2023-10-10,Oeste,Tienda,1.2,209.37
6838,5965,A,5,220.28,2023-12-25,Oeste,Tienda,4.4,109.87
6839,1974,C,0,272.31,2023-01-16,Este,Online,13.9,147.19
6840,1973,A,5,141.68,2023-12-02,Centro,Mayorista,13.4,48.08
6841,9300,E,11,177.96,2023-02-15,Norte,Distribuidor,3.3,120.09
6842,339,E,13,232.11,2023-11-10,Sur,Distribuidor,14.6,141.38
6843,3295,D,20,77.84,2023-02-21,Este,Mayorista,8.1,45.48
6844,9313,D,17,407.63,2023-04-29,Sur,Mayorista,1.1,174.58
6845,4671,D,0,211.64,2023-12-08,Norte,Distribuidor,11.7,85.95
6846,9996,E,15,17.32,2023-02-06,Centro,Mayorista,4.5,9.47
6847,610,C,9,232.17,2023-12-29,Este,Online,1.8,99.95
6848,4635,D,18,344.39,2024-02-04,Este,Online,5.6,172.24
6849,9229,B,2,434.77,2024-01-30,Este,Mayorista,5.1,235.83
6850,2931,D,9,97.2,2023-04-12,Sur,Distribuidor,12.2,56.19
6851,2021,B,13,463.91,2023-06-15,Centro,Online,9.8,289.8
6852,1694,E,1,113.08,2023-05-05,Sur,Online,11.7,44.23
6853,5387,D,13,297.75,2023-12-04,Norte,Tienda,7.0,193.65
6854,6275,B,8,148.29,2023-11-11,Centro,Online,0.2,92.71
6855,1999,C,1,398.96,2024-01-22,Centro,Distribuidor,4.8,205.16
6856,10153,D,10,464.3,2023-09-30,Oeste,Distribuidor,5.0,140.57
6857,1722,B,0,259.77,2023-07-11,Este,Tienda,8.1,156.64
6858,3729,C,9,86.02,2023-10-24,Oeste,Online,7.4,37.9
6859,6025,A,14,166.02,2023-09-05,Norte,Tienda,10.7,77.47
6860,7900,C,17,25.34,2023-08-11,Norte,Mayorista,14.5,11.12
6861,7955,E,0,185.58,2024-01-19,Este,Online,10.3,123.22
6862,3305,E,10,104.3,2023-01-22,Oeste,Mayorista,4.4,67.71
6863,1406,B,17,41.24,2023-03-20,Este,Tienda,0.3,24.06
6864,4473,D,0,214.23,2023-04-25,Este,Tienda,9.7,143.69
6865,9956,C,4,25.12,2023-02-17,Norte,Tienda,2.1,16.87
6866,1306,A,12,98.51,2023-08-04,Oeste,Online,13.0,50.18
6867,7815,A,5,237.74,2024-01-21,Oeste,Online,9.5,98.96
6868,8849,A,13,112.8,2023-02-21,Oeste,Tienda,6.7,44.34
6869,8403,E,2,236.54,2023-03-03,Centro,Online,7.6,115.04
6870,3970,E,13,97.87,2023-09-01,Oeste,Online,6.8,38.74
6871,6523,D,6,20.74,2023-12-24,Norte,Distribuidor,13.5,7.32
6872,6910,D,9,9.27,2023-08-27,Sur,Online,7.3,5.41
6873,2951,B,16,264.55,2024-01-31,Norte,Mayorista,0.8,175.98
6874,5023,A,19,419.8,2023-06-19,Centro,Tienda,8.5,231.41
6875,973,A,19,319.85,2023-11-04,Norte,Mayorista,11.2,166.8
6876,4162,C,8,182.11,2023-05-22,Oeste,Distribuidor,10.3,79.11
6877,2455,B,16,50.86,2023-02-22,Centro,Tienda,13.6,21.0
6878,8958,A,5,322.35,2023-09-30,Centro,Distribuidor,7.2,111.39
6879,10117,A,18,52.61,2023-07-28,Norte,Tienda,11.8,23.95
6880,9421,B,10,221.68,2023-10-25,Este,Online,2.0,144.83
6881,2779,E,0,478.51,2023-08-10,Este,Online,7.0,282.04
6882,3880,D,13,499.92,2023-08-09,Centro,Mayorista,13.7,268.16
6883,10114,E,18,489.27,2023-11-16,Oeste,Mayorista,9.6,337.05
6884,2003,C,3,391.31,2023-11-05,Oeste,Distribuidor,14.6,130.08
6885,4139,E,17,200.97,2023-08-23,Sur,Distribuidor,5.4,63.96
6886,322,E,15,418.85,2023-03-30,Centro,Tienda,8.8,209.04
6887,9852,B,20,293.96,2024-01-09,Norte,Mayorista,6.2,193.13
6888,8722,E,6,255.02,2023-05-07,Norte,Online,12.5,131.64
6889,444,B,15,359.62,2023-01-18,Oeste,Tienda,10.0,150.42
6890,9836,C,16,431.77,2024-02-03,Sur,Tienda,9.8,264.43
6891,4778,E,7,243.09,2023-12-11,Oeste,Tienda,8.4,85.15
6892,1467,D,0,262.1,2023-10-17,Norte,Tienda,6.6,178.27
6893,8496,A,20,177.64,2023-02-09,Oeste,Mayorista,1.6,84.16
6894,7482,B,17,194.77,2023-05-31,Sur,Distribuidor,14.0,114.82
6895,42,A,18,125.82,2023-02-08,Norte,Tienda,14.2,85.86
6896,1460,B,0,164.27,2023-09-19,Centro,Online,8.5,59.78
6897,5405,D,3,224.15,2023-03-16,Norte,Online,0.2,135.25
6898,4681,E,9,449.3,2023-10-11,Oeste,Mayorista,5.9,212.49
6899,128,E,18,326.45,2023-02-03,Sur,Online,13.5,151.64
6900,7784,C,1,72.15,2023-08-21,Centro,Distribuidor,5.2,45.49
6901,2524,E,8,7.15,2023-04-22,Oeste,Mayorista,6.0,3.88
6902,718,D,9,215.38,2024-02-01,Oeste,Mayorista,0.9,117.76
6903,10450,A,8,346.46,2023-12-26,Centro,Online,2.8,205.92
6904,9584,C,2,470.57,2023-12-14,Sur,Distribuidor,0.6,263.6
6905,4891,D,3,157.51,2023-03-13,Sur,Tienda,2.9,70.9
6906,10489,E,16,145.48,2023-06-23,Este,Distribuidor,6.7,48.18
6907,6311,C,1,488.72,2023-09-27,Norte,Mayorista,7.0,322.58
6908,3854,C,16,167.0,2023-05-16,Este,Mayorista,8.3,58.52
6909,6637,D,10,51.64,2023-01-24,Centro,Online,7.1,27.22
6910,8628,A,18,286.05,2023-04-19,Norte,Tienda,2.8,127.53
6911,8891,A,3,327.89,2023-12-18,Sur,Tienda,12.9,215.95
6912,8777,B,7,267.06,2023-11-24,Este,Mayorista,14.3,134.03
6913,4910,C,8,321.29,2023-11-09,Este,Distribuidor,11.7,181.32
6914,7048,B,9,329.83,2023-06-19,Centro,Mayorista,7.3,216.15
6915,3953,E,1,154.93,2023-08-16,Este,Tienda,14.9,62.31
6916,7234,C,19,396.89,2023-04-01,Este,Mayorista,0.6,141.17
6917,3927,E,2,35.36,2023-06-29,Sur,Online,8.1,15.44
6918,11,C,4,366.78,2023-08-23,Norte,Mayorista,2.5,245.62
6919,6178,D,12,125.99,2023-09-26,Oeste,Tienda,8.8,67.25
6920,4674,B,17,180.91,2023-11-14,Este,Distribuidor,2.7,58.18
6921,6891,D,6,289.69,2023-10-05,Centro,Online,2.8,148.07
6922,8308,B,6,236.48,2023-07-16,Centro,Distribuidor,0.7,145.2
6923,7642,E,16,181.64,2023-02-02,Sur,Mayorista,2.6,94.43
6924,5753,D,15,311.58,2023-07-02,Centro,Mayorista,4.8,163.89
6925,930,E,6,297.95,2023-12-29,Centro,Mayorista,9.6,184.89
6926,140,A,15,151.41,2024-01-02,Sur,Mayorista,0.0,53.57
6927,9526,E,2,395.64,2023-02-26,Este,Mayorista,14.1,246.3
6928,2861,E,0,314.29,2023-03-28,Norte,Distribuidor,11.7,164.94
6929,8497,B,12,484.05,2023-07-20,Oeste,Online,10.7,168.68
6930,1769,A,14,118.99,2024-01-18,Oeste,Mayorista,2.4,52.52
6931,411,D,11,446.79,2023-10-24,Centro,Distribuidor,3.5,252.97
6932,6707,E,1,284.23,2023-01-22,Norte,Mayorista,7.6,198.09
6933,7993,E,9,435.79,2023-05-23,Norte,Tienda,8.8,180.46
6934,8031,B,13,169.85,2023-12-30,Sur,Distribuidor,8.8,106.71
6935,2995,E,12,116.6,2023-10-25,Norte,Tienda,6.8,36.71
6936,2480,C,8,316.03,2023-07-13,Sur,Online,11.3,106.99
6937,2247,D,1,73.16,2023-11-13,Este,Online,6.9,48.55
6938,6233,C,1,74.16,2023-07-29,Este,Distribuidor,7.7,26.4
6939,8391,E,10,225.57,2023-12-15,Oeste,Mayorista,10.5,151.53
6940,2956,B,12,108.8,2023-01-18,Oeste,Online,6.8,52.38
6941,10341,B,19,419.07,2023-10-08,Sur,Tienda,2.3,215.45
6942,5168,A,7,196.87,2024-01-10,Norte,Distribuidor,5.6,92.99
6943,9778,B,4,187.04,2023-07-28,Oeste,Distribuidor,11.9,104.89
6944,9327,E,14,395.34,2023-02-06,Oeste,Mayorista,14.8,182.31
6945,4775,A,3,271.15,2023-04-01,Este,Distribuidor,12.0,106.98
6946,8918,D,14,191.03,2023-06-02,Sur,Mayorista,12.7,90.5
6947,10096,D,20,114.59,2023-03-19,Norte,Online,5.1,79.66
6948,2364,A,18,371.25,2023-07-14,Norte,Distribuidor,1.4,139.02
6949,6494,E,2,210.9,2023-03-08,Sur,Online,13.6,93.13
6950,6655,B,18,152.66,2023-11-25,Sur,Online,0.6,101.34
6951,7264,E,7,313.11,2023-07-08,Oeste,Online,5.4,169.3
6952,4884,E,7,22.17,2023-10-10,Oeste,Mayorista,5.4,7.7
6953,232,A,3,475.19,2023-08-10,Sur,Mayorista,12.3,193.75
6954,5049,A,20,62.5,2023-04-01,Este,Online,6.9,22.15
6955,6953,E,20,53.45,2024-01-03,Centro,Online,2.4,32.77
6956,3476,B,13,86.47,2023-07-21,Norte,Online,0.5,37.2
6957,9497,D,14,28.37,2023-06-03,Oeste,Distribuidor,14.0,16.03
6958,7385,B,20,70.81,2023-06-06,Este,Mayorista,7.8,32.48
6959,3144,E,9,15.69,2023-04-25,Norte,Tienda,2.9,5.2
6960,2394,C,7,336.0,2023-06-22,Sur,Distribuidor,11.9,149.95
6961,2451,E,3,360.48,2023-01-01,Sur,Online,4.0,144.2
6962,3886,B,20,118.7,2023-05-15,Este,Distribuidor,7.2,62.0
6963,3468,B,18,458.05,2023-09-02,Norte,Distribuidor,3.0,273.28
6964,9594,C,17,418.25,2023-03-10,Este,Distribuidor,12.5,279.9
6965,2897,B,3,48.69,2023-03-31,Norte,Tienda,14.5,19.53
6966,6569,A,11,291.57,2023-01-08,Norte,Distribuidor,7.7,188.17
6967,8854,D,7,475.65,2024-01-20,Este,Distribuidor,12.4,222.4
6968,9128,B,9,377.48,2024-01-02,Oeste,Mayorista,3.8,183.26
6969,88,A,9,489.69,2023-07-10,Sur,Mayorista,3.9,177.21
6970,3823,E,1,185.82,2023-03-30,Oeste,Online,6.0,60.16
6971,3918,A,17,468.39,2023-08-22,Oeste,Distribuidor,3.5,283.67
6972,3704,E,3,92.55,2023-12-27,Este,Online,8.2,36.76
6973,7467,D,0,176.2,2023-11-29,Norte,Distribuidor,0.2,73.0
6974,2692,A,12,313.1,2023-04-20,Este,Distribuidor,1.5,103.03
6975,3976,C,6,273.92,2023-06-22,Oeste,Online,1.4,120.96
6976,10356,A,6,308.2,2023-06-03,Norte,Distribuidor,1.4,95.83
6977,7896,D,20,456.37,2023-08-25,Sur,Tienda,9.2,294.71
6978,5500,E,8,29.25,2024-01-22,Sur,Distribuidor,1.0,16.72
6979,9723,B,12,21.33,2023-03-05,Este,Distribuidor,13.0,6.98
6980,3774,C,4,291.58,2024-01-13,Oeste,Distribuidor,9.8,185.13
6981,3562,B,20,262.42,2023-12-12,Este,Mayorista,4.5,95.66
6982,3831,C,10,129.08,2023-07-28,Sur,Distribuidor,10.1,85.97
6983,6678,C,15,482.41,2023-05-26,Norte,Tienda,7.0,176.7
6984,9951,B,0,158.0,2023-01-25,Sur,Tienda,4.8,108.87
6985,9867,A,4,145.71,2023-06-09,Norte,Tienda,6.2,83.68
6986,9508,B,7,132.48,2023-03-11,Norte,Online,1.8,40.24
6987,263,C,12,364.99,2023-03-21,Sur,Online,1.0,142.95
6988,4047,B,9,499.31,2023-06-06,Este,Tienda,4.2,170.28
6989,1829,B,5,250.51,2023-05-04,Centro,Online,9.2,88.33
6990,6074,A,17,104.52,2023-07-21,Norte,Online,12.6,64.48
6991,6866,A,8,183.51,2024-01-15,Norte,Distribuidor,5.4,93.37
6992,1361,D,2,368.34,2024-02-03,Sur,Distribuidor,1.7,126.84
6993,1413,B,4,337.56,2023-12-28,Sur,Online,10.8,158.8
6994,8905,A,3,263.37,2023-07-25,Sur,Online,7.0,117.66
6995,10176,D,15,71.9,2023-11-17,Este,Tienda,5.9,22.73
6996,5849,D,16,18.54,2023-10-23,Oeste,Mayorista,4.5,6.57
6997,7128,A,4,166.52,2023-04-22,Centro,Mayorista,14.7,64.31
6998,5621,D,18,137.47,2023-05-20,Sur,Mayorista,4.6,66.55
6999,8941,A,20,255.63,2023-01-25,Oeste,Tienda,13.2,170.57
7000,9984,A,5,450.32,2023-01-12,Oeste,Tienda,3.8,247.01
7001,8897,E,6,79.06,2023-08-01,Norte,Mayorista,2.3,25.51
7002,1141,A,18,459.01,2023-01-12,Oeste,Mayorista,11.2,193.21
7003,3853,D,1,300.32,2023-02-14,Oeste,Mayorista,7.8,103.54
7004,8389,D,16,257.38,2023-05-21,Sur,Tienda,4.7,124.01
7005,10461,C,17,83.86,2023-03-13,Norte,Online,2.6,27.5
7006,6622,E,19,463.38,2023-06-04,Oeste,Mayorista,9.3,275.21
7007,7410,C,15,238.11,2023-08-22,Sur,Tienda,5.4,108.3
7008,2311,C,0,455.88,2023-09-04,Oeste,Tienda,6.4,259.91
7009,7969,B,13,447.18,2023-05-04,Sur,Mayorista,8.1,220.82
7010,1962,D,16,22.23,2023-10-04,Sur,Tienda,7.5,10.18
7011,589,C,11,53.94,2023-07-04,Norte,Tienda,5.4,33.64
7012,5281,E,6,466.47,2023-06-10,Sur,Tienda,13.4,254.82
7013,4968,D,9,257.73,2023-12-08,Oeste,Distribuidor,10.3,163.57
7014,4507,B,14,353.6,2023-02-24,Centro,Tienda,5.0,181.58
7015,9951,A,0,94.7,2023-10-11,Oeste,Distribuidor,2.5,37.94
7016,9845,E,3,376.17,2023-08-24,Este,Online,6.5,139.15
7017,7414,B,2,393.29,2023-02-06,Sur,Distribuidor,1.5,176.68
7018,1448,B,6,423.12,2023-04-05,Oeste,Mayorista,8.8,139.48
7019,6598,A,20,426.5,2023-03-28,Norte,Mayorista,10.0,286.38
7020,1774,C,17,26.55,2023-02-21,Norte,Distribuidor,14.7,18.45
7021,6728,E,8,457.12,2023-07-25,Oeste,Tienda,13.0,152.26
7022,6838,A,1,41.88,2023-06-05,Este,Distribuidor,7.6,14.08
7023,7240,D,7,321.58,2023-08-21,Norte,Mayorista,2.0,191.24
7024,2434,D,5,215.83,2024-02-04,Centro,Online,2.7,141.73
7025,4885,A,19,6.98,2023-05-14,Norte,Distribuidor,6.0,3.07
7026,3162,E,2,81.93,2023-01-09,Norte,Tienda,8.9,57.23
7027,5391,D,12,443.0,2023-07-18,Este,Online,9.2,203.22
7028,8147,D,19,57.86,2023-04-07,Centro,Distribuidor,6.5,39.72
7029,5425,C,18,244.78,2023-03-04,Sur,Mayorista,1.7,118.44
7030,158,D,2,439.65,2023-10-14,Este,Online,5.3,243.58
7031,4009,E,0,439.97,2023-09-16,Norte,Tienda,2.8,264.86
7032,5911,E,2,447.34,2023-01-20,Centro,Tienda,4.9,190.69
7033,9830,E,10,390.7,2023-12-14,Oeste,Online,12.1,173.19
7034,5787,D,16,401.67,2023-11-24,Sur,Tienda,4.3,192.82
7035,274,B,16,20.18,2023-09-22,Oeste,Online,8.7,6.24
7036,3354,C,13,207.97,2023-08-25,Este,Distribuidor,7.6,68.77
7037,2397,E,20,246.85,2023-12-23,Oeste,Distribuidor,12.6,150.25
7038,3399,D,15,24.34,2023-01-22,Norte,Online,4.0,14.36
7039,4501,C,13,499.68,2023-03-28,Sur,Online,0.5,304.61
7040,2912,A,13,341.18,2023-04-26,Sur,Online,3.6,154.7
7041,7896,C,1,220.45,2023-01-16,Este,Distribuidor,1.6,96.42
7042,1993,B,18,378.1,2023-04-12,Este,Tienda,7.7,195.28
7043,7312,C,5,139.69,2023-06-16,Centro,Tienda,4.7,86.16
7044,4800,A,10,36.39,2023-07-04,Oeste,Tienda,9.7,14.16
7045,7782,B,6,133.97,2023-03-21,Este,Mayorista,12.0,52.36
7046,21,C,19,7.79,2023-07-30,Oeste,Distribuidor,7.3,2.38
7047,210,A,14,499.81,2024-01-23,Centro,Distribuidor,6.1,269.5
7048,2467,E,11,317.36,2023-11-05,Este,Tienda,7.4,116.26
7049,5282,B,1,71.13,2023-04-09,Oeste,Distribuidor,1.5,24.2
7050,2882,D,16,76.45,2023-07-29,Centro,Online,11.9,30.88
7051,799,D,6,321.2,2023-03-07,Norte,Distribuidor,13.1,182.32
7052,1420,B,7,90.54,2023-07-19,Este,Distribuidor,12.7,32.6
7053,5430,E,7,102.97,2023-03-23,Centro,Online,7.9,52.86
7054,4720,E,6,287.33,2023-09-01,Oeste,Tienda,12.4,102.3
7055,10207,E,8,293.16,2023-11-02,Norte,Online,11.5,202.33
7056,2485,E,6,371.99,2023-06-13,Sur,Distribuidor,5.8,195.52
7057,5195,A,16,368.85,2023-04-15,Sur,Mayorista,12.2,144.15
7058,6397,A,15,428.18,2023-07-23,Oeste,Online,0.6,169.03
7059,7963,D,2,118.29,2023-09-30,Este,Tienda,11.3,70.91
7060,2962,E,9,200.96,2023-06-25,Centro,Tienda,10.3,124.78
7061,3648,B,1,52.31,2023-09-22,Centro,Distribuidor,4.9,28.26
7062,7423,E,14,209.39,2023-03-05,Norte,Distribuidor,13.8,77.65
7063,502,C,13,126.77,2023-07-24,Norte,Tienda,13.8,78.25
7064,9410,D,14,359.84,2023-08-24,Sur,Mayorista,6.1,146.8
7065,4227,E,20,281.93,2023-08-18,Centro,Mayorista,7.5,143.37
7066,922,D,20,121.47,2023-11-13,Norte,Distribuidor,10.7,49.5
7067,6062,D,8,328.13,2023-07-23,Norte,Distribuidor,14.0,220.94
7068,4138,C,8,411.34,2023-03-03,Este,Distribuidor,6.2,268.4
7069,931,E,1,359.69,2023-09-10,Oeste,Mayorista,9.5,135.93
7070,4041,C,6,268.94,2023-12-16,Norte,Mayorista,11.8,140.05
7071,4314,D,0,271.47,2023-04-17,Oeste,Distribuidor,14.6,160.43
7072,6246,A,2,439.91,2023-01-19,Este,Distribuidor,9.1,300.05
7073,8936,C,8,118.75,2023-02-06,Norte,Mayorista,13.3,73.48
7074,3843,D,13,238.94,2024-01-29,Centro,Tienda,6.4,147.21
7075,2194,B,8,430.35,2023-11-11,Oeste,Distribuidor,2.4,246.73
7076,9807,A,7,240.73,2023-11-29,Norte,Tienda,4.8,73.97
7077,3969,E,2,263.11,2023-06-08,Este,Distribuidor,6.8,117.45
7078,3337,C,1,129.55,2023-05-22,Norte,Tienda,12.8,47.58
7079,9198,E,15,166.58,2023-11-20,Oeste,Tienda,4.0,77.57
7080,4693,B,18,404.22,2023-12-06,Centro,Mayorista,5.7,199.61
7081,9098,A,9,386.43,2023-05-02,Sur,Distribuidor,13.2,226.57
7082,9054,B,8,30.06,2024-01-02,Este,Mayorista,5.0,16.09
7083,5451,C,10,138.06,2023-10-19,Centro,Mayorista,2.2,95.76
7084,9487,E,9,268.83,2023-12-25,Sur,Mayorista,4.0,140.37
7085,9953,E,4,69.78,2023-04-22,Oeste,Mayorista,13.6,44.88
7086,4272,C,14,277.36,2023-12-22,Norte,Online,10.7,123.88
7087,5087,A,8,60.72,2023-06-27,Oeste,Mayorista,9.2,41.04
7088,5716,E,10,356.21,2023-07-20,Este,Tienda,2.8,131.38
7089,8676,C,3,22.25,2024-01-06,Norte,Tienda,4.7,11.4
7090,3085,E,6,200.1,2023-06-01,Oeste,Distribuidor,5.5,128.28
7091,4519,E,3,421.47,2023-04-01,Este,Distribuidor,13.6,229.58
7092,1031,A,16,166.21,2023-03-16,Sur,Online,2.1,87.87
7093,9901,A,11,174.29,2023-03-28,Sur,Distribuidor,11.3,57.35
7094,8048,A,13,385.89,2023-11-15,Sur,Online,6.8,153.99
7095,2849,D,9,253.89,2023-09-25,Oeste,Online,11.5,150.95
7096,7266,E,5,377.89,2023-05-13,Norte,Mayorista,11.4,165.2
7097,2527,B,15,122.88,2023-11-05,Oeste,Tienda,2.8,63.03
7098,6535,B,3,138.95,2023-12-04,Sur,Tienda,11.6,63.68
7099,1174,C,9,375.69,2023-04-13,Centro,Distribuidor,3.9,252.3
7100,1807,E,16,163.34,2023-10-25,Sur,Mayorista,4.1,52.35
7101,7082,D,4,144.29,2023-12-15,Norte,Distribuidor,4.0,49.64
7102,6003,B,15,128.08,2023-04-26,Oeste,Distribuidor,0.7,40.2
7103,4130,C,4,5.28,2023-02-05,Sur,Mayorista,14.5,2.57
7104,9533,E,8,405.41,2023-09-20,Centro,Distribuidor,1.6,220.11
7105,10086,A,3,402.73,2023-01-16,Norte,Mayorista,4.8,190.62
7106,6570,A,20,405.39,2023-06-19,Norte,Distribuidor,2.8,236.49
7107,1704,A,13,446.27,2023-11-25,Oeste,Tienda,4.0,185.9
7108,4780,B,4,351.34,2023-01-07,Sur,Distribuidor,6.9,140.82
7109,1666,E,18,409.65,2023-05-03,Este,Mayorista,2.3,196.78
7110,1975,D,8,421.41,2023-02-05,Centro,Online,1.2,246.86
7111,1109,C,16,318.06,2023-09-13,Norte,Distribuidor,13.9,203.18
7112,695,A,3,115.17,2024-01-22,Sur,Online,9.8,79.4
7113,9684,C,7,246.66,2024-01-25,Norte,Mayorista,5.5,134.78
7114,5559,C,12,120.09,2024-01-13,Sur,Tienda,10.9,68.64
7115,10105,D,10,37.81,2023-10-24,Centro,Distribuidor,13.9,26.19
7116,566,A,8,437.47,2023-08-17,Oeste,Distribuidor,12.2,212.88
7117,1769,E,15,461.44,2023-04-26,Oeste,Mayorista,5.9,284.68
7118,3984,B,0,253.55,2023-08-03,Oeste,Online,2.9,80.11
7119,7664,C,10,308.46,2023-07-12,Norte,Distribuidor,9.8,104.4
7120,4683,B,16,478.9,2023-08-19,Sur,Online,0.1,226.03
7121,10175,D,16,236.87,2023-09-14,Este,Tienda,11.4,133.37
7122,8708,C,12,435.76,2023-08-08,Oeste,Mayorista,2.7,137.43
7123,5210,A,0,145.55,2023-12-27,Este,Online,11.8,88.47
7124,9330,C,17,294.87,2023-08-25,Centro,Online,8.1,183.47
7125,4423,A,17,66.57,2023-04-23,Centro,Tienda,4.3,29.72
7126,4542,A,17,179.83,2023-03-23,Este,Mayorista,0.7,108.63
7127,9958,A,16,333.1,2023-07-11,Sur,Online,13.1,164.48
7128,3429,E,3,209.62,2023-06-18,Oeste,Distribuidor,11.8,112.49
7129,5279,A,9,51.45,2023-09-05,Centro,Mayorista,3.3,19.89
7130,9690,A,3,282.87,2023-06-04,Norte,Online,12.4,104.18
7131,5934,C,12,11.06,2023-05-18,Sur,Online,11.9,4.68
7132,6853,B,1,279.02,2023-09-15,Norte,Tienda,5.9,138.13
7133,10321,B,1,338.92,2023-03-17,Norte,Online,3.9,154.95
7134,7570,D,5,416.32,2023-04-16,Sur,Distribuidor,3.8,277.58
7135,5649,E,5,191.52,2023-06-15,Sur,Online,3.1,65.2
7136,2839,B,17,29.62,2023-01-22,Este,Tienda,0.4,20.65
7137,7273,E,7,190.75,2023-02-14,Sur,Distribuidor,0.9,66.93
7138,1665,D,19,392.92,2023-02-28,Oeste,Tienda,7.9,191.45
7139,2535,D,4,155.01,2023-12-22,Este,Tienda,13.3,84.09
7140,627,A,16,499.72,2023-06-18,Este,Mayorista,11.8,159.36
7141,509,A,2,488.13,2023-10-12,Sur,Distribuidor,11.2,194.29
7142,6339,E,0,146.64,2023-09-12,Este,Mayorista,12.4,66.02
7143,4866,A,0,441.09,2023-04-12,Este,Tienda,13.6,179.19
7144,8272,E,17,154.08,2023-11-30,Este,Distribuidor,3.4,81.2
7145,8455,E,14,257.26,2023-06-15,Sur,Online,8.5,121.69
7146,8564,A,14,96.34,2023-02-08,Oeste,Mayorista,13.0,55.47
7147,6435,C,18,113.48,2023-04-18,Sur,Tienda,1.6,67.27
7148,1534,D,4,111.24,2023-06-05,Oeste,Distribuidor,4.5,58.78
7149,9456,D,10,166.61,2023-03-19,Centro,Distribuidor,5.6,67.47
7150,4587,D,13,78.83,2023-02-02,Centro,Online,10.5,47.42
7151,1855,E,5,10.16,2024-01-09,Centro,Mayorista,7.4,3.65
7152,3148,B,6,166.61,2023-12-28,Oeste,Tienda,9.8,72.28
7153,6497,E,19,314.84,2023-06-28,Oeste,Tienda,14.7,205.6
7154,3993,B,4,6.96,2024-02-05,Centro,Mayorista,13.9,2.98
7155,5003,A,17,262.6,2023-05-28,Oeste,Online,10.1,92.54
7156,6936,A,0,396.3,2023-10-17,Norte,Tienda,0.8,235.56
7157,7632,E,0,251.6,2023-08-16,Norte,Tienda,4.1,82.24
7158,2993,E,7,183.27,2023-04-18,Centro,Distribuidor,4.2,108.42
7159,5985,B,4,300.46,2023-09-11,Este,Mayorista,7.9,188.49
7160,2690,C,6,24.01,2023-05-03,Oeste,Mayorista,8.3,7.38
7161,2482,A,19,150.45,2023-10-22,Sur,Tienda,5.5,84.13
7162,2341,B,14,424.56,2023-05-16,Oeste,Tienda,7.5,132.08
7163,2878,C,17,68.89,2023-10-22,Sur,Distribuidor,14.8,33.3
7164,8131,A,4,142.26,2023-10-07,Este,Mayorista,4.3,44.51
7165,3246,A,2,488.99,2023-12-24,Sur,Distribuidor,8.5,274.23
7166,10291,B,2,454.24,2023-10-04,Sur,Tienda,7.1,173.54
7167,5924,C,8,98.11,2023-09-28,Norte,Tienda,12.2,45.72
7168,5444,E,14,407.1,2023-03-30,Oeste,Tienda,8.0,127.15
7169,4963,C,18,470.35,2023-11-11,Este,Tienda,2.0,184.36
7170,7085,B,5,406.17,2023-09-06,Este,Tienda,3.8,242.03
7171,9352,D,10,325.69,2023-06-24,Oeste,Tienda,13.0,144.23
7172,8714,A,14,327.81,2024-01-26,Norte,Distribuidor,14.8,125.02
7173,1635,B,3,232.72,2023-07-27,Centro,Online,1.0,128.14
7174,3061,E,7,407.57,2023-10-16,Este,Tienda,11.9,238.34
7175,3571,A,6,387.39,2023-10-13,Este,Mayorista,7.5,267.33
7176,1183,C,10,381.7,2023-08-17,Sur,Online,3.9,251.58
7177,4446,A,16,109.37,2023-09-12,Sur,Online,11.7,75.79
7178,1281,A,11,326.94,2023-05-10,Norte,Tienda,13.1,210.81
7179,2371,C,19,261.24,2023-09-05,Centro,Online,10.2,174.85
7180,4216,C,0,425.69,2023-02-03,Oeste,Distribuidor,8.0,181.22
7181,2915,B,14,195.12,2023-02-01,Sur,Online,5.0,131.6
7182,3139,B,4,98.87,2023-02-11,Este,Distribuidor,13.4,31.4
7183,9773,C,2,256.04,2024-01-31,Norte,Tienda,11.2,118.77
7184,1959,D,6,413.11,2023-04-30,Centro,Online,0.0,196.13
7185,1728,C,0,131.89,2023-04-26,Norte,Mayorista,3.8,84.14
7186,7307,B,4,191.51,2024-01-06,Sur,Online,12.6,69.58
7187,493,B,14,304.62,2023-02-28,Norte,Tienda,8.8,213.1
7188,1003,E,8,69.69,2023-03-26,Centro,Distribuidor,9.7,33.09
7189,1465,B,20,190.32,2023-08-15,Este,Tienda,0.9,57.72
7190,1582,E,10,332.58,2023-11-06,Sur,Online,7.0,108.55
7191,9946,E,12,175.32,2023-08-02,Sur,Mayorista,4.3,115.48
7192,128,C,5,116.24,2023-01-20,Centro,Distribuidor,13.5,70.78
7193,3759,A,14,16.45,2023-12-27,Este,Online,1.6,5.18
7194,2221,C,4,396.86,2023-06-30,Norte,Online,10.7,255.98
7195,9935,E,18,51.15,2023-09-01,Sur,Mayorista,4.4,16.97
7196,9854,A,7,378.77,2023-10-05,Centro,Mayorista,14.8,126.87
7197,9850,A,15,497.35,2023-12-15,Sur,Mayorista,3.9,195.62
7198,9158,C,10,71.04,2023-07-06,Centro,Online,9.9,26.56
7199,1221,B,17,171.62,2023-12-16,Centro,Distribuidor,1.7,107.5
7200,8533,A,5,176.9,2023-08-27,Oeste,Tienda,10.5,107.1
7201,870,C,8,177.53,2024-02-04,Este,Mayorista,0.2,73.68
7202,6130,E,10,65.95,2023-02-23,Este,Mayorista,5.1,23.67
7203,816,A,9,478.71,2024-01-07,Este,Tienda,1.8,263.94
7204,5076,D,15,303.69,2023-03-22,Sur,Mayorista,5.2,177.87
7205,9041,A,16,375.41,2023-12-03,Norte,Mayorista,4.3,116.43
7206,4609,C,18,222.5,2023-11-18,Sur,Online,7.5,143.38
7207,9981,B,10,70.44,2023-09-26,Oeste,Tienda,3.3,30.01
7208,7426,D,5,243.18,2023-10-27,Centro,Tienda,12.6,121.75
7209,1596,A,3,11.98,2023-08-13,Oeste,Online,10.3,6.67
7210,7801,B,19,457.78,2023-11-24,Norte,Tienda,1.4,140.03
7211,9898,C,18,50.46,2023-01-10,Centro,Online,11.5,29.94
7212,6770,C,16,388.42,2023-02-26,Sur,Mayorista,9.1,141.82
7213,3290,E,4,139.86,2023-12-13,Este,Mayorista,14.9,86.71
7214,4335,E,18,344.35,2023-05-20,Este,Distribuidor,13.7,107.97
7215,4681,A,2,275.64,2023-11-05,Norte,Mayorista,12.5,120.64
7216,6194,A,8,119.87,2023-11-05,Centro,Distribuidor,6.1,78.69
7217,6099,B,8,185.21,2023-08-03,Oeste,Tienda,0.7,92.32
7218,137,A,14,66.04,2023-02-10,Centro,Tienda,10.9,25.77
7219,4941,C,12,338.23,2023-10-15,Centro,Tienda,2.7,188.86
7220,7777,D,18,490.53,2023-04-06,Oeste,Distribuidor,11.9,238.35
7221,7731,A,8,382.36,2023-12-07,Sur,Online,1.7,259.98
7222,6147,B,19,57.38,2023-04-23,Este,Mayorista,6.0,34.88
7223,925,C,1,461.06,2023-12-20,Este,Distribuidor,4.1,286.26
7224,1561,A,17,404.41,2023-09-28,Norte,Mayorista,14.4,183.3
7225,5098,B,18,122.09,2023-02-19,Norte,Online,1.5,47.46
7226,10110,A,19,59.32,2023-07-17,Oeste,Distribuidor,3.8,29.68
7227,839,A,19,105.5,2023-09-01,Este,Distribuidor,13.6,36.91
7228,3595,E,20,259.91,2023-01-22,Este,Tienda,6.1,121.31
7229,7999,A,18,457.92,2023-08-15,Este,Mayorista,4.8,212.94
7230,1311,C,19,392.64,2023-08-14,Oeste,Distribuidor,13.3,244.11
7231,5782,D,13,258.56,2023-04-10,Norte,Mayorista,11.0,122.29
7232,6305,A,17,362.68,2023-04-27,Sur,Tienda,12.2,139.94
7233,788,E,9,194.93,2023-01-17,Centro,Mayorista,7.6,115.8
7234,9395,C,2,133.02,2023-09-18,Norte,Tienda,7.7,41.53
7235,10450,E,17,139.09,2024-01-25,Oeste,Distribuidor,4.4,63.23
7236,1389,E,18,119.07,2023-10-10,Sur,Online,3.3,80.53
7237,2013,A,18,206.99,2023-01-11,Oeste,Tienda,13.8,123.21
7238,7852,E,10,224.41,2023-01-14,Sur,Tienda,8.0,114.56
7239,3300,A,18,139.46,2023-04-20,Centro,Tienda,6.1,86.99
7240,6028,A,6,398.73,2023-11-08,Norte,Tienda,7.4,183.27
7241,3654,A,3,57.86,2023-04-26,Norte,Tienda,0.3,37.76
7242,7774,C,6,300.03,2023-12-22,Oeste,Tienda,1.7,170.86
7243,7110,A,6,488.6,2023-12-14,Centro,Distribuidor,14.3,160.68
7244,8571,A,18,199.45,2024-01-14,Oeste,Tienda,1.7,124.06
7245,4972,D,1,85.6,2023-03-08,Centro,Tienda,3.8,36.72
7246,694,B,12,162.44,2023-06-27,Este,Mayorista,13.6,50.65
7247,10449,A,1,243.92,2023-06-12,Centro,Mayorista,14.9,75.38
7248,1719,A,16,130.12,2023-10-30,Centro,Tienda,2.1,89.99
7249,204,C,10,116.82,2023-06-20,Norte,Mayorista,8.2,66.27
7250,943,C,11,57.93,2023-06-25,Norte,Mayorista,9.3,32.11
7251,4181,C,18,247.69,2023-09-01,Oeste,Distribuidor,4.2,114.32
7252,8107,B,4,242.35,2023-09-10,Este,Mayorista,11.6,149.23
7253,7664,A,7,229.2,2023-05-27,Centro,Online,1.0,151.24
7254,3185,A,8,61.57,2023-03-11,Sur,Online,1.6,35.29
7255,8749,C,12,319.06,2023-03-06,Centro,Mayorista,14.6,136.73
7256,1311,A,20,161.84,2024-01-22,Oeste,Online,2.9,95.28
7257,8132,E,3,123.34,2023-01-05,Centro,Online,10.1,84.0
7258,2505,B,20,269.99,2023-09-16,Este,Tienda,12.6,141.58
7259,6959,A,11,156.61,2023-02-16,Oeste,Tienda,13.9,93.22
7260,7528,D,15,478.86,2023-09-10,Oeste,Mayorista,4.6,176.14
7261,112,E,20,195.43,2023-01-24,Norte,Tienda,12.9,122.53
7262,10140,E,11,297.25,2024-01-28,Este,Tienda,8.6,173.28
7263,5337,B,6,434.89,2023-12-28,Sur,Distribuidor,5.8,245.9
7264,689,C,17,108.27,2023-08-20,Centro,Tienda,12.7,32.99
7265,7534,C,8,91.57,2023-09-03,Norte,Online,9.5,45.54
7266,2784,B,14,266.46,2023-01-27,Norte,Tienda,1.0,184.37
7267,7089,A,17,192.17,2023-09-07,Centro,Distribuidor,13.1,77.79
7268,10319,E,6,183.82,2023-12-20,Oeste,Tienda,1.3,112.33
7269,4649,E,14,421.6,2023-01-22,Este,Tienda,5.3,157.06
7270,4684,C,20,391.67,2023-09-25,Centro,Distribuidor,4.5,247.5
7271,1567,C,20,300.42,2023-06-20,Sur,Distribuidor,4.8,114.27
7272,4191,D,12,72.59,2023-02-04,Norte,Mayorista,14.5,44.73
7273,3919,E,7,7.63,2023-10-08,Norte,Online,6.8,2.67
7274,5770,B,18,313.35,2023-12-14,Oeste,Tienda,10.9,207.23
7275,7373,B,18,388.84,2023-05-29,Este,Online,10.5,149.4
7276,6764,C,18,401.72,2023-03-24,Sur,Online,3.6,131.1
7277,7351,E,16,411.54,2024-02-04,Oeste,Tienda,3.8,221.08
7278,4496,C,13,145.53,2023-06-07,Este,Online,14.7,70.25
7279,7955,A,4,187.67,2023-10-01,Este,Tienda,8.6,113.03
7280,324,D,10,396.88,2023-08-22,Norte,Online,7.5,246.86
7281,8155,C,2,407.16,2023-11-06,Centro,Tienda,2.4,136.65
7282,9917,E,18,488.58,2023-10-08,Centro,Tienda,12.7,245.42
7283,3965,A,19,333.75,2023-08-03,Oeste,Distribuidor,11.6,123.93
7284,674,A,5,459.79,2023-10-27,Centro,Distribuidor,10.2,155.13
7285,1066,A,1,26.86,2023-05-18,Este,Tienda,5.5,8.99
7286,4516,B,19,423.95,2023-03-08,Centro,Online,1.2,141.46
7287,5782,C,3,256.18,2023-04-12,Norte,Distribuidor,4.1,126.39
7288,173,A,18,335.69,2023-09-20,Este,Distribuidor,14.0,110.85
7289,5647,D,9,463.39,2023-07-07,Centro,Mayorista,6.9,155.95
7290,2144,A,4,69.74,2023-04-01,Centro,Tienda,12.0,40.57
7291,6892,D,5,54.76,2023-07-04,Oeste,Distribuidor,1.1,37.01
7292,2723,D,1,301.95,2023-11-29,Norte,Tienda,2.8,189.35
7293,5692,E,20,395.98,2023-03-10,Sur,Online,3.4,172.5
7294,2033,A,1,461.62,2023-10-23,Norte,Online,13.2,163.56
7295,7786,D,14,50.02,2023-08-08,Oeste,Mayorista,12.5,34.07
7296,3439,A,6,153.72,2023-11-18,Centro,Distribuidor,7.8,104.86
7297,9480,C,8,373.11,2023-05-14,Este,Tienda,8.1,249.32
7298,7874,A,12,118.87,2023-04-03,Oeste,Tienda,2.7,54.88
7299,3161,B,6,289.43,2023-07-11,Norte,Mayorista,12.4,156.59
7300,6340,D,14,239.09,2023-04-19,Centro,Mayorista,7.1,164.43
7301,7153,C,1,79.5,2023-08-05,Norte,Mayorista,1.8,43.43
7302,3629,A,20,154.48,2023-02-15,Centro,Distribuidor,10.7,56.5
7303,9556,B,9,87.56,2023-06-20,Norte,Distribuidor,6.3,47.41
7304,1550,A,3,308.31,2023-05-03,Sur,Online,8.1,94.01
7305,9930,A,8,465.16,2023-11-16,Oeste,Tienda,0.4,315.24
7306,4757,A,10,429.94,2023-10-24,Centro,Tienda,7.2,290.16
7307,3959,D,18,39.04,2023-12-25,Este,Distribuidor,12.7,14.38
7308,9349,D,17,277.88,2023-08-25,Centro,Tienda,12.9,167.72
7309,1456,C,5,354.07,2023-12-14,Centro,Tienda,5.8,161.46
7310,5499,B,12,107.05,2024-01-04,Sur,Tienda,1.4,60.08
7311,10123,B,14,216.38,2023-06-04,Oeste,Distribuidor,4.2,131.99
7312,8681,A,11,415.35,2024-01-04,Norte,Distribuidor,2.7,193.91
7313,4529,A,16,398.17,2023-06-10,Sur,Tienda,3.7,202.15
7314,832,A,10,91.56,2023-09-06,Este,Tienda,9.2,37.56
7315,2199,C,0,45.56,2024-01-08,Oeste,Mayorista,11.8,18.56
7316,5493,E,1,167.5,2023-10-07,Oeste,Tienda,11.8,90.29
7317,1056,A,17,489.0,2024-01-16,Sur,Mayorista,11.6,329.57
7318,379,D,14,170.16,2023-12-08,Centro,Tienda,11.7,73.09
7319,10014,C,3,202.58,2023-06-11,Centro,Online,7.4,126.12
7320,5826,E,17,419.19,2023-09-07,Este,Online,3.4,158.19
7321,6808,E,11,162.44,2023-05-29,Centro,Mayorista,7.3,70.29
7322,4231,D,5,53.07,2023-01-09,Este,Mayorista,3.4,32.72
7323,5150,B,4,81.14,2023-01-30,Este,Distribuidor,1.0,44.88
7324,1630,D,5,450.33,2023-03-15,Oeste,Distribuidor,3.2,166.3
7325,58,C,12,76.66,2023-01-14,Oeste,Distribuidor,12.8,53.03
7326,5636,B,1,436.98,2023-11-16,Centro,Mayorista,10.5,252.31
7327,7204,A,0,87.53,2023-01-08,Norte,Online,3.1,54.61
7328,4694,B,6,48.53,2023-04-13,Este,Online,14.7,21.76
7329,10358,A,11,224.1,2023-05-29,Sur,Tienda,11.7,88.86
7330,3848,A,19,117.49,2023-09-18,Este,Distribuidor,0.2,68.27
7331,3847,C,14,365.29,2024-01-18,Centro,Mayorista,14.7,219.37
7332,8080,E,13,430.41,2023-06-06,Norte,Mayorista,8.2,277.09
7333,6893,A,3,398.27,2023-11-17,Norte,Distribuidor,1.1,206.88
7334,1293,E,19,90.21,2023-09-13,Norte,Distribuidor,9.0,40.06
7335,5624,E,8,183.46,2023-02-19,Sur,Mayorista,4.2,65.35
7336,2711,E,0,436.04,2023-09-07,Oeste,Mayorista,4.4,246.84
7337,2059,B,19,293.27,2023-05-31,Oeste,Online,1.4,203.14
7338,478,A,4,267.48,2023-05-10,Este,Tienda,14.5,162.86
7339,9812,C,6,247.67,2023-04-01,Norte,Tienda,0.5,93.5
7340,3239,D,17,125.43,2023-01-05,Norte,Tienda,14.4,79.01
7341,883,A,6,46.46,2023-11-13,Centro,Mayorista,12.2,28.73
7342,1010,A,4,143.79,2023-06-27,Oeste,Tienda,8.1,79.39
7343,4698,E,2,467.13,2023-07-01,Norte,Mayorista,4.4,197.63
7344,8638,B,7,136.3,2023-09-12,Este,Tienda,13.4,74.91
7345,8479,A,20,434.37,2023-01-30,Este,Online,7.7,221.89
7346,2128,C,14,89.65,2023-08-24,Oeste,Online,0.8,35.12
7347,5057,E,5,253.17,2023-11-11,Centro,Tienda,1.5,168.92
7348,8761,D,15,405.84,2023-11-16,Oeste,Online,2.5,167.39
7349,6843,E,3,453.0,2023-05-08,Norte,Mayorista,3.9,219.66
7350,152,B,11,290.56,2024-01-31,Sur,Mayorista,3.5,136.03
7351,1873,D,8,335.2,2023-07-30,Centro,Mayorista,2.5,129.31
7352,8806,A,6,278.29,2024-01-30,Norte,Mayorista,4.4,108.01
7353,7598,C,4,7.01,2023-04-24,Este,Mayorista,13.7,2.57
7354,9568,D,17,87.03,2023-04-24,Sur,Tienda,1.0,53.03
7355,5487,B,7,39.73,2023-11-28,Centro,Online,8.5,14.97
7356,3267,C,16,343.51,2023-06-12,Sur,Distribuidor,4.5,236.95
7357,3548,E,9,386.55,2023-04-14,Este,Mayorista,14.8,208.5
7358,10393,C,19,208.51,2024-01-06,Norte,Online,7.8,124.39
7359,3869,B,14,34.3,2023-02-22,Norte,Online,6.4,21.36
7360,8673,A,11,305.24,2023-07-15,Oeste,Mayorista,13.3,190.3
7361,5225,D,10,352.5,2023-08-08,Centro,Mayorista,3.7,143.51
7362,3333,D,12,479.7,2023-05-10,Centro,Tienda,2.3,179.72
7363,5655,B,12,404.39,2023-06-22,Oeste,Tienda,4.5,185.03
7364,8431,C,4,197.12,2023-10-21,Centro,Online,6.3,125.27
7365,8054,E,6,244.55,2023-04-11,Centro,Online,0.2,74.7
7366,4991,C,12,438.54,2023-09-10,Centro,Tienda,9.5,242.2
7367,2524,C,13,142.96,2023-08-28,Este,Tienda,0.9,87.8
7368,6017,A,12,207.24,2023-09-26,Este,Distribuidor,4.4,105.75
7369,172,A,14,393.49,2023-08-25,Centro,Distribuidor,11.9,201.43
7370,2615,E,4,81.68,2023-08-07,Sur,Online,4.0,55.93
7371,917,A,3,343.19,2023-05-14,Oeste,Online,14.1,176.64
7372,8464,D,0,186.58,2023-06-29,Norte,Mayorista,3.5,58.27
7373,525,E,12,141.25,2023-04-10,Este,Distribuidor,2.7,86.06
7374,7541,C,12,288.58,2023-07-24,Centro,Tienda,13.9,178.01
7375,4305,E,10,252.28,2023-10-21,Norte,Tienda,3.3,115.32
7376,6925,A,13,204.5,2023-10-31,Sur,Online,3.2,97.36
7377,6597,B,5,65.44,2023-09-06,Oeste,Distribuidor,3.9,30.61
7378,1394,D,16,317.77,2023-03-13,Sur,Mayorista,14.9,188.4
7379,9573,C,17,172.57,2023-04-04,Sur,Online,3.0,120.23
7380,5558,C,20,205.49,2023-05-26,Sur,Tienda,12.9,87.59
7381,3226,C,11,194.34,2023-07-07,Norte,Online,13.2,103.81
7382,7693,E,9,227.73,2023-04-25,Norte,Online,13.2,99.08
7383,9318,B,11,243.66,2023-11-18,Este,Tienda,2.2,91.89
7384,9824,C,2,454.86,2023-01-24,Sur,Distribuidor,2.6,243.62
7385,4454,C,2,199.22,2023-08-09,Este,Distribuidor,14.6,109.9
7386,3984,B,19,143.76,2023-11-27,Sur,Online,8.2,56.58
7387,8257,C,12,118.28,2023-03-20,Centro,Tienda,7.8,58.41
7388,6097,A,20,149.56,2023-02-15,Oeste,Online,6.0,71.92
7389,2808,A,7,417.08,2024-01-19,Norte,Online,6.6,220.78
7390,10170,C,4,203.74,2023-04-27,Sur,Mayorista,4.6,111.84
7391,6099,D,15,292.04,2024-01-11,Oeste,Tienda,10.2,182.0
7392,1517,B,1,480.5,2023-03-01,Este,Online,10.9,311.1
7393,8053,D,11,75.46,2023-08-25,Norte,Tienda,5.7,39.55
7394,5863,E,16,33.17,2023-03-13,Norte,Distribuidor,7.7,18.17
7395,7246,A,18,25.79,2023-07-16,Norte,Mayorista,10.4,10.59
7396,5118,A,13,245.91,2023-01-10,Centro,Online,8.0,135.33
7397,123,A,2,263.68,2023-03-12,Oeste,Online,9.9,155.19
7398,10059,C,19,284.14,2023-01-14,Sur,Online,0.2,184.29
7399,3002,B,9,264.93,2023-02-08,Sur,Online,0.6,173.56
7400,1597,C,5,103.96,2023-04-28,Centro,Online,11.1,41.13
7401,4951,B,18,238.46,2023-08-20,Norte,Distribuidor,0.8,96.28
7402,2209,A,12,323.25,2023-03-26,Norte,Mayorista,13.7,108.83
7403,6924,A,14,476.09,2023-04-14,Sur,Mayorista,14.0,207.24
7404,759,D,6,84.1,2023-03-22,Sur,Distribuidor,2.3,51.93
7405,8774,A,17,67.92,2023-02-20,Centro,Mayorista,2.3,37.34
7406,7672,D,5,414.42,2023-04-26,Centro,Tienda,10.9,260.43
7407,2253,E,16,402.36,2023-03-24,Norte,Mayorista,9.7,196.31
7408,6469,A,1,105.75,2023-04-26,Oeste,Mayorista,11.2,49.41
7409,8422,A,8,395.07,2023-01-31,Oeste,Online,14.5,190.85
7410,4204,A,18,48.66,2023-02-25,Centro,Tienda,8.1,24.77
7411,3653,D,3,223.07,2023-01-08,Centro,Distribuidor,10.9,132.14
7412,6058,E,9,63.56,2023-07-15,Norte,Distribuidor,7.7,29.66
7413,1098,E,10,429.15,2023-06-15,Centro,Distribuidor,10.7,214.73
7414,2933,B,3,53.17,2023-09-02,Este,Online,5.3,33.18
7415,1988,A,7,140.3,2023-06-21,Norte,Mayorista,12.7,57.13
7416,6742,B,15,203.74,2023-11-09,Este,Tienda,13.4,121.95
7417,7890,A,7,249.11,2023-03-09,Oeste,Online,7.1,79.81
7418,6825,C,19,481.35,2023-02-20,Oeste,Distribuidor,1.8,301.23
7419,5804,A,0,263.41,2023-01-18,Norte,Distribuidor,8.6,169.99
7420,6092,D,14,196.73,2023-09-18,Este,Mayorista,11.5,77.72
7421,1651,C,18,56.56,2023-12-16,Oeste,Distribuidor,14.3,27.08
7422,1622,E,3,27.34,2023-08-08,Sur,Tienda,10.2,12.96
7423,215,E,19,479.81,2023-08-30,Norte,Online,10.0,332.8
7424,8218,E,8,360.89,2023-07-22,Este,Tienda,5.0,136.42
7425,5763,E,12,408.79,2023-11-06,Este,Distribuidor,4.4,248.32
7426,1392,A,6,245.06,2023-12-09,Oeste,Online,0.7,113.59
7427,7297,B,7,155.47,2023-11-13,Sur,Online,0.2,93.18
7428,4554,D,6,179.15,2023-05-16,Este,Tienda,1.9,108.19
7429,4946,C,9,106.13,2023-12-01,Este,Tienda,2.0,50.99
7430,5787,A,4,125.81,2023-10-23,Sur,Distribuidor,14.6,50.66
7431,7654,A,2,196.69,2023-01-01,Este,Distribuidor,11.4,124.3
7432,7989,B,0,396.94,2023-01-06,Oeste,Mayorista,11.2,173.05
7433,1635,E,18,133.86,2023-08-22,Sur,Online,13.3,86.43
7434,2993,D,3,431.0,2023-06-14,Sur,Tienda,0.4,232.63
7435,4238,A,19,420.67,2023-08-22,Oeste,Distribuidor,7.3,168.85
7436,6338,A,15,140.46,2023-07-11,Oeste,Tienda,5.9,57.93
7437,262,A,20,25.0,2024-01-10,Centro,Distribuidor,11.5,9.26
7438,6834,C,11,145.15,2023-07-18,Sur,Mayorista,13.0,58.52
7439,2636,D,0,200.49,2023-04-24,Norte,Mayorista,3.8,134.38
7440,7645,B,20,463.73,2023-09-23,Este,Mayorista,5.1,285.42
7441,2231,A,13,315.43,2023-01-17,Sur,Distribuidor,9.0,215.77
7442,6642,E,4,402.05,2024-02-04,Centro,Distribuidor,5.2,227.13
7443,7043,D,1,430.47,2023-04-01,Centro,Mayorista,9.8,229.16
7444,3429,D,19,316.53,2023-07-10,Norte,Online,8.8,200.69
7445,23,C,15,199.65,2023-05-05,Oeste,Mayorista,8.7,96.79
7446,3363,D,19,45.68,2023-10-07,Sur,Online,4.7,29.5
7447,2380,B,2,41.1,2023-03-02,Este,Tienda,5.5,24.98
7448,9330,B,9,140.96,2023-09-27,Centro,Tienda,0.6,81.83
7449,6707,E,7,127.98,2024-01-09,Centro,Online,0.7,47.12
7450,7789,A,13,242.3,2023-03-17,Sur,Mayorista,13.7,96.47
7451,1470,E,10,175.46,2023-05-21,Este,Tienda,1.3,68.65
7452,3425,D,1,191.89,2023-01-05,Oeste,Distribuidor,10.6,67.14
7453,1136,B,8,117.9,2023-08-31,Oeste,Online,13.7,41.29
7454,7057,D,7,371.57,2024-01-15,Sur,Mayorista,11.0,202.52
7455,6484,A,11,216.55,2023-04-15,Norte,Mayorista,1.2,84.16
7456,45,D,15,480.71,2023-08-15,Sur,Tienda,11.9,147.38
7457,7609,B,15,101.16,2023-05-02,Este,Online,10.3,31.37
7458,3375,C,19,9.88,2023-11-23,Norte,Online,4.2,6.15
7459,1430,C,15,333.31,2023-12-26,Este,Online,6.0,183.45
7460,2902,E,12,424.23,2023-11-12,Centro,Mayorista,5.1,279.0
7461,3514,D,20,236.25,2023-08-06,Centro,Mayorista,14.9,111.23
7462,9354,D,9,440.19,2023-05-16,Norte,Tienda,0.3,180.55
7463,2734,C,3,5.91,2023-09-20,Este,Online,6.2,3.76
7464,4288,E,10,129.34,2023-03-23,Centro,Distribuidor,5.4,71.0
7465,6873,B,4,481.24,2023-12-09,Sur,Mayorista,1.5,299.64
7466,4235,D,18,382.02,2023-03-02,Norte,Distribuidor,10.2,130.63
7467,4878,B,19,103.51,2023-12-01,Norte,Mayorista,11.8,66.31
7468,4668,E,18,439.07,2023-04-21,Centro,Mayorista,2.9,183.72
7469,6865,C,2,99.72,2023-08-16,Oeste,Mayorista,0.4,60.23
7470,189,D,18,165.57,2023-11-02,Norte,Online,11.9,92.28
7471,1092,A,18,109.96,2023-08-30,Oeste,Online,8.2,37.34
7472,3199,A,20,205.83,2023-02-28,Sur,Distribuidor,9.2,101.26
7473,3418,D,0,282.68,2024-01-12,Norte,Tienda,1.4,126.33
7474,5694,D,10,449.25,2023-06-06,Centro,Distribuidor,6.5,188.65
7475,8424,C,8,259.54,2023-03-18,Norte,Online,1.0,125.23
7476,5992,E,16,446.81,2023-06-30,Sur,Distribuidor,6.5,188.03
7477,7982,B,4,226.78,2023-01-30,Este,Tienda,2.8,98.19
7478,1825,A,1,31.45,2023-01-07,Sur,Mayorista,3.1,13.91
7479,1625,B,13,121.44,2023-12-16,Sur,Tienda,7.0,60.37
7480,6851,A,2,114.21,2023-11-17,Oeste,Tienda,10.0,52.29
7481,3212,A,17,370.37,2023-10-22,Norte,Online,12.7,153.91
7482,8984,B,12,111.78,2023-12-31,Norte,Distribuidor,3.7,77.39
7483,2731,A,7,345.87,2023-08-10,Este,Tienda,7.2,167.13
7484,2903,A,3,150.66,2023-09-09,Norte,Online,7.8,87.61
7485,8850,A,16,213.84,2023-09-06,Este,Distribuidor,11.4,123.62
7486,4342,B,10,487.16,2023-06-15,Sur,Tienda,10.0,320.28
7487,9342,A,8,117.87,2023-05-07,Este,Tienda,8.0,60.37
7488,10273,A,1,380.92,2023-08-23,Oeste,Mayorista,7.5,131.27
7489,7631,C,20,302.87,2023-05-13,Norte,Mayorista,14.2,168.31
7490,1250,E,19,149.88,2023-11-27,Oeste,Online,5.5,63.73
7491,6022,B,7,84.46,2023-08-13,Este,Online,5.5,55.1
7492,4659,B,5,76.53,2023-03-07,Norte,Distribuidor,8.8,35.22
7493,6995,E,1,404.07,2024-02-02,Este,Tienda,12.6,124.57
7494,3117,E,3,337.14,2023-07-27,Sur,Tienda,2.4,172.34
7495,1245,C,11,270.12,2023-03-07,Centro,Tienda,1.3,138.63
7496,2263,B,19,207.7,2023-08-31,Oeste,Distribuidor,2.3,84.82
7497,4815,E,16,28.21,2023-04-07,Oeste,Mayorista,5.8,11.0
7498,1827,A,9,436.31,2023-02-13,Centro,Mayorista,6.3,238.66
7499,501,B,11,349.55,2024-01-06,Sur,Online,7.9,194.67
7500,3916,D,19,260.9,2023-04-26,Sur,Mayorista,11.7,134.04
7501,4399,D,12,423.93,2023-08-08,Este,Mayorista,14.2,259.78
7502,7197,A,8,269.0,2023-11-08,Oeste,Distribuidor,6.6,130.7
7503,4427,B,9,246.7,2023-03-07,Oeste,Online,4.2,162.71
7504,2044,B,17,43.76,2023-07-14,Sur,Online,14.9,21.96
7505,4057,E,11,202.27,2023-06-03,Oeste,Distribuidor,10.4,87.96
7506,3432,C,11,305.79,2023-01-29,Centro,Online,7.4,207.34
7507,966,A,10,386.8,2023-05-16,Norte,Distribuidor,11.5,268.3
7508,1257,B,3,216.73,2023-03-12,Este,Tienda,5.8,69.09
7509,1000,C,4,316.71,2023-12-11,Sur,Mayorista,4.9,158.37
7510,9550,C,17,151.57,2023-01-12,Oeste,Online,1.6,66.78
7511,6258,C,16,419.12,2024-01-01,Sur,Online,10.5,161.93
7512,1368,D,2,469.64,2023-05-29,Este,Distribuidor,7.2,294.64
7513,6450,E,5,283.94,2023-03-14,Este,Tienda,5.8,184.41
7514,4707,A,4,88.08,2023-03-25,Centro,Mayorista,3.6,34.07
7515,439,B,19,103.68,2023-05-16,Este,Online,5.1,72.35
7516,6784,E,19,198.4,2023-10-27,Oeste,Online,1.7,136.65
7517,6681,B,20,483.13,2024-01-08,Sur,Mayorista,5.2,295.4
7518,6670,C,0,459.82,2023-09-22,Centro,Mayorista,11.1,221.76
7519,4548,E,20,433.73,2023-09-14,Este,Online,14.2,150.34
7520,1394,E,19,407.74,2023-04-01,Centro,Mayorista,9.0,206.5
7521,5931,E,15,205.97,2023-03-16,Sur,Distribuidor,10.5,110.0
7522,286,D,17,370.5,2023-08-07,Norte,Tienda,5.2,151.49
7523,8,D,11,450.9,2023-08-07,Sur,Distribuidor,14.0,210.67
7524,1552,D,17,61.16,2023-10-28,Sur,Online,2.6,19.09
7525,4790,C,4,77.29,2023-09-06,Oeste,Online,11.2,53.87
7526,7821,D,14,211.11,2023-01-24,Oeste,Mayorista,13.4,129.36
7527,8658,A,8,41.69,2024-01-31,Oeste,Online,8.0,28.64
7528,5512,C,9,71.48,2023-03-30,Este,Tienda,14.4,24.3
7529,1104,A,20,235.08,2023-06-10,Centro,Tienda,10.8,147.13
7530,6860,C,17,65.58,2023-07-16,Sur,Tienda,1.4,30.51
7531,1568,A,10,151.98,2024-01-18,Oeste,Distribuidor,1.9,68.84
7532,2249,D,19,210.45,2023-02-27,Oeste,Online,4.7,78.23
7533,3692,C,2,77.95,2023-03-22,Sur,Online,5.2,40.03
7534,1113,A,12,138.1,2023-10-29,Norte,Mayorista,3.8,70.23
7535,3571,D,10,260.39,2023-11-14,Este,Tienda,10.8,161.12
7536,3832,B,17,117.43,2023-05-18,Centro,Mayorista,1.6,62.5
7537,3298,E,2,433.55,2023-06-06,Centro,Online,13.4,151.15
7538,8793,D,11,444.1,2023-06-25,Este,Mayorista,3.2,188.32
7539,6966,D,11,81.73,2024-01-13,Norte,Online,11.1,34.58
7540,6249,E,20,80.92,2023-12-24,Sur,Mayorista,4.4,36.42
7541,3394,A,4,41.82,2023-02-16,Sur,Distribuidor,8.6,16.46
7542,4477,D,4,468.31,2023-08-29,Sur,Mayorista,8.8,141.61
7543,5575,C,7,437.95,2023-04-06,Norte,Online,2.7,231.6
7544,9482,D,4,480.45,2023-12-15,Oeste,Online,4.3,304.22
7545,9007,E,10,45.8,2023-05-05,Norte,Tienda,0.3,17.08
7546,8715,D,18,117.95,2023-01-13,Oeste,Mayorista,12.8,75.56
7547,8954,E,7,45.67,2023-04-03,Sur,Mayorista,4.1,28.25
7548,4593,C,5,468.08,2023-11-23,Centro,Tienda,8.5,189.07
7549,6257,B,13,463.41,2023-09-01,Este,Distribuidor,2.4,295.87
7550,1270,D,7,94.27,2023-03-18,Norte,Tienda,14.2,46.82
7551,6731,B,20,151.11,2023-06-04,Este,Distribuidor,11.1,54.47
7552,9082,C,18,317.73,2023-11-17,Sur,Online,8.3,123.77
7553,6267,E,14,102.12,2023-03-10,Sur,Tienda,11.1,39.55
7554,7413,C,17,220.69,2023-10-12,Sur,Online,12.6,143.94
7555,5842,B,4,118.62,2023-07-22,Este,Mayorista,6.3,81.72
7556,453,A,2,324.34,2023-05-08,Sur,Online,4.9,205.23
7557,2857,C,6,482.92,2023-02-20,Sur,Mayorista,7.9,335.81
7558,5639,E,19,436.95,2024-01-09,Norte,Online,13.3,271.61
7559,3758,D,14,332.99,2023-09-12,Norte,Distribuidor,14.2,224.03
7560,4947,E,12,92.72,2024-01-15,Norte,Online,9.6,33.04
7561,7890,B,10,50.22,2023-01-03,Sur,Tienda,5.8,32.21
7562,10161,A,7,100.73,2024-01-28,Sur,Tienda,6.2,54.02
7563,3533,C,16,328.15,2023-04-11,Sur,Tienda,7.6,166.94
7564,5981,D,9,252.18,2023-01-28,Oeste,Distribuidor,0.1,110.69
7565,227,B,12,194.86,2023-08-18,Sur,Distribuidor,4.9,111.82
7566,1,A,18,467.41,2023-08-01,Este,Tienda,3.6,325.67
7567,8024,D,18,485.83,2023-06-19,Este,Tienda,13.0,183.23
7568,10000,D,19,137.14,2023-08-25,Centro,Mayorista,9.1,77.21
7569,5972,D,7,297.43,2023-09-18,Sur,Mayorista,14.8,201.31
7570,4721,A,6,424.04,2023-09-29,Norte,Online,1.1,259.5
7571,3164,B,18,16.34,2023-06-14,Oeste,Distribuidor,13.7,10.52
7572,6319,D,3,355.03,2023-12-10,Este,Mayorista,3.6,202.26
7573,7010,A,6,27.65,2023-04-09,Norte,Distribuidor,3.5,14.54
7574,5938,E,3,296.67,2023-11-16,Centro,Distribuidor,1.3,125.04
7575,3186,E,15,108.82,2023-04-15,Norte,Distribuidor,8.1,34.54
7576,7168,B,6,203.53,2023-07-08,Oeste,Distribuidor,2.2,84.77
7577,8740,E,19,430.71,2023-10-12,Centro,Online,14.3,138.54
7578,9345,D,3,64.55,2023-01-08,Centro,Tienda,13.3,28.31
7579,3408,E,19,11.09,2023-07-25,Este,Mayorista,2.9,6.54
7580,5220,C,1,120.6,2023-11-22,Oeste,Distribuidor,5.7,62.75
7581,543,A,20,425.33,2023-12-19,Norte,Distribuidor,3.0,254.57
7582,10144,C,15,17.02,2023-01-28,Norte,Online,3.4,7.72
7583,6233,E,9,477.36,2023-03-21,Oeste,Mayorista,12.4,319.19
7584,2827,B,13,27.84,2023-07-16,Oeste,Tienda,14.5,9.2
7585,7339,C,18,432.25,2023-07-16,Este,Online,8.6,231.87
7586,4867,D,6,435.56,2023-12-30,Oeste,Online,0.9,145.24
7587,5292,E,20,452.57,2023-09-28,Oeste,Distribuidor,13.0,299.65
7588,3271,D,1,203.6,2023-03-18,Este,Tienda,2.8,129.57
7589,4935,C,20,333.0,2023-04-13,Oeste,Distribuidor,0.8,162.68
7590,5248,B,4,395.4,2023-11-16,Sur,Online,7.1,272.05
7591,2807,E,15,472.87,2023-08-16,Este,Distribuidor,0.1,195.07
7592,5089,B,7,303.64,2023-01-28,Sur,Online,7.3,176.36
7593,5262,D,16,321.93,2023-07-20,Oeste,Distribuidor,0.2,223.26
7594,2789,E,2,315.3,2023-10-06,Sur,Tienda,8.5,120.24
7595,10068,A,4,220.96,2023-08-11,Este,Distribuidor,12.8,110.81
7596,8456,E,16,312.5,2024-01-17,Sur,Online,12.7,138.59
7597,6480,E,3,314.48,2023-03-30,Norte,Tienda,10.0,171.84
7598,8133,C,2,478.95,2023-04-24,Centro,Online,5.6,329.87
7599,5174,D,8,116.26,2024-02-05,Norte,Distribuidor,8.9,36.42
7600,5545,B,0,129.33,2023-06-22,Sur,Tienda,14.8,57.22
7601,9510,E,9,142.63,2023-02-13,Oeste,Online,5.9,67.75
7602,9653,A,15,193.18,2023-08-14,Centro,Mayorista,5.3,106.56
7603,4457,C,19,302.93,2023-05-27,Este,Distribuidor,7.2,122.08
7604,3336,E,8,173.93,2023-05-28,Este,Online,3.5,92.83
7605,2179,E,15,397.72,2023-09-16,Este,Online,6.2,195.26
7606,4008,E,18,219.38,2023-03-20,Centro,Mayorista,2.0,110.69
7607,8089,A,9,41.59,2023-04-23,Sur,Mayorista,9.2,23.67
7608,8948,E,19,75.43,2023-05-11,Sur,Distribuidor,5.5,36.63
7609,8433,D,19,134.74,2023-03-18,Norte,Online,14.4,73.06
7610,5445,C,7,283.73,2023-08-09,Centro,Distribuidor,4.4,175.18
7611,8875,E,6,189.47,2023-04-26,Norte,Online,6.9,69.96
7612,6265,D,14,10.2,2023-04-07,Norte,Mayorista,4.5,5.92
7613,9829,E,17,284.31,2024-01-25,Norte,Distribuidor,1.4,162.32
7614,814,A,3,181.32,2023-04-09,Sur,Distribuidor,14.6,96.68
7615,7975,A,0,137.16,2023-01-24,Este,Online,1.6,79.28
7616,9959,A,4,374.03,2023-12-22,Norte,Tienda,11.0,192.38
7617,8951,E,11,115.68,2023-08-25,Norte,Online,11.0,43.92
7618,3478,D,2,473.77,2023-08-27,Este,Tienda,1.5,305.55
7619,9481,D,15,215.44,2023-03-07,Este,Distribuidor,4.9,122.41
7620,3625,A,13,214.64,2023-11-21,Este,Tienda,6.9,91.96
7621,4138,E,0,410.41,2023-03-25,Este,Tienda,6.2,221.62
7622,1585,C,7,379.0,2023-04-28,Sur,Mayorista,14.0,158.28
7623,5108,E,7,444.15,2023-11-19,Este,Tienda,7.1,281.53
7624,7851,E,2,136.89,2023-05-22,Sur,Distribuidor,12.3,66.86
7625,3969,E,9,272.76,2023-08-16,Oeste,Mayorista,3.1,99.27
7626,10088,A,1,393.58,2023-08-15,Norte,Distribuidor,8.2,272.01
7627,4829,C,17,242.66,2023-01-17,Oeste,Distribuidor,2.8,130.41
7628,2240,D,1,343.29,2023-03-23,Oeste,Online,7.0,155.78
7629,5945,C,10,146.46,2023-06-07,Este,Mayorista,5.4,70.45
7630,1476,B,20,107.39,2023-03-13,Centro,Mayorista,1.2,38.98
7631,8814,D,15,374.44,2023-07-11,Sur,Mayorista,4.7,153.99
7632,8808,A,14,157.73,2024-01-30,Centro,Online,1.4,88.6
7633,7752,D,5,213.64,2023-11-24,Norte,Mayorista,7.6,120.76
7634,1645,D,5,484.51,2023-09-06,Norte,Tienda,7.2,259.22
7635,5970,C,3,229.68,2023-07-14,Sur,Tienda,9.9,75.49
7636,1294,D,18,278.0,2024-01-03,Norte,Online,0.1,191.91
7637,5337,B,1,14.45,2023-11-20,Oeste,Mayorista,11.3,7.85
7638,5452,A,11,219.12,2023-09-19,Oeste,Tienda,6.8,129.59
7639,8159,C,16,157.54,2023-06-02,Este,Tienda,14.2,101.88
7640,7477,C,14,27.89,2023-10-23,Sur,Mayorista,10.0,11.82
7641,6295,D,4,368.69,2023-08-16,Oeste,Mayorista,3.9,256.01
7642,1633,A,7,383.44,2023-08-22,Centro,Online,5.7,130.16
7643,3009,E,18,345.94,2023-05-13,Centro,Mayorista,11.1,144.08
7644,2414,C,11,347.75,2023-08-09,Sur,Mayorista,6.5,153.89
7645,2545,C,0,145.18,2023-03-31,Norte,Distribuidor,9.6,57.7
7646,7340,E,6,403.21,2023-09-25,Oeste,Online,1.3,132.36
7647,6067,A,19,210.04,2023-06-25,Sur,Mayorista,3.9,127.8
7648,4565,B,7,230.64,2023-12-11,Oeste,Online,0.2,82.71
7649,2216,C,7,164.88,2023-10-12,Norte,Online,5.0,92.77
7650,5183,B,17,208.41,2023-07-29,Sur,Online,14.5,73.24
7651,830,D,0,491.82,2023-08-27,Sur,Tienda,10.0,151.23
7652,9024,A,3,54.53,2023-12-10,Norte,Mayorista,8.3,26.58
7653,2336,C,18,472.79,2023-03-23,Norte,Online,2.6,159.67
7654,5769,C,2,305.29,2023-07-19,Este,Mayorista,7.9,142.45
7655,2599,D,8,301.07,2023-01-10,Sur,Tienda,3.5,185.42
7656,9050,B,4,467.66,2023-11-02,Sur,Mayorista,0.3,285.59
7657,8335,C,3,168.95,2023-05-03,Norte,Distribuidor,13.3,107.92
7658,1116,C,9,125.44,2023-01-07,Este,Distribuidor,3.0,43.34
7659,8241,D,17,204.22,2023-07-28,Oeste,Distribuidor,3.7,83.4
7660,2906,C,17,282.83,2023-08-15,Este,Tienda,13.9,102.53
7661,7341,A,15,202.77,2023-11-27,Sur,Tienda,5.6,63.45
7662,7949,E,4,194.8,2023-11-20,Este,Distribuidor,3.7,134.98
7663,7733,B,5,79.09,2023-11-03,Sur,Distribuidor,10.2,32.07
7664,8556,B,16,440.78,2023-01-04,Centro,Mayorista,10.8,198.5
7665,7236,E,1,80.45,2023-01-25,Norte,Tienda,8.9,52.78
7666,1801,D,6,102.22,2023-05-30,Sur,Online,10.9,51.61
7667,19,A,20,96.23,2023-01-04,Centro,Distribuidor,7.7,28.94
7668,4295,C,20,359.61,2023-07-11,Centro,Distribuidor,10.0,226.77
7669,4055,D,17,357.54,2023-05-20,Oeste,Tienda,9.8,189.68
7670,504,A,6,390.0,2023-07-08,Centro,Mayorista,11.6,137.58
7671,6749,B,8,37.39,2024-01-26,Centro,Online,8.3,12.9
7672,1186,B,19,160.77,2023-05-23,Oeste,Tienda,11.3,54.08
7673,9675,D,20,265.59,2023-04-06,Centro,Mayorista,13.3,150.44
7674,4927,E,14,381.81,2024-01-26,Centro,Mayorista,1.1,247.4
7675,7890,E,4,249.17,2024-01-20,Oeste,Tienda,3.5,147.52
7676,6489,D,12,329.62,2023-08-27,Centro,Tienda,2.6,200.06
7677,6873,E,19,238.09,2023-10-06,Centro,Online,10.2,86.39
7678,7736,D,2,402.68,2023-12-03,Norte,Distribuidor,6.8,280.03
7679,7152,C,10,422.1,2023-09-16,Oeste,Distribuidor,2.2,228.82
7680,1088,E,10,260.03,2023-12-27,Sur,Distribuidor,12.4,92.9
7681,3578,C,7,302.64,2023-10-29,Este,Tienda,0.8,177.21
7682,562,D,20,264.55,2023-09-09,Oeste,Mayorista,4.8,179.39
7683,9468,E,7,311.55,2024-01-27,Oeste,Online,11.9,95.91
7684,9699,B,11,98.79,2023-03-30,Centro,Distribuidor,1.5,32.06
7685,9309,C,15,45.36,2023-12-09,Sur,Online,11.3,17.28
7686,8272,B,18,358.96,2023-01-04,Centro,Online,7.4,228.58
7687,1026,D,5,433.63,2023-08-29,Centro,Tienda,10.4,244.22
7688,5716,E,1,296.02,2023-09-20,Este,Online,13.6,110.83
7689,10013,B,6,9.05,2023-10-22,Oeste,Tienda,2.1,3.02
7690,4068,A,14,41.12,2023-10-05,Oeste,Tienda,11.1,22.19
7691,859,D,17,240.72,2023-08-23,Norte,Mayorista,8.1,154.66
7692,6993,C,2,329.59,2024-01-25,Este,Mayorista,5.3,225.21
7693,10229,C,10,494.41,2024-01-20,Norte,Tienda,14.5,233.7
7694,8084,E,9,257.24,2023-07-18,Centro,Distribuidor,8.8,142.43
7695,6291,E,5,257.94,2023-08-24,Centro,Distribuidor,4.0,107.79
7696,4049,D,0,334.07,2023-02-10,Centro,Mayorista,0.1,158.14
7697,7933,D,15,206.91,2023-02-04,Centro,Distribuidor,14.6,88.05
7698,3760,C,6,478.07,2023-11-10,Este,Distribuidor,7.3,220.93
7699,2791,E,4,181.78,2024-01-17,Oeste,Mayorista,2.8,115.33
7700,8515,D,16,454.62,2023-05-22,Oeste,Online,2.2,205.01
7701,3322,D,9,181.43,2023-02-13,Sur,Distribuidor,10.3,98.15
7702,5261,B,3,65.44,2023-06-07,Oeste,Online,5.3,25.66
7703,4136,A,15,356.58,2023-12-15,Este,Online,9.7,187.47
7704,3099,A,17,45.63,2023-01-02,Norte,Online,3.1,15.21
7705,9947,D,0,42.92,2023-08-04,Centro,Mayorista,4.3,26.82
7706,8758,E,14,41.11,2023-02-02,Oeste,Online,0.5,22.03
7707,7946,C,20,428.51,2023-10-24,Oeste,Tienda,1.9,291.22
7708,5919,E,20,33.31,2023-11-08,Este,Online,0.7,19.67
7709,1069,B,8,70.37,2023-04-13,Este,Distribuidor,0.9,23.96
7710,9986,E,14,44.79,2023-03-27,Sur,Tienda,11.1,17.71
7711,7800,E,5,405.51,2023-01-12,Oeste,Tienda,5.6,212.81
7712,615,C,13,332.05,2023-02-09,Centro,Mayorista,10.4,100.95
7713,3701,B,6,420.36,2023-01-21,Sur,Online,7.1,270.89
7714,4025,B,9,7.31,2024-01-19,Norte,Tienda,14.0,3.59
7715,3497,E,17,138.01,2023-11-30,Este,Mayorista,4.1,74.78
7716,100,B,10,247.53,2023-05-22,Norte,Tienda,15.0,78.97
7717,7262,A,9,322.21,2023-01-04,Oeste,Mayorista,13.8,170.14
7718,2155,D,16,12.19,2023-01-26,Oeste,Mayorista,2.3,5.91
7719,10441,A,4,316.48,2023-01-30,Centro,Tienda,12.0,125.95
7720,6949,B,1,272.37,2023-08-31,Este,Distribuidor,4.2,144.2
7721,1159,D,16,419.46,2023-08-06,Sur,Distribuidor,13.9,254.44
7722,7050,E,20,52.5,2023-04-19,Centro,Mayorista,13.4,31.07
7723,3847,D,13,238.72,2023-10-06,Centro,Distribuidor,13.6,131.15
7724,1315,C,8,91.24,2023-08-22,Oeste,Mayorista,2.4,29.43
7725,7625,D,9,330.17,2023-01-27,Sur,Online,4.3,155.55
7726,4579,D,15,363.34,2024-01-30,Centro,Distribuidor,4.2,168.42
7727,9025,D,4,110.55,2024-02-03,Este,Tienda,12.3,46.78
7728,1048,D,8,472.02,2023-08-17,Oeste,Mayorista,14.2,207.06
7729,9635,E,18,107.17,2023-01-08,Sur,Mayorista,10.6,44.13
7730,988,D,6,143.84,2023-10-11,Centro,Mayorista,2.8,68.39
7731,700,E,14,136.39,2023-12-10,Sur,Distribuidor,2.2,62.12
7732,4405,B,11,321.15,2023-07-18,Sur,Tienda,7.6,182.87
7733,2202,A,16,434.19,2024-01-12,Este,Mayorista,2.2,256.91
7734,1450,E,7,129.48,2023-08-29,Sur,Mayorista,5.6,72.97
7735,566,E,12,204.72,2023-09-01,Sur,Mayorista,8.0,73.54
7736,7601,A,8,117.66,2023-01-24,Centro,Mayorista,5.3,75.89
7737,942,A,6,299.86,2023-10-05,Sur,Tienda,7.9,180.69
7738,8737,C,10,319.72,2023-07-17,Este,Mayorista,2.2,150.85
7739,5746,C,13,234.82,2023-09-03,Este,Distribuidor,4.1,100.11
7740,694,C,17,41.81,2024-02-01,Sur,Distribuidor,3.1,27.6
7741,3507,C,15,231.77,2023-09-20,Oeste,Online,10.8,84.46
7742,9888,D,19,149.11,2023-11-30,Norte,Tienda,8.1,67.24
7743,8040,C,6,187.08,2023-07-07,Sur,Distribuidor,13.1,89.55
7744,10182,E,11,361.68,2023-10-01,Sur,Online,10.3,239.8
7745,2756,C,18,198.98,2023-07-22,Centro,Distribuidor,13.7,67.34
7746,4839,D,7,191.07,2023-01-22,Oeste,Online,12.7,85.53
7747,6646,B,16,402.81,2023-01-08,Centro,Tienda,8.0,141.08
7748,2496,D,15,229.46,2023-10-08,Norte,Tienda,7.0,141.93
7749,8155,B,5,40.25,2023-09-30,Sur,Tienda,12.1,12.18
7750,974,E,3,139.96,2023-11-18,Centro,Tienda,4.9,93.31
7751,980,D,6,486.68,2023-07-21,Este,Online,6.6,241.5
7752,2646,B,11,41.91,2023-03-20,Centro,Mayorista,6.8,13.63
7753,6531,A,16,30.12,2023-03-28,Norte,Tienda,8.0,20.26
7754,3599,B,16,163.81,2023-12-02,Sur,Distribuidor,10.8,52.25
7755,1620,C,12,381.22,2023-03-15,Este,Online,12.0,205.93
7756,2738,D,10,248.84,2023-04-14,Oeste,Mayorista,4.4,118.2
7757,2128,C,7,144.12,2023-07-10,Este,Mayorista,6.2,91.02
7758,1299,B,16,153.1,2023-11-05,Centro,Distribuidor,4.9,101.77
7759,5645,B,7,348.2,2024-01-04,Este,Mayorista,10.8,195.37
7760,2975,E,14,174.27,2023-03-02,Norte,Online,6.6,53.67
7761,6638,A,20,435.41,2023-03-30,Este,Distribuidor,12.5,277.48
7762,7088,E,0,171.56,2023-06-15,Centro,Mayorista,10.3,93.48
7763,1476,C,8,282.73,2023-03-07,Oeste,Online,11.0,147.54
7764,4809,C,7,101.16,2023-07-02,Este,Online,1.4,47.64
7765,4299,D,3,210.57,2023-03-31,Oeste,Online,3.3,120.78
7766,2210,E,14,204.27,2023-06-23,Sur,Mayorista,3.0,70.72
7767,5006,A,2,6.78,2023-09-10,Norte,Mayorista,12.5,3.4
7768,2379,D,14,314.14,2023-02-08,Centro,Online,6.6,154.41
7769,10191,C,12,254.89,2023-03-09,Sur,Online,1.7,153.07
7770,9272,D,6,289.93,2023-08-17,Este,Distribuidor,10.0,202.7
7771,7291,B,12,104.39,2023-08-22,Centro,Tienda,3.9,36.07
7772,2842,E,14,484.15,2023-05-24,Norte,Tienda,10.6,318.94
7773,7590,C,19,327.66,2023-07-07,Oeste,Online,1.4,126.26
7774,1067,B,7,302.51,2023-04-30,Oeste,Mayorista,2.6,96.73
7775,10344,C,4,229.69,2023-01-23,Oeste,Mayorista,8.6,149.49
7776,6624,D,8,451.26,2023-09-02,Sur,Tienda,12.2,217.07
7777,1475,A,10,446.74,2023-11-27,Centro,Tienda,10.0,240.47
7778,9177,D,19,257.3,2024-01-18,Oeste,Tienda,8.2,91.12
7779,4900,E,6,121.28,2023-11-29,Oeste,Online,14.9,74.41
7780,7757,A,10,231.73,2023-12-24,Norte,Online,10.2,75.61
7781,1204,E,6,472.38,2023-04-17,Centro,Mayorista,9.7,177.06
7782,3288,D,19,340.88,2024-01-21,Oeste,Tienda,12.3,121.75
7783,5459,A,15,156.75,2023-11-30,Centro,Distribuidor,14.0,71.11
7784,9208,A,17,266.67,2023-02-22,Norte,Tienda,6.7,129.8
7785,9527,E,8,309.05,2023-02-05,Sur,Mayorista,5.0,211.46
7786,10167,E,17,205.74,2023-10-13,Sur,Distribuidor,2.5,99.68
7787,9673,B,7,190.08,2023-11-16,Sur,Tienda,5.2,122.36
7788,1089,C,3,71.03,2023-11-01,Sur,Online,4.1,38.86
7789,10147,E,2,261.7,2023-11-18,Este,Mayorista,1.3,148.85
7790,8402,B,14,371.68,2023-01-01,Oeste,Online,0.2,209.83
7791,5798,C,15,48.24,2023-05-17,Este,Distribuidor,12.5,22.62
7792,10495,C,5,295.21,2024-01-14,Este,Mayorista,2.4,147.53
7793,9178,C,11,483.23,2023-04-26,Centro,Online,3.5,180.08
7794,5544,C,1,121.02,2023-02-04,Oeste,Tienda,0.2,71.44
7795,4934,B,8,290.35,2023-12-05,Centro,Mayorista,7.2,152.86
7796,8807,E,17,89.3,2023-07-15,Centro,Mayorista,5.3,44.65
7797,7710,E,5,391.51,2024-01-10,Centro,Tienda,1.7,157.78
7798,8976,D,6,384.05,2023-03-19,Centro,Online,10.4,202.15
7799,645,B,15,442.49,2023-02-23,Sur,Distribuidor,7.6,268.87
7800,515,A,6,336.09,2023-04-12,Centro,Tienda,6.0,167.8
7801,4232,A,11,126.32,2023-10-13,Norte,Mayorista,11.5,73.42
7802,8472,A,8,251.83,2024-01-31,Centro,Distribuidor,10.2,161.02
7803,560,C,6,255.42,2023-10-10,Norte,Online,2.0,117.19
7804,9104,C,16,260.75,2023-10-03,Este,Tienda,12.4,172.24
7805,378,C,12,200.78,2024-02-01,Sur,Online,4.6,101.27
7806,9832,B,4,340.52,2023-04-11,Este,Distribuidor,5.9,159.0
7807,4260,A,9,102.61,2023-09-19,Norte,Mayorista,14.4,66.34
7808,8968,D,12,302.12,2023-07-12,Oeste,Distribuidor,4.2,118.46
7809,7714,D,4,247.46,2023-12-25,Centro,Online,14.2,130.56
7810,10497,B,15,390.71,2024-02-02,Este,Tienda,9.7,246.48
7811,6253,E,11,167.41,2023-07-27,Oeste,Online,6.7,111.04
7812,1408,E,4,298.8,2023-11-06,Este,Mayorista,2.7,193.36
7813,9719,B,16,495.67,2023-08-26,Centro,Distribuidor,7.8,215.88
7814,5658,E,0,344.29,2023-03-22,Sur,Online,0.5,191.06
7815,3996,C,1,212.64,2023-02-20,Este,Mayorista,14.8,113.04
7816,2726,A,1,437.58,2023-06-04,Sur,Mayorista,7.2,230.22
7817,10486,B,13,170.86,2023-10-30,Sur,Online,7.8,63.95
7818,8846,B,10,164.69,2023-05-17,Centro,Mayorista,12.8,100.17
7819,1447,B,10,445.32,2023-10-28,Oeste,Distribuidor,4.1,148.47
7820,6226,A,3,234.47,2023-10-06,Norte,Mayorista,5.8,122.28
7821,1838,C,6,166.97,2023-12-01,Este,Tienda,11.0,110.44
7822,3946,B,14,302.94,2023-11-11,Sur,Mayorista,5.7,143.38
7823,4482,A,15,26.1,2023-05-19,Norte,Distribuidor,8.5,8.05
7824,3092,E,8,401.08,2023-07-23,Sur,Online,3.0,207.86
7825,8756,A,15,397.84,2023-06-02,Norte,Distribuidor,1.0,229.92
7826,9889,B,17,361.95,2023-02-04,Oeste,Distribuidor,7.2,206.99
7827,9997,C,13,165.75,2024-01-11,Este,Distribuidor,10.0,62.26
7828,9693,B,12,225.42,2023-07-10,Oeste,Distribuidor,0.7,126.32
7829,798,C,3,496.01,2023-04-21,Oeste,Mayorista,13.9,342.46
7830,414,D,0,151.2,2023-11-13,Norte,Mayorista,4.6,65.11
7831,1049,D,19,400.08,2023-02-28,Este,Distribuidor,7.0,235.05
7832,9680,E,18,496.08,2023-07-14,Norte,Online,14.0,196.22
7833,1360,A,18,30.5,2023-01-31,Oeste,Mayorista,5.7,16.9
7834,4376,A,11,90.21,2023-03-25,Este,Distribuidor,0.5,27.17
7835,5163,D,4,266.96,2023-11-04,Sur,Mayorista,6.2,151.86
7836,7143,B,4,159.5,2023-02-16,Oeste,Mayorista,3.0,74.08
7837,796,E,15,313.25,2023-06-18,Este,Tienda,3.7,159.49
7838,584,B,10,108.57,2023-11-24,Sur,Online,8.4,74.75
7839,9468,A,4,66.84,2023-01-07,Este,Mayorista,0.2,46.48
7840,4562,A,19,274.88,2023-01-28,Este,Distribuidor,11.2,155.7
7841,6660,E,0,47.9,2023-08-29,Sur,Online,2.6,27.63
7842,7469,D,0,485.0,2024-01-20,Este,Distribuidor,13.3,226.53
7843,6608,B,6,459.62,2023-03-31,Oeste,Tienda,10.4,197.68
7844,5083,A,3,253.41,2023-04-09,Norte,Online,12.3,100.89
7845,9937,B,18,186.9,2023-12-17,Oeste,Tienda,9.3,65.32
7846,5134,B,19,56.36,2023-06-26,Norte,Tienda,7.3,25.06
7847,7243,D,3,285.46,2023-05-06,Este,Online,7.0,127.74
7848,3573,A,0,434.28,2023-11-09,Este,Mayorista,11.1,166.84
7849,4708,E,5,307.45,2023-01-01,Centro,Mayorista,6.2,199.88
7850,3304,A,13,215.55,2023-09-02,Norte,Online,1.1,93.56
7851,1868,C,12,214.32,2023-01-12,Oeste,Mayorista,1.3,143.3
7852,3250,E,15,107.08,2023-12-10,Oeste,Online,10.1,61.73
7853,3527,A,2,181.09,2023-04-30,Norte,Tienda,10.5,65.52
7854,5079,B,8,5.04,2023-11-26,Oeste,Online,8.1,2.51
7855,8415,D,5,125.81,2023-11-20,Norte,Mayorista,4.2,44.87
7856,1548,C,2,18.65,2023-11-15,Sur,Tienda,0.4,9.94
7857,285,D,12,354.67,2023-01-01,Oeste,Mayorista,12.6,203.22
7858,8610,A,8,265.44,2023-12-22,Sur,Distribuidor,1.5,117.39
7859,10381,E,4,439.22,2023-01-12,Sur,Mayorista,0.6,234.12
7860,2000,A,19,164.81,2023-11-01,Este,Distribuidor,7.1,74.27
7861,5226,D,6,35.63,2024-01-13,Centro,Mayorista,12.1,20.98
7862,5475,D,15,70.77,2023-11-03,Oeste,Online,12.1,43.89
7863,6447,C,11,331.68,2023-04-30,Oeste,Online,14.4,137.04
7864,3303,A,10,140.95,2023-05-15,Norte,Tienda,3.5,75.42
7865,3218,B,4,136.13,2023-04-21,Este,Mayorista,10.0,45.88
7866,7334,B,15,218.26,2023-12-07,Este,Tienda,3.6,131.75
7867,1347,C,6,164.5,2023-06-05,Este,Distribuidor,6.6,106.23
7868,4608,E,14,150.69,2023-10-02,Este,Online,2.7,90.43
7869,6117,B,6,184.04,2023-10-16,Norte,Distribuidor,5.8,107.33
7870,510,B,3,386.71,2023-06-18,Centro,Tienda,14.4,117.6
7871,5860,C,8,320.63,2023-08-26,Este,Distribuidor,4.8,139.62
7872,8743,D,12,271.04,2023-10-25,Oeste,Distribuidor,8.9,188.88
7873,9360,E,8,440.67,2023-12-08,Sur,Tienda,9.2,277.62
7874,2338,C,1,135.01,2023-12-23,Sur,Mayorista,8.6,57.76
7875,655,A,17,90.55,2023-10-23,Oeste,Mayorista,1.4,42.33
7876,3864,D,6,202.59,2023-08-14,Centro,Online,5.2,84.21
7877,9517,A,15,128.25,2023-11-12,Norte,Tienda,13.3,78.49
7878,9775,A,8,62.6,2023-03-21,Centro,Tienda,4.1,32.76
7879,9668,E,14,167.99,2024-02-02,Sur,Tienda,5.9,81.38
7880,2222,D,0,88.49,2023-06-22,Sur,Distribuidor,5.1,44.49
7881,2179,D,1,329.46,2023-12-28,Este,Online,0.3,203.67
7882,4087,B,13,497.93,2023-03-13,Norte,Mayorista,9.1,335.82
7883,4710,E,18,23.54,2023-09-22,Sur,Mayorista,1.9,7.29
7884,7572,E,12,274.99,2023-09-05,Sur,Tienda,3.4,185.38
7885,1561,C,7,143.79,2023-11-19,Este,Mayorista,1.2,75.45
7886,2085,D,20,36.16,2023-09-13,Sur,Distribuidor,13.4,24.57
7887,2468,B,1,393.04,2023-03-29,Este,Tienda,7.3,273.62
7888,7994,E,1,41.64,2023-09-28,Este,Distribuidor,9.7,22.47
7889,9627,B,19,248.24,2023-11-12,Centro,Online,12.5,145.42
7890,707,B,13,87.43,2023-07-24,Sur,Online,10.8,41.72
7891,2561,C,12,473.71,2023-06-12,Centro,Tienda,14.1,196.86
7892,2527,A,8,465.74,2023-07-25,Este,Distribuidor,3.7,196.78
7893,8032,B,7,370.49,2023-07-27,Sur,Mayorista,9.0,120.56
7894,4136,C,2,100.09,2023-04-09,Centro,Distribuidor,12.7,38.92
7895,6550,D,14,415.11,2023-06-07,Sur,Tienda,5.0,176.41
7896,10267,B,18,144.12,2023-04-08,Sur,Online,6.5,57.74
7897,1339,B,19,297.65,2023-08-22,Norte,Online,0.1,202.49
7898,1364,A,12,337.02,2023-02-20,Sur,Mayorista,14.9,151.9
7899,7520,D,3,263.04,2023-09-18,Oeste,Mayorista,7.0,83.77
7900,8935,B,4,42.97,2024-01-19,Sur,Online,1.4,25.73
7901,8480,B,9,425.1,2023-04-14,Sur,Tienda,2.0,159.71
7902,1709,C,8,410.73,2023-06-11,Oeste,Mayorista,2.2,183.52
7903,8281,D,4,488.59,2023-06-08,Centro,Distribuidor,12.8,280.25
7904,1222,D,0,428.39,2023-02-11,Este,Online,1.7,237.47
7905,8408,B,11,327.35,2023-02-01,Centro,Mayorista,1.1,188.32
7906,1118,E,14,259.09,2023-08-06,Sur,Tienda,7.6,80.88
7907,5858,D,1,481.85,2023-10-06,Sur,Mayorista,7.2,336.95
7908,3454,E,10,485.39,2023-09-30,Centro,Distribuidor,9.9,327.4
7909,2495,A,0,60.2,2023-03-05,Este,Online,7.3,29.39
7910,10065,B,13,308.68,2024-01-06,Oeste,Distribuidor,10.7,173.79
7911,2906,B,6,146.53,2023-10-04,Sur,Tienda,13.0,63.88
7912,4135,C,1,143.05,2023-10-22,Norte,Mayorista,14.4,64.6
7913,991,C,5,258.87,2023-09-06,Este,Mayorista,13.8,80.69
7914,4142,A,2,397.95,2023-05-17,Este,Online,13.0,167.71
7915,2392,C,16,231.74,2023-10-13,Norte,Online,7.7,103.89
7916,5781,C,9,414.6,2023-04-27,Este,Distribuidor,2.7,217.8
7917,7909,E,18,224.58,2023-07-04,Este,Online,0.5,100.44
7918,9332,C,11,134.64,2023-08-27,Sur,Online,2.4,58.03
7919,8,C,14,328.43,2023-04-17,Sur,Mayorista,11.0,120.28
7920,10250,B,9,411.54,2024-01-27,Norte,Distribuidor,2.4,200.25
7921,8161,C,7,499.66,2023-03-25,Este,Tienda,3.1,277.04
7922,1439,E,11,368.22,2023-10-12,Oeste,Distribuidor,6.3,147.55
7923,10135,D,13,38.23,2023-04-11,Oeste,Online,2.0,19.25
7924,6513,C,16,81.3,2023-03-09,Norte,Online,2.8,28.54
7925,5073,B,4,418.85,2023-12-27,Centro,Tienda,13.8,202.07
7926,4740,A,0,434.05,2023-05-18,Oeste,Online,9.7,280.56
7927,2893,B,18,364.58,2023-11-19,Norte,Mayorista,13.8,196.03
7928,9013,A,17,381.1,2023-07-08,Norte,Mayorista,9.8,204.64
7929,8723,D,8,52.11,2023-12-01,Norte,Mayorista,7.2,18.61
7930,4653,B,14,263.76,2023-04-23,Centro,Mayorista,6.9,149.84
7931,4592,A,0,88.49,2023-07-28,Sur,Tienda,5.4,46.93
7932,1627,A,1,355.33,2023-07-30,Este,Online,10.3,183.02
7933,6480,B,11,233.71,2023-10-07,Centro,Distribuidor,7.2,117.88
7934,4682,A,0,180.39,2023-08-22,Este,Distribuidor,1.5,109.84
7935,7244,B,0,475.09,2023-05-26,Norte,Mayorista,1.9,201.09
7936,9397,E,6,431.33,2024-01-26,Este,Distribuidor,1.8,198.07
7937,8000,E,11,167.95,2023-12-22,Este,Mayorista,8.2,65.27
7938,9380,C,3,14.02,2023-04-24,Sur,Tienda,8.0,6.81
7939,3288,B,0,168.41,2023-03-23,Oeste,Distribuidor,7.5,113.12
7940,4616,C,6,371.75,2023-08-18,Norte,Distribuidor,6.6,235.31
7941,1836,C,19,456.53,2023-08-10,Centro,Distribuidor,0.8,227.34
7942,8960,D,15,174.54,2023-05-13,Sur,Tienda,5.0,109.71
7943,7283,E,19,126.03,2023-07-10,Sur,Distribuidor,14.4,64.9
7944,3346,D,1,17.85,2023-06-04,Oeste,Online,9.1,8.06
7945,146,C,3,346.4,2023-03-08,Este,Online,1.7,140.04
7946,6755,E,3,179.27,2023-10-08,Sur,Online,10.9,108.62
7947,6958,D,20,39.87,2023-08-05,Centro,Distribuidor,0.4,23.34
7948,9708,B,11,474.7,2023-03-20,Este,Mayorista,1.6,261.84
7949,9640,A,9,390.43,2023-10-14,Este,Online,11.2,155.55
7950,7867,B,5,480.42,2023-02-06,Centro,Mayorista,14.9,181.83
7951,1729,A,5,312.16,2024-01-01,Norte,Distribuidor,8.4,116.94
7952,7039,D,2,172.76,2023-03-02,Centro,Distribuidor,6.8,89.21
7953,5995,C,1,350.89,2023-04-29,Norte,Tienda,4.0,210.89
7954,9318,E,13,319.14,2023-06-24,Centro,Tienda,6.0,114.74
7955,7353,D,18,139.42,2023-07-15,Norte,Online,13.9,87.78
7956,5009,D,12,63.96,2023-12-28,Oeste,Online,12.2,21.16
7957,354,A,13,242.59,2023-12-27,Norte,Distribuidor,1.9,167.71
7958,664,C,16,439.21,2023-07-31,Sur,Tienda,6.6,172.48
7959,6673,E,10,271.66,2023-01-30,Norte,Mayorista,1.2,126.89
7960,6335,A,5,228.69,2023-07-11,Centro,Online,12.9,70.84
7961,530,C,2,241.66,2023-07-12,Norte,Tienda,13.0,118.51
7962,6214,B,13,176.5,2023-01-07,Este,Mayorista,7.5,115.06
7963,3112,D,8,281.24,2023-01-13,Norte,Tienda,10.3,178.94
7964,5626,A,18,132.98,2023-11-23,Centro,Tienda,11.7,57.75
7965,9005,B,1,34.02,2023-04-10,Este,Online,7.9,23.32
7966,4908,D,17,219.2,2023-05-17,Norte,Mayorista,0.9,80.82
7967,2424,E,5,149.85,2023-09-23,Oeste,Online,4.9,68.74
7968,5648,E,9,106.79,2023-01-30,Centro,Distribuidor,0.5,42.7
7969,7980,E,5,152.12,2023-08-16,Norte,Tienda,14.9,77.68
7970,9495,A,14,394.15,2023-10-16,Norte,Distribuidor,1.4,186.91
7971,1571,E,1,471.9,2023-05-14,Sur,Distribuidor,4.3,205.63
7972,162,B,6,227.74,2023-11-14,Centro,Tienda,7.6,150.59
7973,1295,B,3,231.28,2023-08-25,Este,Online,8.6,143.98
7974,8305,A,1,61.85,2024-01-10,Este,Tienda,4.0,33.98
7975,3527,A,2,53.19,2023-05-17,Centro,Mayorista,11.3,21.45
7976,9559,A,6,28.12,2023-04-16,Centro,Online,3.2,12.03
7977,3243,A,5,154.65,2023-12-07,Oeste,Mayorista,1.7,52.36
7978,2126,B,8,262.63,2023-12-16,Centro,Distribuidor,3.8,84.44
7979,51,B,11,294.89,2023-11-16,Oeste,Online,0.4,135.98
7980,2241,C,15,434.39,2023-05-03,Este,Tienda,3.1,182.59
7981,185,C,10,150.64,2024-01-13,Este,Mayorista,12.6,46.77
7982,2636,A,14,188.32,2023-08-30,Oeste,Tienda,1.4,129.72
7983,6174,C,9,77.46,2023-07-04,Oeste,Distribuidor,8.8,25.25
7984,5502,A,18,375.32,2023-05-27,Norte,Mayorista,8.9,223.78
7985,9197,E,14,202.24,2023-06-21,Norte,Tienda,5.7,89.35
7986,5633,A,7,72.0,2023-03-28,Norte,Online,11.4,38.28
7987,10318,B,6,200.12,2023-08-29,Centro,Tienda,2.6,67.55
7988,9615,C,1,371.86,2023-07-04,Este,Mayorista,12.1,215.13
7989,206,E,3,264.07,2023-05-18,Oeste,Distribuidor,10.8,111.7
7990,9137,E,10,452.35,2023-09-30,Este,Tienda,0.1,206.88
7991,9056,E,1,206.8,2023-11-04,Oeste,Tienda,12.3,93.98
7992,6158,B,13,335.41,2023-03-26,Norte,Distribuidor,5.8,179.86
7993,6592,D,0,300.58,2023-07-07,Sur,Distribuidor,12.6,117.21
7994,3534,C,7,192.3,2023-07-05,Centro,Tienda,5.8,87.66
7995,10292,E,13,289.3,2023-04-13,Oeste,Tienda,10.8,87.86
7996,1516,C,4,236.99,2023-01-05,Oeste,Distribuidor,10.7,71.58
7997,2137,C,15,253.51,2024-01-01,Oeste,Mayorista,14.4,143.98
7998,3623,C,0,342.75,2023-05-11,Sur,Distribuidor,14.4,141.44
7999,1291,C,2,336.46,2023-03-06,Este,Distribuidor,14.5,115.02
8000,797,C,7,477.84,2023-06-06,Sur,Distribuidor,10.2,236.16
8001,4138,B,8,338.32,2023-10-14,Centro,Online,7.4,199.37
8002,1180,D,2,478.98,2023-12-23,Este,Tienda,9.6,274.66
8003,112,A,17,460.44,2023-01-07,Oeste,Tienda,0.2,144.75
8004,10257,E,13,96.84,2023-05-09,Sur,Online,1.3,36.23
8005,5559,A,14,445.43,2024-01-09,Oeste,Mayorista,12.4,292.84
8006,4824,E,0,428.66,2024-02-05,Este,Mayorista,4.7,232.23
8007,6490,E,20,159.55,2023-12-11,Sur,Online,0.8,62.03
8008,1524,B,19,445.75,2023-06-29,Norte,Tienda,7.3,288.4
8009,4310,A,20,340.23,2024-01-27,Oeste,Online,9.2,222.83
8010,2894,B,16,108.01,2023-05-25,Sur,Tienda,12.2,63.59
8011,8905,E,7,115.58,2023-03-09,Este,Distribuidor,13.1,61.08
8012,4004,C,7,307.03,2023-11-04,Sur,Mayorista,12.1,158.11
8013,7514,A,0,355.18,2023-05-12,Norte,Distribuidor,3.6,206.35
8014,8394,E,0,328.46,2024-01-09,Oeste,Tienda,3.6,205.33
8015,1961,D,8,228.44,2023-12-22,Centro,Tienda,4.6,104.01
8016,9991,D,0,217.9,2023-02-08,Centro,Mayorista,6.2,104.14
8017,3266,E,12,81.77,2023-10-11,Oeste,Distribuidor,6.2,46.24
8018,4241,D,5,292.63,2023-11-19,Norte,Mayorista,3.8,201.82
8019,5636,C,8,213.14,2023-08-30,Norte,Online,7.7,103.35
8020,5818,A,16,447.91,2023-01-27,Norte,Mayorista,4.6,258.91
8021,7620,B,5,473.39,2023-05-07,Centro,Tienda,8.7,230.39
8022,6304,C,16,182.06,2023-12-20,Centro,Tienda,11.6,99.78
8023,5811,C,19,272.65,2023-06-05,Centro,Tienda,9.1,107.3
8024,5685,B,4,294.5,2023-10-13,Este,Mayorista,0.4,143.91
8025,2440,B,20,415.0,2024-01-19,Oeste,Online,9.8,265.7
8026,3058,C,20,223.83,2023-04-13,Sur,Mayorista,7.3,130.55
8027,6058,A,20,188.71,2024-01-26,Sur,Tienda,1.9,96.72
8028,5701,B,1,202.49,2023-09-27,Este,Online,4.1,138.26
8029,7371,C,9,136.91,2023-11-08,Norte,Online,10.3,68.68
8030,520,D,1,146.16,2024-01-05,Norte,Tienda,4.2,50.94
8031,10432,A,12,265.16,2023-07-03,Oeste,Online,10.7,163.31
8032,4167,C,10,81.08,2023-01-13,Oeste,Tienda,3.8,47.93
8033,7794,A,5,269.42,2023-08-18,Norte,Distribuidor,11.1,179.56
8034,9703,E,11,98.98,2023-01-05,Oeste,Distribuidor,5.3,67.93
8035,10414,D,10,353.43,2023-08-10,Oeste,Online,4.3,187.76
8036,245,A,1,302.98,2023-05-23,Oeste,Distribuidor,8.8,174.7
8037,1026,D,18,200.3,2023-09-04,Oeste,Distribuidor,8.1,134.22
8038,7056,E,19,230.91,2023-08-20,Oeste,Distribuidor,10.1,112.99
8039,8283,B,9,56.76,2023-07-21,Oeste,Online,14.3,22.6
8040,3745,A,9,122.39,2023-10-04,Centro,Online,0.4,40.3
8041,4822,E,20,447.77,2023-07-17,Este,Distribuidor,1.7,225.38
8042,4872,B,0,31.97,2023-08-15,Este,Mayorista,1.5,19.3
8043,8889,A,6,495.85,2023-10-01,Este,Mayorista,9.5,259.58
8044,6973,B,11,491.2,2023-09-22,Oeste,Mayorista,1.6,257.81
8045,1986,C,18,372.27,2023-06-21,Norte,Mayorista,10.6,180.75
8046,2182,C,6,5.02,2023-05-01,Norte,Tienda,10.8,3.49
8047,4063,E,0,55.83,2023-05-24,Oeste,Online,6.1,30.26
8048,6988,A,0,460.21,2023-03-09,Norte,Online,8.0,166.2
8049,435,A,20,61.23,2023-06-10,Este,Distribuidor,8.8,42.7
8050,7758,A,4,390.08,2023-07-23,Oeste,Online,11.6,130.0
8051,7509,B,2,210.79,2023-09-16,Oeste,Online,4.8,98.26
8052,1809,A,9,316.42,2023-07-02,Este,Distribuidor,7.7,186.05
8053,2791,E,5,285.15,2023-05-04,Este,Mayorista,5.4,123.63
8054,6114,D,18,179.53,2023-10-30,Oeste,Distribuidor,2.4,71.75
8055,6362,A,17,151.73,2023-09-20,Sur,Mayorista,12.6,72.13
8056,628,B,0,473.63,2023-06-16,Sur,Mayorista,12.3,223.69
8057,10057,E,20,398.6,2024-02-04,Oeste,Tienda,14.9,220.2
8058,8826,B,10,488.47,2023-09-30,Oeste,Distribuidor,2.5,207.35
8059,8900,C,20,263.2,2023-01-15,Oeste,Tienda,13.1,180.78
8060,2041,D,16,192.13,2023-11-25,Oeste,Tienda,5.2,61.04
8061,2506,D,19,189.41,2023-09-03,Este,Tienda,4.3,73.13
8062,6922,D,8,385.14,2023-01-29,Sur,Tienda,1.3,131.14
8063,160,E,3,309.12,2023-05-21,Este,Tienda,4.1,192.99
8064,103,A,18,333.64,2023-03-26,Centro,Distribuidor,9.2,202.24
8065,7857,C,3,411.63,2023-07-08,Sur,Mayorista,9.0,279.2
8066,5493,C,1,386.32,2023-03-17,Este,Distribuidor,1.2,267.58
8067,8475,D,19,84.49,2023-01-20,Sur,Distribuidor,9.3,41.01
8068,3670,D,12,216.09,2023-03-21,Sur,Distribuidor,3.9,129.61
8069,8482,B,6,141.0,2023-08-30,Sur,Distribuidor,7.5,88.0
8070,5959,E,16,312.6,2023-01-02,Sur,Tienda,10.8,118.24
8071,6761,E,9,417.48,2023-09-27,Sur,Mayorista,8.9,238.91
8072,9463,B,13,329.05,2023-01-23,Centro,Mayorista,6.6,171.49
8073,1077,A,11,444.03,2023-06-18,Este,Online,0.2,138.85
8074,325,C,20,16.33,2023-05-24,Centro,Online,10.5,9.61
8075,846,B,10,436.43,2023-11-30,Sur,Online,5.8,193.5
8076,4783,B,9,414.06,2023-04-09,Oeste,Distribuidor,1.7,269.43
8077,9906,A,11,381.95,2023-06-01,Norte,Mayorista,7.8,128.38
8078,2542,B,2,140.41,2023-08-19,Este,Mayorista,9.8,62.76
8079,7196,B,18,348.75,2023-08-14,Oeste,Tienda,12.9,196.31
8080,7051,E,19,54.8,2024-01-04,Oeste,Distribuidor,10.8,28.88
8081,4285,C,17,102.03,2023-05-12,Este,Mayorista,4.9,49.59
8082,6965,C,2,174.22,2023-10-17,Este,Distribuidor,11.4,54.91
8083,1461,D,13,10.31,2023-06-06,Este,Distribuidor,7.5,5.58
8084,2040,B,7,327.1,2023-09-14,Sur,Tienda,10.0,129.19
8085,8558,D,17,268.24,2023-07-18,Sur,Tienda,4.8,102.36
8086,8843,C,17,169.37,2023-09-06,Sur,Mayorista,14.2,70.66
8087,1654,D,13,31.25,2023-07-30,Sur,Mayorista,14.6,11.21
8088,7561,D,20,136.07,2023-07-24,Sur,Tienda,11.5,44.44
8089,2670,D,10,499.51,2023-09-19,Este,Mayorista,2.1,346.73
8090,4701,A,11,432.46,2023-02-10,Sur,Mayorista,9.3,212.38
8091,3481,D,17,83.39,2024-02-04,Este,Online,0.6,35.3
8092,1900,E,20,125.1,2023-09-13,Oeste,Mayorista,0.8,69.98
8093,5306,A,3,326.55,2023-06-12,Norte,Mayorista,11.9,171.73
8094,7208,C,11,81.42,2024-01-02,Norte,Online,10.8,53.95
8095,9658,B,17,443.68,2023-11-12,Sur,Online,12.1,176.55
8096,614,C,3,146.41,2023-06-24,Centro,Tienda,0.3,89.76
8097,4315,D,19,271.69,2023-07-08,Sur,Mayorista,13.5,127.12
8098,1556,D,19,473.31,2023-08-11,Sur,Tienda,6.1,223.63
8099,3788,E,0,46.94,2023-10-22,Centro,Distribuidor,8.0,30.98
8100,2225,B,19,352.64,2023-03-22,Norte,Online,0.5,115.99
8101,7739,B,15,92.84,2023-11-09,Este,Online,14.0,51.24
8102,1696,D,1,366.21,2023-03-22,Este,Mayorista,2.6,219.82
8103,1709,B,17,391.26,2023-03-07,Oeste,Tienda,10.5,208.81
8104,382,C,10,386.34,2023-05-26,Centro,Tienda,4.0,144.91
8105,7771,D,7,283.49,2023-06-07,Sur,Distribuidor,9.4,97.46
8106,3626,B,10,366.32,2023-02-01,Sur,Online,3.9,194.62
8107,7137,D,17,460.7,2023-07-09,Oeste,Distribuidor,10.2,199.81
8108,5755,E,2,218.85,2023-01-08,Sur,Tienda,4.8,135.36
8109,3796,C,1,480.55,2023-06-11,Centro,Online,11.0,241.11
8110,4062,B,17,471.27,2023-03-04,Oeste,Tienda,2.6,264.91
8111,4711,E,8,383.71,2023-09-06,Este,Tienda,12.3,125.07
8112,8024,C,12,295.0,2023-03-28,Este,Online,10.5,132.82
8113,4364,C,6,351.8,2023-08-02,Oeste,Mayorista,0.4,117.02
8114,4501,B,15,90.33,2024-01-04,Sur,Tienda,2.8,33.28
8115,1074,E,7,53.84,2023-05-19,Oeste,Distribuidor,13.8,29.35
8116,9682,D,7,19.05,2023-05-10,Oeste,Online,2.6,7.29
8117,5369,C,7,91.09,2024-01-14,Centro,Distribuidor,2.8,50.47
8118,7651,C,6,246.14,2023-08-18,Este,Online,7.8,109.61
8119,6809,D,0,107.13,2023-09-26,Sur,Online,12.3,46.3
8120,3508,C,13,95.09,2024-02-05,Oeste,Distribuidor,14.1,43.89
8121,150,D,18,238.66,2023-05-13,Centro,Distribuidor,14.9,90.5
8122,3249,E,5,154.79,2023-02-19,Sur,Mayorista,1.2,82.34
8123,2510,A,15,281.33,2023-03-22,Oeste,Distribuidor,11.9,166.62
8124,5904,A,19,248.0,2023-09-05,Este,Tienda,9.6,112.08
8125,4745,C,8,321.62,2023-01-21,Sur,Distribuidor,2.4,155.11
8126,4827,B,19,266.38,2023-12-23,Norte,Distribuidor,1.7,164.31
8127,6089,C,4,394.23,2023-01-28,Oeste,Mayorista,3.1,131.59
8128,5334,C,9,466.89,2023-08-06,Este,Distribuidor,3.2,227.83
8129,1332,D,4,364.55,2024-01-03,Oeste,Distribuidor,12.7,168.94
8130,7450,A,15,396.7,2023-04-28,Centro,Online,0.8,232.11
8131,2557,C,14,373.95,2023-11-18,Oeste,Distribuidor,7.8,230.64
8132,4807,A,2,396.68,2023-12-28,Norte,Online,11.6,207.07
8133,1392,B,16,105.83,2023-04-18,Sur,Mayorista,6.6,53.94
8134,2866,A,6,190.07,2023-04-08,Sur,Distribuidor,12.8,124.01
8135,7998,A,9,282.54,2023-10-22,Norte,Online,5.9,110.14
8136,10397,A,3,12.58,2023-05-02,Oeste,Tienda,8.4,6.24
8137,9451,A,16,317.94,2023-10-21,Norte,Tienda,1.7,114.61
8138,4067,C,7,50.89,2023-01-26,Centro,Tienda,9.3,25.04
8139,5306,E,3,311.87,2023-07-05,Oeste,Mayorista,9.6,200.53
8140,2063,C,2,455.3,2023-09-04,Este,Mayorista,1.2,173.36
8141,278,D,5,141.25,2023-03-27,Norte,Mayorista,0.2,83.32
8142,1256,B,4,319.6,2023-04-26,Oeste,Tienda,5.6,196.02
8143,3564,C,7,215.5,2023-02-28,Este,Online,6.3,126.97
8144,9437,A,2,90.77,2024-02-01,Este,Online,12.7,28.67
8145,8282,C,14,323.57,2023-09-21,Norte,Tienda,4.2,125.45
8146,136,E,15,305.27,2023-05-31,Este,Tienda,11.7,153.46
8147,4580,C,16,72.43,2024-01-14,Sur,Distribuidor,14.5,36.53
8148,4301,D,3,302.4,2024-01-18,Norte,Mayorista,8.7,161.39
8149,8586,C,12,261.22,2023-07-28,Oeste,Online,6.4,170.7
8150,6257,E,6,90.82,2023-06-27,Sur,Mayorista,0.6,32.73
8151,9067,B,20,245.23,2023-09-04,Oeste,Online,14.0,74.47
8152,2120,D,2,128.43,2023-11-20,Centro,Online,1.3,53.23
8153,3402,C,3,108.04,2023-07-02,Sur,Online,14.1,66.3
8154,5859,A,17,270.9,2023-05-31,Centro,Online,2.6,97.25
8155,9428,D,19,467.49,2023-09-15,Este,Online,6.2,252.6
8156,6444,B,2,82.89,2023-04-11,Este,Distribuidor,6.7,26.85
8157,1496,B,18,201.39,2023-07-30,Centro,Online,8.6,119.06
8158,6481,B,10,275.28,2023-04-14,Este,Online,10.1,84.09
8159,7532,A,7,446.18,2023-12-01,Sur,Tienda,7.0,281.65
8160,1425,E,13,387.94,2023-05-07,Este,Tienda,14.0,212.86
8161,9545,D,13,236.54,2023-02-14,Este,Mayorista,14.1,132.58
8162,5345,A,11,398.94,2023-12-18,Este,Distribuidor,15.0,263.62
8163,250,D,20,184.77,2023-05-11,Norte,Distribuidor,13.1,103.53
8164,8264,A,14,355.47,2023-01-29,Oeste,Online,6.3,205.21
8165,3215,A,12,450.44,2023-02-19,Sur,Tienda,8.5,262.74
8166,4924,E,14,483.24,2023-12-14,Centro,Distribuidor,4.4,172.19
8167,2764,C,5,137.82,2023-04-24,Este,Distribuidor,6.3,81.43
8168,10444,A,2,226.76,2023-10-12,Oeste,Mayorista,0.8,78.52
8169,6541,C,19,238.55,2023-02-18,Sur,Online,2.7,163.72
8170,5344,C,19,467.93,2023-04-14,Sur,Online,1.4,255.67
8171,1895,E,19,321.35,2023-11-18,Norte,Online,8.1,113.86
8172,6050,D,2,39.95,2023-12-12,Norte,Distribuidor,11.6,18.55
8173,7838,B,6,44.68,2023-03-06,Sur,Distribuidor,14.6,19.84
8174,5464,E,9,47.44,2023-12-10,Sur,Tienda,1.8,19.47
8175,1864,A,2,339.38,2023-05-19,Este,Distribuidor,5.7,175.68
8176,3259,A,17,265.34,2023-06-17,Centro,Tienda,8.7,154.48
8177,3726,B,9,401.31,2023-09-02,Norte,Tienda,5.5,215.13
8178,8761,D,3,305.05,2023-02-04,Sur,Mayorista,6.2,172.73
8179,8031,C,5,169.55,2023-12-04,Sur,Tienda,13.3,103.08
8180,4076,A,8,76.48,2023-05-26,Sur,Distribuidor,5.5,25.92
8181,2696,A,14,128.68,2023-02-05,Este,Tienda,2.6,49.88
8182,519,E,14,208.91,2024-02-04,Norte,Mayorista,3.9,108.07
8183,1520,A,11,318.19,2023-09-01,Este,Online,0.6,170.14
8184,4129,E,17,50.44,2023-08-04,Este,Online,2.9,23.68
8185,9934,C,0,190.98,2023-08-19,Oeste,Online,9.5,105.01
8186,5139,A,8,275.3,2023-08-29,Este,Distribuidor,11.3,95.18
8187,3827,B,3,470.59,2023-08-30,Centro,Mayorista,3.5,303.93
8188,854,B,8,31.41,2023-10-19,Sur,Distribuidor,1.3,16.87
8189,9487,C,14,40.48,2023-03-25,Centro,Distribuidor,8.8,13.49
8190,10479,A,11,253.13,2023-04-03,Centro,Distribuidor,0.2,164.68
8191,8162,D,6,113.05,2023-06-13,Sur,Mayorista,13.5,61.13
8192,6971,A,13,312.4,2023-05-05,Sur,Tienda,12.1,99.71
8193,10271,C,20,345.31,2023-01-20,Sur,Distribuidor,9.6,195.67
8194,4545,B,5,55.6,2023-06-01,Sur,Mayorista,6.3,30.85
8195,9408,C,14,416.47,2024-02-05,Sur,Mayorista,0.1,162.26
8196,8151,E,10,248.76,2023-06-16,Norte,Online,3.7,116.62
8197,5165,C,17,107.29,2023-05-21,Sur,Distribuidor,9.5,62.03
8198,1306,B,8,172.74,2023-10-13,Este,Online,0.8,60.22
8199,8221,A,2,434.92,2024-01-22,Oeste,Tienda,2.6,257.58
8200,10248,B,18,99.73,2023-02-09,Centro,Mayorista,3.2,57.71
8201,632,C,15,127.27,2023-03-22,Oeste,Online,10.3,72.12
8202,2848,A,16,281.23,2023-11-06,Oeste,Tienda,7.5,124.15
8203,3101,E,7,262.65,2023-03-06,Oeste,Online,2.7,113.74
8204,4046,E,12,279.41,2023-11-28,Sur,Distribuidor,5.7,151.48
8205,10071,B,0,253.06,2023-05-27,Centro,Mayorista,11.9,79.96
8206,7558,C,13,100.06,2023-09-04,Oeste,Tienda,5.3,35.55
8207,7388,B,4,114.61,2023-05-13,Sur,Tienda,10.7,74.45
8208,5849,E,0,282.34,2023-07-02,Centro,Mayorista,7.7,182.59
8209,5524,C,18,121.17,2023-08-30,Centro,Tienda,13.8,48.8
8210,9081,E,18,445.13,2023-05-05,Oeste,Online,12.0,214.23
8211,2680,C,13,414.45,2023-11-29,Norte,Distribuidor,6.1,225.95
8212,9594,B,4,418.47,2023-10-30,Norte,Online,12.5,205.65
8213,9575,E,8,459.38,2023-12-31,Este,Mayorista,10.4,203.53
8214,4297,E,8,434.26,2023-02-25,Norte,Distribuidor,7.6,264.25
8215,7056,A,6,455.62,2023-05-09,Norte,Mayorista,9.6,200.91
8216,5663,A,6,425.91,2023-10-17,Sur,Online,6.8,288.56
8217,500,C,19,477.47,2023-06-25,Oeste,Mayorista,9.2,151.11
8218,10211,A,5,141.15,2024-01-08,Oeste,Mayorista,8.6,48.18
8219,10302,E,19,380.98,2023-01-10,Norte,Tienda,12.6,215.98
8220,1373,D,18,460.19,2023-08-18,Oeste,Mayorista,0.7,158.9
8221,10205,D,8,355.55,2023-11-28,Sur,Mayorista,2.0,186.86
8222,1370,C,15,384.35,2023-11-02,Norte,Online,10.5,260.22
8223,690,C,17,66.14,2023-11-25,Norte,Online,7.6,41.33
8224,5247,D,6,417.18,2023-05-06,Sur,Distribuidor,3.0,270.95
8225,8087,A,7,114.1,2024-02-03,Sur,Mayorista,4.4,76.32
8226,4200,D,15,496.2,2023-06-25,Este,Mayorista,10.0,246.56
8227,6495,C,11,288.42,2023-06-29,Centro,Mayorista,8.9,170.99
8228,1946,E,9,135.79,2023-12-02,Centro,Mayorista,0.2,62.13
8229,865,B,5,372.87,2023-07-09,Centro,Mayorista,5.8,174.86
8230,6737,B,6,14.45,2023-10-09,Oeste,Distribuidor,0.1,8.31
8231,10451,B,11,462.67,2023-11-14,Oeste,Distribuidor,10.7,291.5
8232,2467,C,17,147.13,2023-12-04,Sur,Mayorista,8.0,75.94
8233,6493,A,16,160.22,2023-08-24,Oeste,Online,11.7,106.12
8234,1577,C,4,125.91,2023-07-28,Sur,Distribuidor,14.4,39.94
8235,3805,B,19,468.44,2023-12-20,Centro,Mayorista,13.2,189.06
8236,9831,E,15,240.74,2023-05-11,Oeste,Mayorista,9.2,95.94
8237,3077,C,1,35.6,2023-01-11,Oeste,Online,5.9,12.33
8238,3863,B,7,178.0,2023-04-05,Oeste,Distribuidor,14.1,88.97
8239,5287,D,7,236.73,2023-11-18,Norte,Tienda,7.8,149.13
8240,8608,D,18,50.95,2023-02-22,Sur,Mayorista,7.0,29.15
8241,10120,A,0,195.63,2023-07-24,Sur,Online,5.5,94.08
8242,5973,E,7,9.41,2023-10-23,Este,Mayorista,11.1,4.97
8243,9367,D,5,488.77,2023-02-14,Norte,Online,5.6,200.1
8244,8590,B,10,186.27,2024-01-24,Sur,Distribuidor,1.3,81.84
8245,1867,D,16,346.54,2023-12-26,Norte,Mayorista,12.7,205.54
8246,1805,A,8,475.77,2023-06-06,Oeste,Mayorista,4.7,200.13
8247,1546,A,6,488.69,2024-01-31,Sur,Online,1.6,334.64
8248,1875,A,11,442.06,2023-05-04,Este,Online,9.8,186.39
8249,8892,A,4,56.27,2023-10-24,Este,Online,0.4,30.13
8250,1480,E,14,322.11,2023-05-27,Sur,Mayorista,7.6,171.23
8251,5182,E,11,497.97,2023-06-01,Oeste,Tienda,3.5,226.82
8252,3643,A,2,314.03,2023-07-04,Este,Distribuidor,13.9,141.98
8253,143,A,14,194.97,2023-04-18,Sur,Distribuidor,1.4,102.63
8254,9750,B,14,25.69,2023-09-16,Oeste,Distribuidor,8.7,9.98
8255,6737,E,4,493.3,2023-01-16,Oeste,Online,2.6,270.06
8256,10428,C,5,61.58,2023-12-29,Centro,Mayorista,4.5,27.69
8257,5506,A,13,465.18,2023-05-09,Centro,Mayorista,11.9,297.0
8258,7952,C,19,447.0,2023-04-26,Centro,Distribuidor,4.0,270.16
8259,6226,A,2,129.88,2023-04-10,Sur,Distribuidor,3.0,69.12
8260,1710,C,20,338.66,2023-07-08,Oeste,Mayorista,1.9,110.77
8261,3648,A,17,318.49,2023-08-03,Centro,Distribuidor,4.2,197.05
8262,5340,A,6,211.76,2023-11-18,Oeste,Distribuidor,14.4,132.47
8263,2450,D,9,455.52,2023-07-27,Este,Online,10.7,317.6
8264,3095,B,13,430.0,2023-01-09,Oeste,Online,11.8,192.36
8265,10366,B,18,474.61,2023-11-19,Norte,Tienda,11.8,258.55
8266,7549,E,14,128.38,2023-02-28,Este,Distribuidor,11.7,79.93
8267,8546,C,4,348.81,2023-12-17,Centro,Online,12.4,160.3
8268,3339,A,17,90.73,2023-07-10,Sur,Mayorista,14.4,43.24
8269,2815,A,10,103.3,2024-01-31,Sur,Online,8.1,56.12
8270,5100,B,7,414.83,2023-08-16,Centro,Distribuidor,1.9,205.53
8271,1826,D,15,88.94,2024-02-02,Sur,Online,2.3,52.56
8272,2851,D,12,56.77,2023-10-04,Oeste,Distribuidor,6.0,30.21
8273,864,A,2,87.45,2023-09-07,Este,Mayorista,4.3,29.55
8274,4038,A,11,446.07,2023-12-23,Oeste,Mayorista,6.5,256.91
8275,2169,E,18,306.71,2023-03-27,Norte,Tienda,6.1,153.87
8276,2916,A,2,419.16,2023-06-16,Oeste,Distribuidor,2.3,286.34
8277,4020,B,6,17.9,2023-09-22,Este,Distribuidor,11.2,9.12
8278,10295,A,13,341.08,2023-09-30,Sur,Mayorista,2.1,227.02
8279,2080,E,5,470.06,2023-03-20,Norte,Mayorista,1.7,246.3
8280,3114,A,3,461.29,2023-05-14,Este,Online,3.6,316.8
8281,5781,C,3,301.71,2023-09-21,Este,Tienda,7.2,187.58
8282,10476,C,6,299.63,2023-05-25,Oeste,Distribuidor,13.6,98.06
8283,2904,E,17,445.64,2023-09-28,Oeste,Tienda,1.5,300.33
8284,1683,E,6,148.45,2023-06-26,Centro,Distribuidor,1.1,103.38
8285,6245,C,9,287.5,2023-12-11,Centro,Tienda,2.1,88.72
8286,3318,A,17,48.41,2023-10-26,Centro,Online,7.1,31.29
8287,8880,B,11,262.18,2023-05-01,Oeste,Online,11.9,166.66
8288,10436,B,1,483.55,2023-12-02,Este,Online,8.9,302.25
8289,22,B,5,111.24,2023-04-03,Norte,Tienda,3.2,68.73
8290,2000,E,6,370.1,2023-10-30,Este,Mayorista,2.1,225.31
8291,6781,C,5,183.56,2023-06-15,Norte,Distribuidor,10.2,91.21
8292,9799,A,9,373.08,2023-07-16,Centro,Distribuidor,14.9,117.81
8293,2104,E,4,43.87,2023-03-17,Sur,Mayorista,11.1,19.34
8294,5206,B,20,187.99,2023-02-26,Este,Distribuidor,7.8,74.3
8295,5702,E,0,160.98,2023-07-20,Sur,Distribuidor,12.0,76.85
8296,6362,A,9,310.52,2023-02-11,Sur,Online,12.2,164.73
8297,3174,E,6,260.46,2023-01-11,Sur,Online,0.1,162.11
8298,4474,B,6,392.83,2024-01-27,Norte,Tienda,5.3,224.35
8299,1405,C,17,154.11,2023-03-27,Sur,Tienda,1.7,81.87
8300,2476,A,4,355.26,2023-09-04,Centro,Tienda,7.1,237.59
8301,3394,B,15,137.9,2023-07-30,Este,Distribuidor,2.1,78.35
8302,8068,B,7,198.86,2023-03-07,Sur,Tienda,6.6,64.03
8303,2997,D,8,327.19,2023-06-28,Sur,Distribuidor,8.2,125.68
8304,3054,D,18,135.27,2023-12-21,Este,Distribuidor,14.5,84.08
8305,4562,E,8,419.44,2023-09-17,Sur,Mayorista,8.4,259.22
8306,218,B,18,72.9,2023-08-10,Oeste,Mayorista,10.6,28.76
8307,3197,C,10,325.43,2024-01-12,Centro,Online,13.9,217.64
8308,5650,D,6,69.68,2023-02-22,Centro,Online,6.2,44.51
8309,1161,C,10,149.79,2023-11-25,Centro,Tienda,2.0,61.48
8310,4016,E,14,177.6,2023-07-24,Norte,Online,2.6,105.86
8311,5976,C,8,38.75,2023-04-17,Este,Tienda,4.5,19.43
8312,2088,C,2,391.46,2023-07-05,Norte,Distribuidor,5.9,264.62
8313,2847,C,17,375.38,2023-05-08,Oeste,Online,2.1,227.24
8314,7817,B,13,463.73,2023-03-05,Oeste,Online,3.5,310.0
8315,6954,E,1,397.88,2023-05-13,Sur,Tienda,7.4,128.44
8316,5020,B,10,194.99,2023-01-01,Sur,Distribuidor,11.0,95.25
8317,2804,D,6,346.14,2023-02-21,Sur,Online,13.4,225.13
8318,3298,A,7,20.99,2024-01-01,Norte,Online,2.4,12.73
8319,2025,C,16,454.4,2023-06-04,Oeste,Online,6.6,290.15
8320,1982,D,7,166.35,2023-08-14,Oeste,Tienda,13.5,63.04
8321,1340,A,8,198.72,2023-12-02,Oeste,Mayorista,4.5,102.21
8322,6698,A,15,371.34,2024-01-28,Norte,Online,6.4,243.13
8323,9057,A,12,315.65,2023-05-03,Sur,Distribuidor,12.8,173.92
8324,5996,D,1,327.76,2023-07-01,Norte,Distribuidor,11.2,218.05
8325,4816,B,12,482.06,2023-06-11,Sur,Online,7.6,172.78
8326,7460,B,1,491.56,2023-04-12,Oeste,Online,2.9,255.15
8327,9642,D,13,298.13,2023-03-19,Centro,Mayorista,11.6,144.21
8328,5877,E,4,420.75,2023-03-16,Oeste,Online,1.8,137.78
8329,1037,A,16,133.76,2023-05-18,Sur,Distribuidor,3.5,83.28
8330,1261,A,4,154.51,2023-02-24,Sur,Mayorista,7.5,60.87
8331,4540,E,3,387.63,2023-02-06,Sur,Tienda,9.9,244.1
8332,6433,A,16,159.11,2023-04-06,Norte,Tienda,0.0,60.05
8333,8941,A,4,286.66,2023-07-27,Norte,Distribuidor,11.9,180.17
8334,3597,A,9,117.25,2023-09-20,Sur,Tienda,1.2,78.93
8335,8310,C,3,335.46,2023-07-26,Oeste,Mayorista,4.4,112.25
8336,9661,E,11,245.75,2023-11-10,Sur,Mayorista,11.2,168.13
8337,1652,D,16,215.09,2023-02-28,Este,Tienda,1.3,76.72
8338,2709,C,1,178.18,2023-07-11,Centro,Mayorista,7.6,92.41
8339,3670,E,5,182.58,2023-01-04,Este,Distribuidor,5.5,103.46
8340,5860,E,19,80.74,2023-08-30,Sur,Mayorista,1.8,28.14
8341,7193,A,19,190.38,2023-08-10,Oeste,Distribuidor,11.2,58.98
8342,8567,E,15,49.53,2023-10-03,Centro,Mayorista,12.7,15.64
8343,276,C,2,378.84,2023-12-15,Oeste,Online,6.0,164.66
8344,9903,B,14,189.5,2023-06-04,Oeste,Distribuidor,3.2,96.5
8345,9497,B,13,456.2,2023-04-29,Sur,Mayorista,14.7,314.84
8346,9174,B,9,177.17,2023-10-15,Centro,Online,11.6,120.95
8347,4333,B,17,423.3,2023-12-19,Sur,Mayorista,6.5,188.29
8348,2650,C,6,173.23,2024-01-25,Norte,Tienda,10.5,78.93
8349,2076,A,20,402.27,2023-06-16,Centro,Tienda,2.7,237.53
8350,10405,A,2,254.88,2023-08-30,Norte,Distribuidor,2.0,143.7
8351,5356,C,5,365.16,2023-05-10,Norte,Tienda,7.3,192.52
8352,9322,B,3,313.86,2023-02-09,Este,Online,4.3,198.07
8353,5453,D,19,42.81,2023-04-05,Este,Mayorista,6.1,19.53
8354,2318,C,15,252.2,2023-10-12,Este,Online,13.4,75.71
8355,9894,A,13,62.95,2023-11-18,Norte,Tienda,0.2,43.28
8356,7074,D,0,262.86,2023-08-23,Centro,Online,11.4,134.36
8357,1067,E,12,340.42,2023-12-26,Sur,Tienda,13.2,215.49
8358,60,E,9,113.53,2023-04-25,Oeste,Distribuidor,8.1,64.94
8359,6588,E,1,81.15,2023-12-14,Sur,Tienda,12.6,50.96
8360,9137,E,14,176.32,2023-05-28,Oeste,Distribuidor,0.0,77.98
8361,7193,E,5,97.26,2023-03-15,Este,Distribuidor,7.5,52.18
8362,5872,C,5,472.66,2023-09-20,Norte,Tienda,1.8,155.47
8363,5581,A,17,66.3,2023-03-30,Sur,Distribuidor,5.8,22.73
8364,4324,D,15,25.62,2023-01-28,Norte,Online,10.1,9.21
8365,8139,D,18,334.28,2023-07-10,Sur,Online,7.4,172.28
8366,9537,A,13,245.58,2024-01-21,Sur,Online,11.1,101.99
8367,6057,B,7,266.28,2023-03-02,Este,Online,12.4,111.71
8368,5303,D,11,480.65,2023-12-26,Centro,Distribuidor,10.8,299.57
8369,1533,A,4,400.43,2023-02-16,Oeste,Online,11.3,154.06
8370,9973,E,19,121.05,2023-07-21,Sur,Mayorista,14.3,80.22
8371,8361,A,20,411.68,2023-03-13,Oeste,Tienda,6.9,173.92
8372,189,A,11,237.33,2023-01-19,Este,Tienda,11.0,131.1
8373,1305,C,20,301.87,2023-09-16,Sur,Mayorista,10.4,93.7
8374,4590,A,14,86.43,2023-10-07,Este,Tienda,7.7,38.53
8375,6602,B,11,31.58,2023-01-08,Norte,Tienda,11.1,12.03
8376,547,C,20,54.97,2023-04-05,Sur,Mayorista,4.4,32.25
8377,2838,A,11,171.31,2023-07-03,Sur,Distribuidor,5.5,109.27
8378,3566,D,13,211.11,2023-07-19,Oeste,Distribuidor,6.2,141.76
8379,584,C,19,453.8,2023-07-18,Centro,Online,1.5,190.89
8380,8611,C,13,28.52,2023-08-06,Este,Tienda,9.2,9.46
8381,7845,A,4,84.7,2023-08-30,Este,Tienda,10.8,54.48
8382,3983,B,20,7.19,2023-05-23,Centro,Distribuidor,11.0,3.78
8383,4620,A,3,376.93,2023-11-13,Centro,Distribuidor,0.7,209.42
8384,2992,A,5,50.71,2023-01-22,Centro,Tienda,4.6,29.2
8385,6072,E,18,337.49,2023-11-28,Sur,Tienda,6.7,118.01
8386,3915,C,15,242.0,2023-05-12,Sur,Tienda,0.1,85.88
8387,2448,D,4,301.36,2023-07-03,Este,Tienda,1.6,135.99
8388,9354,E,2,424.29,2023-09-12,Sur,Online,13.7,141.31
8389,8884,D,13,435.0,2023-03-04,Este,Online,10.1,255.9
8390,2279,B,3,323.98,2023-11-30,Centro,Distribuidor,11.5,117.93
8391,5256,A,17,162.92,2024-01-13,Este,Mayorista,1.3,85.49
8392,2965,E,4,129.66,2024-01-27,Centro,Online,6.3,46.32
8393,3325,D,7,29.8,2023-03-05,Sur,Online,10.8,10.0
8394,5697,A,9,176.01,2023-06-14,Norte,Online,9.0,122.48
8395,3940,A,19,284.74,2023-10-11,Norte,Distribuidor,11.7,197.08
8396,5824,B,1,424.01,2023-02-15,Oeste,Tienda,10.7,270.97
8397,8598,C,13,469.62,2024-01-05,Oeste,Distribuidor,9.2,285.18
8398,2212,B,10,290.31,2023-08-29,Centro,Online,8.6,87.13
8399,8570,A,20,270.45,2023-08-11,Sur,Distribuidor,8.1,176.09
8400,2575,B,15,184.05,2023-11-18,Este,Tienda,8.4,74.58
8401,10171,D,10,390.91,2023-02-18,Oeste,Tienda,11.4,185.87
8402,5,A,16,243.29,2023-08-23,Sur,Tienda,6.8,76.37
8403,9500,A,20,64.02,2023-01-31,Norte,Online,12.6,39.72
8404,2438,D,16,269.49,2023-05-23,Oeste,Tienda,3.7,120.68
8405,245,D,19,87.15,2023-09-19,Centro,Distribuidor,9.0,48.44
8406,8853,E,19,442.35,2023-08-18,Sur,Mayorista,5.9,222.96
8407,8807,B,14,100.49,2023-04-22,Oeste,Online,6.2,60.04
8408,3385,C,9,52.14,2023-02-07,Sur,Tienda,5.7,30.8
8409,6152,C,5,202.23,2023-08-02,Este,Tienda,11.6,112.88
8410,9569,A,4,310.6,2023-03-26,Sur,Tienda,9.5,116.05
8411,5457,D,16,392.49,2023-09-16,Oeste,Mayorista,0.4,223.22
8412,2875,C,9,344.2,2023-12-29,Centro,Distribuidor,12.2,125.29
8413,8202,A,4,234.87,2023-07-15,Oeste,Distribuidor,2.3,101.25
8414,4318,E,11,185.68,2023-03-22,Este,Distribuidor,11.5,86.26
8415,4965,A,16,78.14,2023-03-25,Centro,Mayorista,7.2,46.21
8416,3808,E,4,205.3,2023-05-20,Centro,Mayorista,9.0,84.62
8417,4948,B,7,119.39,2024-02-05,Oeste,Distribuidor,14.8,52.53
8418,3405,B,8,415.88,2023-08-16,Norte,Mayorista,0.6,262.98
8419,581,B,8,37.0,2023-07-25,Centro,Mayorista,2.0,12.93
8420,8501,D,19,360.53,2023-01-28,Centro,Tienda,9.1,173.2
8421,10284,D,7,241.11,2023-04-09,Oeste,Online,5.0,159.41
8422,6367,D,0,206.19,2023-05-10,Sur,Online,6.8,74.92
8423,281,E,14,196.76,2024-01-17,Este,Online,0.3,93.46
8424,10217,E,5,180.22,2023-01-11,Norte,Tienda,14.0,94.98
8425,4737,D,8,467.45,2023-07-15,Oeste,Distribuidor,7.5,316.3
8426,8293,E,20,236.38,2023-05-14,Este,Distribuidor,0.7,155.74
8427,4197,A,17,277.38,2023-11-26,Oeste,Online,6.4,101.75
8428,2186,E,17,483.53,2023-01-24,Norte,Mayorista,4.9,237.5
8429,3343,D,17,82.35,2023-03-26,Norte,Online,9.5,41.88
8430,3993,A,14,7.72,2023-01-23,Este,Distribuidor,10.5,4.48
8431,4327,B,7,101.3,2023-09-27,Este,Online,12.7,56.71
8432,1128,E,5,213.57,2023-02-23,Norte,Mayorista,0.9,136.58
8433,3562,B,2,415.49,2023-12-01,Este,Distribuidor,10.6,242.85
8434,8802,A,7,412.44,2023-06-25,Sur,Online,13.1,221.94
8435,917,D,5,126.6,2023-11-14,Centro,Mayorista,10.9,72.77
8436,2767,B,14,315.99,2023-04-09,Sur,Distribuidor,4.8,114.39
8437,9280,B,16,273.88,2024-01-01,Norte,Tienda,11.0,114.84
8438,853,A,5,444.04,2023-10-20,Este,Online,5.5,272.61
8439,4474,B,14,402.43,2023-01-11,Este,Distribuidor,13.4,167.85
8440,341,D,15,278.44,2023-12-20,Centro,Distribuidor,1.9,93.43
8441,5025,A,17,32.6,2023-11-16,Norte,Distribuidor,6.5,19.42
8442,6026,C,18,173.2,2023-09-08,Centro,Distribuidor,13.5,71.79
8443,1816,A,15,150.3,2023-02-07,Sur,Distribuidor,0.8,86.22
8444,8059,B,1,228.9,2023-10-29,Centro,Tienda,7.6,69.3
8445,3369,E,14,202.62,2023-01-02,Oeste,Tienda,12.8,70.07
8446,634,E,4,6.95,2023-01-29,Este,Distribuidor,3.7,3.94
8447,9207,A,1,317.78,2024-01-26,Centro,Online,8.2,221.62
8448,7880,A,4,47.18,2023-11-02,Oeste,Mayorista,2.3,19.24
8449,2454,D,11,366.34,2023-01-09,Sur,Online,7.3,157.31
8450,2141,A,2,33.36,2023-05-08,Centro,Mayorista,1.4,13.0
8451,8147,A,19,384.2,2024-01-29,Oeste,Mayorista,10.3,212.51
8452,7048,B,8,137.73,2023-12-31,Este,Distribuidor,4.1,55.13
8453,1477,D,13,366.93,2023-05-08,Centro,Mayorista,4.4,226.11
8454,7759,B,7,412.33,2023-07-03,Sur,Online,0.4,198.56
8455,4441,A,9,277.3,2023-05-20,Oeste,Mayorista,5.9,98.78
8456,4105,B,12,345.78,2023-10-10,Centro,Mayorista,3.4,201.35
8457,950,E,4,116.04,2023-03-10,Este,Online,4.4,50.52
8458,1605,B,5,215.88,2023-09-25,Centro,Mayorista,8.6,77.83
8459,2905,D,18,128.16,2023-08-31,Sur,Mayorista,12.6,84.23
8460,185,C,1,24.19,2023-06-28,Centro,Distribuidor,4.7,7.35
8461,8988,A,15,47.56,2023-05-01,Oeste,Mayorista,9.2,16.46
8462,5370,D,1,408.09,2023-12-21,Sur,Tienda,13.1,185.14
8463,1955,A,11,41.07,2023-07-13,Sur,Online,11.6,20.14
8464,4750,B,4,444.79,2023-06-27,Sur,Distribuidor,3.8,262.06
8465,7499,E,7,102.48,2023-06-15,Oeste,Distribuidor,8.8,58.47
8466,4417,D,6,365.85,2023-05-06,Norte,Tienda,0.3,196.16
8467,8359,C,0,200.4,2023-11-12,Oeste,Distribuidor,8.5,71.51
8468,1343,C,4,49.65,2023-02-19,Este,Distribuidor,6.4,19.53
8469,5660,D,14,147.59,2024-01-09,Este,Tienda,9.7,81.9
8470,7151,E,1,109.94,2023-03-20,Sur,Mayorista,5.6,73.68
8471,3858,A,7,435.7,2023-02-12,Este,Tienda,10.8,148.78
8472,1711,C,0,275.47,2023-11-16,Norte,Tienda,11.7,136.2
8473,2529,E,15,127.59,2023-06-10,Este,Mayorista,2.9,60.68
8474,5606,A,13,410.59,2023-02-25,Centro,Tienda,0.0,269.73
8475,8581,B,1,304.97,2024-02-01,Norte,Distribuidor,14.6,151.25
8476,9889,B,5,284.27,2023-12-02,Norte,Online,14.3,170.28
8477,8553,C,4,459.01,2023-04-02,Centro,Distribuidor,3.9,214.25
8478,1826,D,14,254.31,2023-10-15,Sur,Online,12.0,175.46
8479,9809,D,8,118.17,2023-01-30,Este,Online,2.2,56.27
8480,8927,A,11,39.13,2023-03-27,Norte,Online,9.8,13.34
8481,6799,A,0,364.9,2023-08-04,Centro,Distribuidor,13.0,175.33
8482,5432,C,8,114.44,2023-08-14,Este,Distribuidor,1.6,49.51
8483,1376,D,7,251.16,2024-01-01,Norte,Mayorista,6.2,146.06
8484,8704,B,0,289.09,2023-11-08,Sur,Online,6.0,147.32
8485,2021,E,8,137.77,2023-02-06,Centro,Distribuidor,13.1,92.69
8486,8394,A,0,259.1,2023-04-07,Centro,Mayorista,9.8,115.99
8487,8028,D,14,183.24,2023-04-24,Este,Distribuidor,6.7,95.22
8488,375,D,4,116.1,2023-07-16,Oeste,Mayorista,14.3,49.07
8489,5875,A,15,363.42,2023-02-05,Sur,Tienda,3.0,179.51
8490,1478,B,9,318.79,2023-11-06,Norte,Tienda,5.0,221.96
8491,615,A,9,275.97,2023-02-04,Oeste,Tienda,14.9,156.76
8492,4933,B,1,182.41,2023-02-07,Oeste,Tienda,12.7,86.74
8493,86,A,5,90.0,2023-04-02,Este,Tienda,5.2,37.88
8494,7070,B,6,413.25,2023-05-08,Centro,Mayorista,13.8,226.92
8495,5527,B,17,105.02,2023-02-09,Norte,Online,11.0,34.18
8496,4936,A,11,315.97,2024-01-19,Centro,Distribuidor,5.4,219.91
8497,10380,B,11,458.62,2023-01-30,Este,Distribuidor,11.4,178.4
8498,529,B,5,217.81,2023-01-01,Oeste,Mayorista,11.5,91.52
8499,4897,D,10,104.47,2023-11-16,Sur,Distribuidor,1.9,40.38
8500,5436,D,11,384.42,2023-07-09,Centro,Mayorista,1.5,188.36
8501,9928,B,3,182.33,2023-10-27,Norte,Tienda,0.4,123.31
8502,7531,A,16,422.59,2023-03-29,Centro,Tienda,9.5,262.57
8503,9162,C,7,429.03,2023-06-28,Norte,Tienda,8.1,163.87
8504,2339,B,11,245.14,2023-03-30,Sur,Mayorista,0.5,137.02
8505,4369,C,2,213.5,2023-09-04,Este,Mayorista,13.7,137.2
8506,6567,A,2,251.39,2023-09-09,Oeste,Tienda,2.8,175.22
8507,7643,A,12,499.74,2023-11-09,Norte,Distribuidor,4.3,268.98
8508,8757,C,16,153.42,2023-05-16,Centro,Distribuidor,7.6,50.83
8509,5079,D,1,246.64,2023-02-23,Sur,Mayorista,2.8,135.79
8510,7487,A,10,280.25,2023-05-28,Sur,Mayorista,11.2,92.32
8511,2946,D,3,467.59,2023-08-30,Sur,Online,4.1,290.8
8512,4837,A,10,83.48,2023-11-08,Este,Distribuidor,6.1,39.17
8513,10033,C,17,330.09,2023-08-07,Oeste,Tienda,2.5,133.11
8514,6496,D,0,364.99,2023-01-18,Este,Online,6.1,242.04
8515,6532,A,11,301.51,2023-04-04,Este,Distribuidor,8.2,143.55
8516,3423,C,0,385.33,2023-11-19,Centro,Tienda,7.3,132.37
8517,2845,A,13,126.81,2024-01-18,Centro,Online,1.4,78.69
8518,10070,B,2,20.24,2023-01-07,Centro,Distribuidor,4.6,9.32
8519,8539,E,6,270.67,2023-03-01,Sur,Tienda,9.1,136.68
8520,674,E,13,36.48,2023-05-03,Centro,Distribuidor,6.7,11.08
8521,537,C,7,473.88,2023-12-09,Oeste,Online,14.3,261.92
8522,7898,C,1,286.52,2023-03-14,Centro,Distribuidor,8.3,137.57
8523,8161,E,14,26.96,2023-11-30,Sur,Tienda,10.7,16.13
8524,4112,B,13,488.46,2023-01-29,Oeste,Tienda,7.2,292.09
8525,6569,E,14,125.43,2023-12-29,Centro,Online,9.2,57.46
8526,6281,D,9,119.26,2023-11-07,Norte,Online,3.4,45.94
8527,1241,A,0,358.97,2023-05-25,Sur,Distribuidor,8.6,165.27
8528,5445,A,0,174.3,2023-11-18,Oeste,Distribuidor,13.7,57.06
8529,9391,D,12,211.59,2024-01-12,Este,Mayorista,2.8,93.42
8530,8004,A,19,97.97,2023-02-25,Centro,Distribuidor,6.3,53.9
8531,9289,C,9,295.82,2023-12-04,Centro,Distribuidor,10.3,110.49
8532,6025,A,4,73.11,2023-02-15,Centro,Online,6.2,27.02
8533,2590,A,5,8.35,2023-09-10,Centro,Mayorista,14.8,5.39
8534,2438,A,18,167.16,2023-03-15,Este,Online,0.0,64.5
8535,3732,D,7,113.26,2024-01-26,Centro,Online,14.3,57.67
8536,5141,B,8,318.6,2023-05-24,Este,Mayorista,5.5,110.22
8537,7606,D,16,337.76,2023-02-19,Centro,Tienda,6.4,232.64
8538,1172,D,13,413.92,2023-05-14,Norte,Tienda,3.2,233.71
8539,33,A,7,487.03,2023-07-07,Este,Mayorista,1.8,207.84
8540,9137,C,17,38.91,2024-01-21,Oeste,Mayorista,14.1,17.09
8541,7295,E,19,200.83,2023-05-16,Centro,Mayorista,7.4,104.12
8542,7806,C,15,428.73,2023-09-04,Centro,Online,7.5,138.03
8543,118,E,9,275.22,2023-01-09,Centro,Distribuidor,5.6,185.83
8544,8939,E,1,318.53,2023-04-03,Oeste,Online,11.1,146.34
8545,3482,C,6,484.4,2023-07-31,Centro,Online,10.8,188.34
8546,6022,B,11,157.27,2023-04-10,Este,Distribuidor,4.8,78.58
8547,9508,E,14,361.42,2023-05-23,Centro,Mayorista,3.6,162.66
8548,7749,B,16,100.71,2023-12-14,Oeste,Distribuidor,7.2,51.91
8549,2389,E,4,165.72,2023-03-07,Este,Distribuidor,11.5,80.1
8550,4704,C,19,51.19,2023-07-24,Este,Mayorista,13.1,21.56
8551,3704,A,9,315.37,2023-12-01,Oeste,Mayorista,8.6,215.3
8552,3633,D,13,372.76,2023-10-12,Norte,Distribuidor,8.2,143.54
8553,9873,D,18,340.38,2023-09-26,Oeste,Mayorista,5.0,217.13
8554,9124,A,9,358.35,2023-07-24,Este,Tienda,0.3,198.45
8555,4611,C,9,269.74,2023-12-26,Centro,Online,1.6,143.58
8556,6700,A,7,440.05,2024-01-08,Sur,Tienda,9.3,151.8
8557,4478,D,10,213.44,2024-01-21,Oeste,Distribuidor,4.6,74.03
8558,7333,D,1,296.91,2023-01-15,Este,Tienda,1.0,155.48
8559,943,C,4,79.59,2023-10-25,Oeste,Online,6.3,40.58
8560,5650,D,11,173.98,2023-08-31,Norte,Tienda,11.1,94.08
8561,2589,C,4,226.7,2023-09-16,Norte,Mayorista,2.5,133.44
8562,1932,C,6,418.43,2023-11-23,Sur,Mayorista,5.5,258.84
8563,7211,B,12,385.47,2023-09-16,Norte,Tienda,3.2,120.02
8564,5294,C,10,408.24,2023-08-18,Este,Distribuidor,5.0,128.84
8565,2600,A,17,331.83,2023-10-01,Sur,Tienda,10.3,126.96
8566,7498,C,10,128.68,2023-01-11,Norte,Mayorista,14.3,84.45
8567,5733,D,5,448.19,2023-12-21,Centro,Online,8.9,267.35
8568,6542,B,7,184.12,2023-05-22,Este,Distribuidor,5.3,126.8
8569,1921,E,0,219.18,2023-12-20,Norte,Online,8.1,110.15
8570,3229,C,6,81.22,2023-11-08,Este,Online,2.2,24.68
8571,8334,B,17,402.7,2023-11-27,Centro,Online,11.8,191.56
8572,964,E,3,93.4,2023-08-10,Sur,Tienda,3.0,64.57
8573,6270,C,2,322.07,2023-04-03,Norte,Mayorista,14.9,111.44
8574,6061,B,19,435.99,2023-09-24,Este,Distribuidor,9.2,283.37
8575,6764,E,4,275.03,2023-01-31,Este,Distribuidor,13.7,145.58
8576,5486,D,18,104.23,2023-11-06,Centro,Tienda,14.9,31.88
8577,4261,D,11,463.27,2023-03-15,Norte,Tienda,11.9,196.0
8578,6903,C,2,61.3,2023-05-16,Sur,Tienda,10.2,31.26
8579,4742,C,0,149.42,2024-01-27,Norte,Online,14.8,66.54
8580,729,A,6,312.51,2023-09-28,Sur,Mayorista,11.0,134.93
8581,1365,C,6,433.49,2023-11-09,Centro,Mayorista,12.1,150.24
8582,1593,E,2,356.24,2023-04-01,Norte,Distribuidor,0.2,176.54
8583,9508,D,19,298.36,2024-02-02,Centro,Tienda,3.3,175.46
8584,4998,E,12,178.61,2023-09-25,Centro,Online,11.0,111.76
8585,6006,B,20,305.32,2023-04-30,Oeste,Distribuidor,3.0,195.79
8586,7141,B,2,137.58,2023-07-06,Oeste,Mayorista,2.9,56.68
8587,5130,B,20,332.92,2023-08-24,Sur,Tienda,5.5,172.13
8588,6746,A,20,473.64,2023-10-22,Norte,Mayorista,4.8,188.26
8589,6653,D,11,473.3,2023-09-04,Oeste,Tienda,9.1,191.27
8590,4730,B,6,140.31,2023-08-01,Oeste,Online,5.1,68.26
8591,2058,E,20,9.57,2023-06-03,Este,Mayorista,0.1,5.33
8592,10104,D,4,322.88,2023-11-25,Norte,Distribuidor,9.8,198.5
8593,1418,D,14,36.0,2023-11-06,Sur,Online,8.9,22.68
8594,3101,E,8,359.86,2023-12-15,Norte,Mayorista,4.2,111.07
8595,9327,B,6,95.65,2023-07-19,Sur,Online,8.2,57.34
8596,5973,C,10,271.95,2023-12-20,Norte,Distribuidor,12.0,134.95
8597,7820,B,20,444.74,2023-11-03,Este,Mayorista,1.3,209.94
8598,4021,E,4,317.53,2023-05-16,Oeste,Distribuidor,2.5,169.41
8599,5675,B,6,336.87,2023-10-14,Este,Mayorista,14.1,121.65
8600,9833,D,18,118.86,2023-10-10,Norte,Online,5.5,63.11
8601,8904,E,19,197.68,2023-12-11,Sur,Online,14.1,102.74
8602,5271,C,3,194.77,2023-03-28,Norte,Mayorista,3.5,77.04
8603,922,E,12,278.72,2023-04-22,Centro,Online,10.2,107.39
8604,9745,C,6,361.88,2023-01-05,Este,Mayorista,5.4,199.47
8605,3383,B,6,409.33,2023-01-16,Sur,Distribuidor,3.3,221.72
8606,4310,C,17,297.13,2023-06-15,Oeste,Tienda,1.9,206.6
8607,4276,C,3,114.2,2023-01-14,Sur,Online,4.0,39.19
8608,3551,C,19,454.29,2023-08-10,Norte,Mayorista,9.1,280.73
8609,8142,C,8,105.2,2023-03-17,Oeste,Online,2.7,58.34
8610,1741,A,6,25.52,2023-09-04,Norte,Mayorista,10.0,16.18
8611,4918,D,15,258.84,2023-03-18,Oeste,Mayorista,9.5,156.46
8612,7529,E,13,413.11,2023-12-15,Oeste,Mayorista,6.6,182.27
8613,8089,E,13,73.57,2023-08-10,Centro,Tienda,0.9,29.93
8614,4068,C,15,398.7,2023-10-18,Oeste,Online,7.0,135.41
8615,942,A,17,103.42,2023-04-12,Norte,Distribuidor,6.9,41.52
8616,4658,E,12,216.7,2023-02-10,Sur,Distribuidor,2.2,97.0
8617,6466,A,13,155.72,2023-05-28,Norte,Mayorista,12.5,86.43
8618,173,C,9,437.44,2023-07-05,Norte,Mayorista,14.7,151.88
8619,5972,A,13,146.19,2023-02-01,Sur,Distribuidor,13.6,93.42
8620,7721,B,17,348.92,2023-07-21,Centro,Mayorista,9.8,218.86
8621,5640,E,5,447.67,2023-03-20,Centro,Distribuidor,1.2,223.03
8622,1077,B,9,124.58,2024-02-03,Oeste,Online,12.8,54.6
8623,6407,A,6,137.34,2023-07-16,Sur,Distribuidor,0.6,67.66
8624,5050,B,17,302.55,2024-01-02,Este,Tienda,1.5,132.97
8625,4919,E,18,21.6,2023-04-12,Norte,Tienda,7.4,12.07
8626,5221,A,10,396.3,2023-06-12,Sur,Online,8.3,263.13
8627,1613,C,14,412.04,2023-05-24,Este,Online,1.1,157.09
8628,8650,C,1,28.24,2023-03-01,Sur,Mayorista,4.0,14.38
8629,3583,C,4,267.83,2023-08-30,Sur,Mayorista,2.2,184.08
8630,246,D,2,429.81,2023-02-11,Sur,Mayorista,12.7,177.17
8631,6831,D,16,464.96,2023-02-14,Este,Tienda,9.2,195.76
8632,10168,A,20,183.93,2023-07-06,Este,Online,10.5,117.16
8633,9825,A,2,157.19,2023-12-02,Sur,Mayorista,5.5,97.41
8634,6940,B,11,67.65,2023-10-28,Sur,Distribuidor,2.8,39.79
8635,1351,E,8,376.92,2024-01-20,Oeste,Mayorista,9.2,225.99
8636,3304,D,1,352.33,2023-08-21,Oeste,Distribuidor,2.0,110.72
8637,2859,D,1,201.87,2023-09-01,Sur,Online,3.3,66.81
8638,5281,B,3,169.65,2023-05-03,Este,Mayorista,14.5,59.8
8639,7053,E,1,127.47,2023-03-31,Centro,Online,9.0,55.15
8640,1661,A,6,428.01,2024-01-15,Oeste,Mayorista,0.1,179.08
8641,7529,A,2,103.66,2023-10-01,Oeste,Online,1.9,41.9
8642,7599,E,17,58.15,2023-03-10,Oeste,Distribuidor,14.0,38.55
8643,9382,A,1,16.91,2023-04-04,Sur,Distribuidor,3.0,8.76
8644,7624,B,0,269.98,2023-12-17,Centro,Tienda,11.7,100.3
8645,8971,A,19,489.6,2023-04-04,Este,Distribuidor,12.4,265.62
8646,8364,D,17,270.77,2023-12-11,Sur,Distribuidor,12.4,171.63
8647,3774,E,15,442.65,2023-01-28,Norte,Distribuidor,1.6,297.26
8648,6719,A,2,72.58,2023-02-27,Este,Distribuidor,7.3,30.4
8649,3383,C,10,24.8,2023-09-19,Centro,Tienda,13.2,16.45
8650,4507,C,12,212.42,2023-02-26,Norte,Tienda,13.2,96.81
8651,7708,A,9,56.07,2023-05-08,Oeste,Mayorista,0.9,25.27
8652,2861,B,0,145.17,2023-07-25,Oeste,Tienda,0.0,47.49
8653,4230,E,8,463.72,2024-01-15,Oeste,Distribuidor,5.2,215.41
8654,999,B,4,27.56,2023-07-11,Centro,Online,5.7,17.2
8655,3750,C,3,483.68,2023-04-15,Centro,Online,1.1,282.92
8656,3255,C,10,489.25,2023-09-20,Oeste,Distribuidor,8.4,165.09
8657,3127,D,4,263.48,2023-04-13,Norte,Distribuidor,5.0,179.17
8658,7986,B,4,112.14,2023-07-08,Norte,Tienda,5.3,42.48
8659,4221,E,8,250.31,2023-12-27,Centro,Distribuidor,11.4,136.74
8660,1464,B,1,323.91,2023-12-26,Norte,Mayorista,6.6,223.35
8661,2482,C,7,313.02,2024-01-07,Este,Online,7.3,137.6
8662,1347,C,17,389.14,2023-08-15,Oeste,Distribuidor,6.8,189.66
8663,4849,B,15,61.48,2023-10-02,Centro,Mayorista,8.2,37.94
8664,721,D,9,133.66,2023-03-01,Sur,Mayorista,10.3,83.9
8665,4373,C,9,450.46,2023-03-24,Norte,Tienda,8.8,172.98
8666,7922,B,0,332.95,2023-02-09,Centro,Tienda,6.1,119.49
8667,207,C,16,227.33,2023-05-27,Este,Online,0.9,131.35
8668,3208,B,10,332.34,2023-05-11,Este,Online,4.6,217.99
8669,9936,B,12,473.16,2023-01-08,Este,Mayorista,5.8,156.59
8670,415,D,6,424.66,2023-11-01,Oeste,Distribuidor,2.6,259.54
8671,4698,C,3,209.68,2023-10-28,Norte,Mayorista,13.5,127.95
8672,4828,E,4,178.09,2023-04-26,Oeste,Online,7.8,80.49
8673,4109,B,3,290.32,2023-03-18,Este,Mayorista,11.0,168.74
8674,9476,D,1,243.0,2023-05-03,Este,Distribuidor,14.5,145.59
8675,9908,A,20,290.13,2023-10-04,Sur,Tienda,14.1,90.23
8676,8488,D,2,92.26,2023-04-18,Norte,Mayorista,11.5,42.47
8677,877,C,0,121.27,2023-12-24,Centro,Distribuidor,9.7,44.96
8678,5678,D,13,67.15,2023-06-25,Este,Tienda,13.7,25.9
8679,5629,A,13,131.73,2023-12-14,Sur,Online,12.9,41.15
8680,5503,C,13,200.49,2023-04-10,Sur,Tienda,1.4,107.06
8681,2452,C,17,297.64,2024-02-05,Sur,Online,0.6,101.5
8682,1456,B,11,127.48,2023-11-07,Oeste,Mayorista,1.5,65.47
8683,10104,C,0,485.98,2023-07-09,Norte,Online,1.4,147.65
8684,4404,E,14,48.69,2023-01-14,Centro,Mayorista,5.5,21.37
8685,232,A,19,236.32,2024-02-01,Este,Distribuidor,14.6,136.47
8686,10236,B,5,451.14,2023-02-08,Norte,Tienda,12.6,267.21
8687,9957,B,12,339.48,2024-01-20,Oeste,Tienda,0.5,212.0
8688,3716,A,8,380.12,2023-07-16,Oeste,Distribuidor,5.0,168.43
8689,3471,B,7,472.31,2024-01-18,Sur,Online,11.5,290.29
8690,1645,D,10,469.92,2023-08-08,Sur,Distribuidor,10.9,233.56
8691,5937,B,4,38.65,2023-05-24,Oeste,Distribuidor,9.8,14.32
8692,8762,E,18,176.52,2023-11-01,Oeste,Mayorista,2.3,89.52
8693,8831,A,6,328.09,2023-07-16,Centro,Distribuidor,14.2,139.73
8694,9685,B,7,356.32,2023-10-12,Norte,Distribuidor,7.7,182.23
8695,3873,D,10,170.17,2024-01-09,Centro,Tienda,3.2,54.07
8696,3723,B,11,282.22,2023-01-05,Sur,Online,4.2,138.37
8697,5409,B,17,448.75,2023-01-04,Sur,Distribuidor,8.2,136.82
8698,9221,B,17,221.56,2023-04-28,Centro,Distribuidor,10.9,105.96
8699,7659,B,4,419.13,2023-07-03,Norte,Mayorista,5.8,202.11
8700,4759,E,8,204.27,2023-11-06,Oeste,Tienda,1.4,123.05
8701,330,A,6,195.79,2024-01-14,Centro,Online,5.8,81.56
8702,7032,A,3,495.77,2023-12-17,Sur,Tienda,13.8,237.12
8703,5068,D,19,262.68,2023-11-01,Este,Mayorista,9.6,145.15
8704,398,B,5,162.56,2023-01-01,Sur,Online,4.8,59.36
8705,5140,C,9,36.82,2024-02-05,Este,Tienda,3.6,19.73
8706,6013,C,5,329.86,2023-05-25,Centro,Mayorista,5.9,100.86
8707,1139,E,3,150.01,2024-01-31,Este,Distribuidor,1.0,71.41
8708,10410,A,18,370.97,2023-03-03,Sur,Tienda,9.3,189.45
8709,872,D,4,271.24,2024-01-22,Oeste,Online,2.2,160.48
8710,3960,C,7,350.12,2023-08-15,Sur,Online,14.5,144.68
8711,6871,E,12,391.42,2023-06-13,Oeste,Mayorista,11.1,150.17
8712,4998,C,1,253.36,2023-03-04,Este,Distribuidor,10.4,175.12
8713,1010,A,18,56.15,2024-01-16,Norte,Distribuidor,11.7,36.3
8714,3947,A,11,495.71,2023-10-07,Este,Online,7.3,241.85
8715,1024,A,19,143.07,2023-06-07,Centro,Mayorista,6.4,93.56
8716,8043,A,13,314.43,2023-01-21,Sur,Online,0.6,186.04
8717,5728,E,7,102.17,2023-08-15,Sur,Mayorista,2.0,68.49
8718,6790,B,9,97.18,2023-08-21,Centro,Distribuidor,9.4,57.46
8719,7347,D,11,443.9,2023-08-11,Centro,Tienda,4.5,310.13
8720,1352,C,0,387.74,2023-10-10,Este,Mayorista,3.2,269.71
8721,6006,A,3,416.81,2023-12-29,Este,Distribuidor,9.0,249.1
8722,6815,B,10,69.72,2023-11-28,Norte,Mayorista,2.4,39.99
8723,5859,B,11,274.31,2023-02-19,Este,Distribuidor,6.0,153.03
8724,6873,D,4,104.88,2023-02-12,Centro,Distribuidor,0.2,60.9
8725,3817,A,8,166.28,2023-12-31,Oeste,Online,7.0,62.37
8726,1715,E,17,134.41,2023-01-12,Sur,Mayorista,13.8,43.94
8727,5513,E,5,417.31,2023-09-04,Centro,Mayorista,4.5,186.76
8728,843,D,20,495.45,2023-12-22,Este,Online,12.9,305.56
8729,3470,A,10,9.47,2023-01-21,Oeste,Tienda,14.6,6.16
8730,2011,E,9,140.71,2023-06-05,Este,Mayorista,0.6,68.19
8731,2338,B,19,189.68,2023-09-30,Centro,Mayorista,9.1,64.73
8732,2674,D,14,26.88,2023-04-08,Oeste,Distribuidor,14.3,8.43
8733,7307,B,13,305.47,2023-05-13,Oeste,Online,7.3,148.86
8734,2945,D,0,295.14,2023-08-12,Centro,Tienda,14.6,200.86
8735,6170,A,17,308.74,2023-10-26,Centro,Tienda,8.1,130.45
8736,1784,D,6,182.84,2023-12-18,Este,Tienda,0.5,101.11
8737,6527,E,11,331.38,2023-04-19,Este,Tienda,3.1,153.69
8738,3540,A,18,417.99,2023-03-16,Norte,Distribuidor,6.2,236.71
8739,1408,B,20,262.39,2023-06-13,Este,Tienda,5.2,115.58
8740,6505,A,19,260.38,2023-05-28,Sur,Mayorista,3.4,134.01
8741,4733,C,16,459.24,2023-09-30,Centro,Distribuidor,8.2,175.13
8742,982,B,20,116.93,2023-03-22,Norte,Online,0.1,42.41
8743,3272,D,20,483.79,2023-02-04,Este,Online,12.8,230.53
8744,7297,E,16,457.87,2023-02-05,Oeste,Online,0.8,138.52
8745,7566,E,18,334.41,2023-06-21,Este,Mayorista,4.0,111.3
8746,1182,A,13,27.94,2023-07-31,Centro,Distribuidor,10.9,17.88
8747,4181,B,15,457.04,2023-10-16,Norte,Mayorista,9.3,286.8
8748,7134,E,18,282.2,2023-09-28,Centro,Mayorista,6.8,154.18
8749,10137,B,8,414.73,2023-11-03,Sur,Tienda,7.6,230.7
8750,396,B,6,130.27,2023-06-08,Este,Online,13.2,59.69
8751,4212,A,16,399.92,2023-06-17,Este,Online,5.3,233.26
8752,1410,A,3,168.16,2023-12-28,Sur,Online,13.4,82.18
8753,9733,C,5,78.42,2023-02-11,Sur,Mayorista,1.3,29.03
8754,3277,C,7,499.8,2023-09-12,Centro,Mayorista,2.8,334.25
8755,8754,C,3,235.91,2023-12-02,Norte,Distribuidor,10.9,146.81
8756,8083,B,17,42.53,2023-10-17,Oeste,Tienda,4.7,16.39
8757,199,D,6,162.68,2023-03-20,Oeste,Mayorista,4.9,69.37
8758,9251,E,18,67.2,2023-02-21,Sur,Distribuidor,5.0,43.5
8759,775,C,16,149.37,2023-06-10,Centro,Distribuidor,8.2,80.54
8760,5328,C,4,79.58,2023-07-15,Norte,Tienda,9.6,38.94
8761,7290,E,13,72.63,2023-10-18,Centro,Mayorista,11.4,30.65
8762,8037,D,5,147.21,2023-10-25,Norte,Online,13.4,96.31
8763,2968,D,6,26.97,2023-01-30,Sur,Distribuidor,6.8,18.5
8764,10258,A,3,165.43,2023-03-31,Oeste,Mayorista,6.7,51.79
8765,8575,D,17,86.28,2023-11-15,Centro,Tienda,10.7,32.75
8766,1871,E,14,444.61,2023-02-25,Centro,Mayorista,1.3,234.59
8767,6641,D,16,34.4,2023-08-24,Este,Online,6.5,12.03
8768,8524,A,14,359.7,2023-07-02,Oeste,Tienda,7.3,202.03
8769,9595,B,15,58.51,2023-06-07,Oeste,Distribuidor,12.2,23.34
8770,9702,C,18,361.3,2023-11-05,Sur,Mayorista,0.8,124.1
8771,6273,B,9,460.19,2023-06-03,Oeste,Distribuidor,6.2,237.11
8772,9091,A,9,237.43,2023-10-13,Oeste,Online,14.3,141.65
8773,6243,E,13,48.11,2023-12-20,Oeste,Mayorista,12.9,18.26
8774,530,C,11,16.56,2023-03-10,Sur,Online,14.4,7.46
8775,7212,B,11,498.63,2023-08-24,Centro,Distribuidor,1.6,325.21
8776,6681,E,5,368.08,2023-01-23,Oeste,Distribuidor,3.0,230.75
8777,5758,D,2,96.31,2024-02-02,Centro,Mayorista,13.7,56.72
8778,7373,D,10,233.23,2023-04-27,Este,Mayorista,12.0,107.2
8779,149,B,9,131.11,2023-03-09,Sur,Distribuidor,14.0,79.88
8780,4178,D,11,343.63,2023-05-21,Centro,Mayorista,8.9,104.04
8781,6558,E,8,58.6,2023-02-20,Este,Tienda,10.5,31.92
8782,606,C,13,119.12,2023-05-12,Sur,Tienda,7.3,59.26
8783,524,D,8,26.64,2023-12-04,Sur,Mayorista,9.6,10.49
8784,3044,E,15,343.7,2023-09-09,Oeste,Online,8.8,126.8
8785,2192,E,18,329.43,2023-05-07,Sur,Distribuidor,1.6,154.78
8786,3629,D,19,331.76,2023-10-15,Oeste,Distribuidor,13.7,205.41
8787,657,A,19,442.22,2023-09-30,Sur,Mayorista,5.9,161.37
8788,2070,C,10,306.25,2023-02-02,Sur,Tienda,10.7,140.47
8789,9639,D,20,384.44,2023-08-26,Sur,Distribuidor,1.5,183.5
8790,6031,E,12,144.51,2023-09-10,Oeste,Distribuidor,0.4,57.26
8791,2671,A,4,32.81,2024-01-14,Oeste,Tienda,12.3,19.77
8792,5659,C,8,122.56,2023-10-13,Centro,Mayorista,13.2,60.57
8793,10125,B,17,446.91,2023-08-07,Norte,Online,11.7,284.78
8794,6152,D,20,10.53,2023-12-11,Sur,Tienda,11.8,3.3
8795,6442,E,14,194.8,2023-10-25,Norte,Distribuidor,12.1,130.68
8796,242,A,9,171.38,2023-07-27,Norte,Distribuidor,13.2,71.8
8797,273,E,15,113.31,2023-10-02,Norte,Tienda,4.0,74.59
8798,1008,C,12,145.39,2023-10-15,Sur,Online,0.5,69.68
8799,2386,E,15,107.35,2023-01-20,Norte,Tienda,8.5,73.85
8800,9585,E,10,201.18,2023-12-27,Centro,Distribuidor,10.9,72.54
8801,2096,D,20,19.72,2023-04-10,Oeste,Tienda,14.5,10.68
8802,5210,E,3,291.41,2023-01-20,Centro,Online,6.7,169.33
8803,6906,E,7,172.01,2023-08-26,Sur,Distribuidor,3.9,72.17
8804,8839,A,14,311.47,2023-07-28,Oeste,Mayorista,5.0,203.94
8805,3532,E,14,456.89,2023-10-08,Sur,Tienda,9.5,194.59
8806,6741,B,1,152.08,2023-11-08,Oeste,Online,6.7,89.11
8807,9487,A,1,381.3,2024-01-08,Centro,Online,8.7,236.28
8808,7671,D,2,381.8,2024-01-16,Este,Mayorista,12.8,150.9
8809,5874,C,16,32.23,2023-04-06,Este,Distribuidor,13.9,17.23
8810,5853,A,12,84.49,2023-08-27,Centro,Tienda,3.4,55.91
8811,8922,C,15,241.69,2023-08-19,Oeste,Online,12.0,151.81
8812,6987,C,1,457.4,2023-06-21,Norte,Distribuidor,10.0,269.86
8813,6928,E,13,111.2,2023-07-21,Este,Tienda,8.3,72.77
8814,3530,D,16,254.85,2023-04-27,Norte,Tienda,3.2,117.21
8815,3899,C,20,246.38,2023-05-18,Sur,Distribuidor,6.3,89.03
8816,9944,D,19,429.32,2023-08-19,Sur,Online,9.3,182.97
8817,4489,C,17,460.65,2023-10-13,Oeste,Distribuidor,5.8,193.18
8818,1451,C,6,93.44,2023-01-26,Este,Mayorista,4.0,41.07
8819,5780,A,9,248.77,2024-01-21,Centro,Online,11.8,156.04
8820,4627,B,14,327.5,2023-03-24,Centro,Tienda,1.2,215.27
8821,9560,B,0,128.56,2023-05-13,Norte,Mayorista,6.9,49.75
8822,4909,E,1,44.82,2023-03-15,Oeste,Online,11.6,23.05
8823,5732,B,19,135.36,2023-01-04,Oeste,Online,4.8,73.58
8824,1841,A,17,137.88,2023-01-25,Norte,Mayorista,3.6,94.11
8825,2642,C,15,275.93,2023-04-20,Norte,Distribuidor,7.9,192.53
8826,7579,C,11,43.46,2023-10-12,Norte,Online,4.7,27.17
8827,9031,A,16,5.53,2023-12-07,Norte,Mayorista,15.0,2.39
8828,6004,C,4,107.4,2023-05-23,Sur,Mayorista,6.6,64.47
8829,2156,B,19,186.57,2023-08-05,Centro,Distribuidor,0.0,56.39
8830,5043,B,16,15.97,2023-01-22,Centro,Online,13.0,9.24
8831,130,C,6,145.25,2023-12-06,Sur,Tienda,3.0,97.93
8832,5897,D,12,100.2,2023-06-23,Centro,Online,11.6,62.26
8833,3492,E,16,310.3,2023-05-08,Este,Distribuidor,13.1,140.1
8834,4622,D,2,29.84,2023-10-01,Sur,Mayorista,13.0,11.05
8835,9757,B,2,341.7,2023-07-01,Norte,Mayorista,10.1,206.11
8836,7898,A,9,360.67,2023-09-24,Sur,Tienda,7.5,120.9
8837,1396,B,6,342.02,2023-05-28,Norte,Tienda,9.1,142.17
8838,4413,B,19,397.25,2023-12-14,Norte,Distribuidor,11.6,173.43
8839,10409,C,0,154.73,2024-01-20,Norte,Tienda,14.6,107.34
8840,8888,B,13,150.22,2023-01-21,Oeste,Online,13.1,87.82
8841,5767,E,3,191.51,2023-08-09,Norte,Tienda,9.7,124.91
8842,9330,C,19,46.95,2023-03-20,Norte,Tienda,14.0,29.52
8843,1763,C,13,183.81,2023-05-23,Norte,Online,1.3,106.3
8844,4528,E,12,191.05,2023-09-25,Oeste,Tienda,1.9,83.58
8845,4399,A,16,395.49,2023-05-15,Norte,Online,6.6,257.38
8846,4586,B,8,358.59,2023-04-28,Sur,Tienda,9.6,227.52
8847,4205,C,5,346.99,2023-04-20,Norte,Distribuidor,3.0,148.87
8848,9085,A,8,142.43,2023-06-27,Sur,Tienda,10.0,81.52
8849,8948,A,6,445.33,2023-01-12,Sur,Tienda,12.4,200.29
8850,9700,A,2,379.41,2023-04-17,Centro,Distribuidor,1.1,198.96
8851,4417,D,7,376.6,2023-08-11,Norte,Mayorista,9.6,239.01
8852,372,D,11,465.87,2023-02-02,Norte,Distribuidor,10.4,326.0
8853,3855,D,8,311.71,2023-10-11,Norte,Tienda,11.9,203.27
8854,8148,A,8,134.0,2023-08-27,Oeste,Tienda,11.5,45.08
8855,5995,D,0,419.45,2023-08-14,Oeste,Tienda,5.1,168.72
8856,3449,B,0,118.23,2023-10-24,Sur,Online,2.0,79.92
8857,1481,D,3,222.26,2023-06-28,Sur,Mayorista,12.2,69.85
8858,773,B,17,38.42,2023-08-22,Oeste,Tienda,11.6,20.42
8859,5773,A,19,381.29,2023-01-26,Oeste,Mayorista,10.3,204.43
8860,2673,C,4,443.12,2023-01-11,Este,Mayorista,13.6,137.06
8861,4607,D,18,152.42,2023-03-24,Este,Tienda,10.0,100.44
8862,5384,B,16,249.67,2023-08-02,Centro,Distribuidor,1.9,155.54
8863,9322,A,20,180.01,2023-03-16,Norte,Online,9.2,94.69
8864,9746,E,9,29.72,2023-08-19,Oeste,Mayorista,2.2,19.76
8865,4844,C,14,364.68,2023-06-11,Norte,Distribuidor,9.6,229.66
8866,692,A,0,377.51,2023-12-26,Centro,Tienda,2.9,178.26
8867,8367,E,3,224.96,2023-11-14,Este,Distribuidor,6.2,102.3
8868,6916,A,19,238.56,2024-01-20,Sur,Tienda,12.4,153.4
8869,1081,A,16,46.77,2023-05-09,Norte,Online,5.6,14.25
8870,3723,D,4,242.81,2023-07-09,Oeste,Tienda,11.5,94.38
8871,9519,B,19,51.38,2023-03-24,Oeste,Distribuidor,12.8,18.06
8872,2880,D,19,182.24,2023-11-10,Norte,Distribuidor,1.7,106.81
8873,6842,B,2,128.95,2023-01-08,Este,Distribuidor,9.9,84.15
8874,191,D,13,443.02,2023-03-26,Este,Online,3.5,237.57
8875,3388,C,14,24.94,2023-04-22,Este,Mayorista,14.3,8.82
8876,5484,E,0,224.32,2023-05-07,Oeste,Online,5.7,123.2
8877,4458,A,17,9.78,2023-03-21,Este,Tienda,14.1,6.35
8878,3839,B,16,120.25,2023-02-06,Norte,Tienda,0.6,41.76
8879,8064,A,6,65.19,2023-01-18,Norte,Tienda,1.8,20.97
8880,7862,B,20,193.92,2023-06-18,Norte,Tienda,4.8,108.79
8881,1639,E,17,70.2,2023-02-26,Centro,Tienda,14.6,34.27
8882,6480,C,16,30.23,2023-01-13,Este,Mayorista,12.6,13.37
8883,8310,E,2,27.87,2023-07-18,Sur,Online,3.3,14.95
8884,4828,D,15,216.08,2023-07-27,Centro,Distribuidor,14.6,115.35
8885,1147,A,8,497.22,2024-02-01,Este,Distribuidor,1.9,189.42
8886,4959,A,6,277.38,2023-04-02,Norte,Tienda,9.7,105.34
8887,8432,B,7,319.75,2023-09-25,Centro,Online,1.2,196.96
8888,1171,C,19,122.14,2023-11-03,Centro,Tienda,0.7,56.22
8889,5036,B,5,484.83,2023-09-16,Este,Distribuidor,0.1,258.78
8890,2101,A,13,222.04,2023-01-18,Sur,Tienda,3.8,140.37
8891,7705,A,18,143.78,2023-09-21,Sur,Distribuidor,12.7,66.17
8892,2097,E,8,185.57,2023-02-11,Este,Tienda,0.0,63.19
8893,2846,A,17,295.45,2023-07-03,Centro,Tienda,2.7,157.09
8894,503,E,4,470.89,2024-01-01,Este,Mayorista,5.7,274.37
8895,8629,B,17,367.11,2023-08-17,Oeste,Online,13.8,249.94
8896,4897,C,8,423.61,2023-10-13,Sur,Mayorista,14.6,277.42
8897,1756,D,5,38.48,2023-09-16,Centro,Mayorista,5.9,16.88
8898,3717,E,10,277.89,2023-02-28,Centro,Tienda,1.9,89.43
8899,1622,A,13,493.23,2023-01-13,Sur,Mayorista,6.6,198.92
8900,6702,B,19,146.0,2023-11-25,Centro,Tienda,3.7,47.09
8901,9488,C,16,222.81,2023-10-04,Norte,Online,10.3,82.6
8902,6832,E,11,72.8,2023-09-09,Este,Tienda,3.0,27.68
8903,2380,E,6,130.4,2024-01-01,Norte,Tienda,9.3,69.02
8904,2577,D,16,238.2,2024-01-03,Norte,Tienda,14.0,134.89
8905,8230,A,13,363.19,2024-01-08,Oeste,Mayorista,14.3,165.24
8906,6574,E,2,238.23,2023-10-03,Norte,Tienda,12.7,111.68
8907,2944,C,0,405.57,2023-06-26,Sur,Mayorista,5.2,281.12
8908,4918,E,3,138.47,2023-01-22,Centro,Distribuidor,4.8,60.88
8909,4444,E,3,126.25,2024-01-13,Norte,Distribuidor,8.9,43.17
8910,1979,A,16,154.56,2023-07-20,Norte,Tienda,12.1,78.22
8911,7276,D,0,448.76,2023-01-25,Este,Mayorista,10.1,166.35
8912,3686,D,6,364.07,2023-12-17,Este,Online,12.0,250.99
8913,5594,A,7,465.05,2023-08-26,Norte,Distribuidor,10.8,204.3
8914,7409,D,16,55.64,2023-05-26,Sur,Distribuidor,0.4,25.11
8915,5297,E,1,54.58,2023-07-21,Este,Mayorista,7.3,18.25
8916,3864,C,18,326.26,2024-01-23,Sur,Distribuidor,3.9,209.5
8917,3658,A,12,50.61,2023-09-06,Este,Tienda,12.7,20.74
8918,10171,C,13,76.17,2024-01-30,Oeste,Tienda,2.1,27.2
8919,10363,B,13,127.39,2023-01-19,Norte,Distribuidor,8.5,82.35
8920,8696,E,3,29.58,2023-12-31,Sur,Online,5.0,9.74
8921,6459,D,15,252.68,2023-03-20,Oeste,Mayorista,7.8,83.94
8922,8441,B,9,119.86,2024-01-25,Norte,Distribuidor,7.8,43.38
8923,6980,B,3,401.34,2023-07-17,Centro,Tienda,11.9,271.45
8924,3197,D,13,245.41,2023-05-01,Norte,Distribuidor,9.5,92.67
8925,3221,E,20,158.87,2023-06-24,Norte,Online,9.5,70.68
8926,4137,C,17,228.16,2023-11-17,Centro,Tienda,1.5,142.87
8927,4810,A,5,179.1,2023-08-11,Oeste,Tienda,1.9,105.44
8928,2992,E,13,110.12,2024-01-16,Oeste,Distribuidor,10.3,39.73
8929,966,A,9,218.58,2023-04-15,Norte,Distribuidor,4.5,81.76
8930,539,E,13,413.21,2023-02-08,Oeste,Tienda,1.7,195.81
8931,760,D,0,130.13,2023-11-06,Oeste,Online,7.6,68.14
8932,8787,B,7,306.44,2023-04-16,Este,Tienda,10.0,191.4
8933,6076,B,9,13.62,2023-06-28,Oeste,Tienda,4.6,4.74
8934,3829,D,0,61.35,2023-04-20,Norte,Mayorista,11.8,20.83
8935,4951,E,4,220.76,2023-11-07,Sur,Mayorista,4.4,126.43
8936,1538,C,15,198.83,2024-01-24,Norte,Online,2.0,131.44
8937,9049,E,0,220.61,2023-05-07,Centro,Mayorista,2.0,73.39
8938,4649,C,1,114.57,2023-08-29,Oeste,Online,4.1,75.53
8939,7638,D,17,105.0,2023-05-26,Sur,Tienda,7.2,46.61
8940,647,E,13,424.41,2023-10-29,Oeste,Distribuidor,9.6,210.56
8941,10384,E,9,320.98,2023-10-13,Norte,Distribuidor,11.3,121.19
8942,4034,C,12,248.92,2023-07-05,Oeste,Mayorista,11.6,154.92
8943,1355,E,7,84.88,2023-10-29,Centro,Distribuidor,0.2,46.25
8944,8442,C,6,231.77,2024-01-21,Este,Online,7.1,161.14
8945,1954,E,12,385.26,2023-06-19,Centro,Mayorista,1.3,228.4
8946,7254,E,1,363.88,2023-04-20,Sur,Distribuidor,1.1,122.98
8947,4946,C,18,239.27,2023-12-18,Este,Mayorista,5.0,136.28
8948,4222,A,8,20.9,2023-09-27,Norte,Tienda,12.6,6.28
8949,314,B,3,58.97,2023-07-25,Norte,Distribuidor,3.0,24.45
8950,3956,B,20,66.13,2023-02-12,Norte,Mayorista,12.0,42.4
8951,8489,E,7,215.34,2023-06-10,Centro,Tienda,8.9,71.38
8952,9215,A,13,367.76,2023-08-08,Sur,Distribuidor,0.1,175.64
8953,7695,E,9,116.45,2023-03-29,Sur,Tienda,9.4,53.7
8954,7976,C,11,18.04,2023-11-22,Este,Mayorista,0.7,9.25
8955,8728,D,14,180.45,2023-11-27,Centro,Online,11.2,67.69
8956,5291,D,2,444.89,2023-03-08,Este,Tienda,13.0,211.78
8957,5948,D,1,204.61,2023-12-22,Este,Distribuidor,2.5,134.3
8958,8291,E,10,328.71,2023-08-22,Sur,Distribuidor,7.6,132.66
8959,5862,E,8,348.98,2023-03-28,Oeste,Online,1.0,156.25
8960,7943,B,0,236.35,2024-02-04,Centro,Tienda,0.6,136.2
8961,2524,B,10,399.54,2023-06-20,Sur,Tienda,3.3,177.86
8962,5932,C,18,319.86,2023-10-24,Este,Online,14.7,132.96
8963,2585,D,16,163.56,2024-01-28,Sur,Online,6.6,69.78
8964,454,D,17,458.19,2023-01-26,Centro,Mayorista,8.6,199.84
8965,5128,E,19,270.7,2023-01-09,Oeste,Online,2.8,139.91
8966,4822,B,3,274.11,2023-04-04,Norte,Distribuidor,14.0,86.54
8967,2644,E,13,227.84,2023-02-12,Sur,Mayorista,1.5,139.38
8968,6581,D,1,308.14,2023-09-06,Centro,Tienda,11.0,147.75
8969,1964,A,15,68.13,2023-09-17,Centro,Tienda,7.4,42.42
8970,6625,B,19,133.11,2023-01-26,Centro,Mayorista,1.7,79.39
8971,7225,A,0,401.89,2023-07-09,Norte,Online,11.9,238.32
8972,5693,A,2,358.28,2023-01-06,Norte,Distribuidor,7.5,245.83
8973,2571,D,20,494.98,2023-04-06,Centro,Distribuidor,12.9,300.22
8974,5743,E,18,343.5,2023-08-30,Oeste,Mayorista,6.8,170.21
8975,1773,A,4,155.97,2023-12-12,Sur,Distribuidor,3.5,58.39
8976,9824,B,4,456.97,2023-10-30,Este,Distribuidor,9.7,270.01
8977,53,B,17,400.03,2023-09-19,Oeste,Tienda,3.8,145.96
8978,199,A,17,479.35,2024-01-10,Oeste,Mayorista,6.6,305.61
8979,272,C,11,454.74,2023-04-21,Este,Online,0.2,183.93
8980,2745,C,18,137.94,2023-10-02,Norte,Distribuidor,4.8,74.33
8981,4947,E,7,185.78,2023-04-26,Sur,Tienda,8.4,122.11
8982,8149,D,20,375.49,2023-11-28,Sur,Tienda,4.3,140.59
8983,4516,B,9,299.73,2023-06-03,Centro,Distribuidor,4.3,172.95
8984,279,A,15,227.33,2023-10-01,Oeste,Tienda,5.6,101.5
8985,10090,E,7,152.34,2023-04-22,Centro,Mayorista,13.9,81.64
8986,432,D,17,447.35,2023-02-07,Norte,Mayorista,1.0,186.21
8987,2133,C,6,19.02,2023-10-18,Norte,Distribuidor,12.5,11.52
8988,8464,B,1,187.28,2023-02-06,Norte,Tienda,9.0,59.31
8989,9277,B,19,377.86,2023-03-09,Este,Distribuidor,3.0,115.04
8990,750,D,1,419.2,2023-01-19,Centro,Mayorista,12.1,277.66
8991,3333,C,4,422.57,2023-03-06,Centro,Tienda,9.2,239.01
8992,9802,B,4,434.56,2023-09-10,Sur,Mayorista,12.6,160.14
8993,7636,D,5,206.64,2023-01-27,Oeste,Distribuidor,7.0,113.78
8994,2746,E,13,497.86,2023-05-15,Centro,Distribuidor,1.8,345.82
8995,7565,E,9,16.25,2023-10-06,Este,Online,2.2,11.03
8996,5041,A,6,21.59,2023-04-28,Este,Mayorista,3.3,10.96
8997,8196,E,18,368.06,2023-01-06,Este,Distribuidor,12.4,217.47
8998,3812,D,14,329.49,2023-08-09,Oeste,Mayorista,10.5,158.62
8999,7507,B,14,447.45,2023-06-27,Norte,Tienda,13.3,214.41
9000,1505,A,8,337.85,2023-11-25,Centro,Mayorista,2.5,159.72
9001,10174,C,5,19.88,2023-05-23,Centro,Distribuidor,14.2,11.96
9002,5064,B,11,368.95,2023-03-02,Sur,Tienda,13.1,184.93
9003,7127,D,10,467.37,2023-04-21,Sur,Mayorista,10.9,291.99
9004,9142,D,3,219.65,2023-04-30,Sur,Distribuidor,12.8,98.7
9005,10278,B,17,86.76,2023-05-05,Oeste,Mayorista,6.9,28.82
9006,3966,C,13,477.21,2023-04-26,Oeste,Tienda,9.4,188.78
9007,1015,C,13,270.22,2023-11-24,Sur,Distribuidor,4.6,188.3
9008,6672,A,1,25.41,2023-06-25,Sur,Distribuidor,3.8,11.95
9009,1871,E,16,147.53,2023-09-16,Este,Tienda,12.5,53.79
9010,3416,E,17,146.53,2023-06-13,Norte,Mayorista,0.5,60.39
9011,9152,B,1,261.42,2023-01-06,Oeste,Distribuidor,14.9,154.05
9012,2481,A,6,36.55,2023-04-23,Este,Mayorista,13.7,14.17
9013,1625,C,15,191.79,2023-01-02,Centro,Tienda,8.9,89.92
9014,10410,E,11,318.79,2023-09-13,Norte,Mayorista,5.7,135.78
9015,6491,E,13,69.22,2023-01-14,Norte,Mayorista,14.2,20.93
9016,6693,B,11,454.08,2023-10-04,Centro,Tienda,9.5,151.79
9017,2526,E,17,199.01,2023-08-19,Este,Online,13.9,138.49
9018,2825,D,14,295.49,2023-07-21,Oeste,Mayorista,12.6,102.82
9019,9953,A,13,80.04,2023-04-02,Sur,Distribuidor,1.2,43.32
9020,1591,A,3,80.5,2023-07-16,Este,Online,8.2,27.84
9021,1504,D,8,59.15,2023-05-03,Centro,Mayorista,8.0,38.28
9022,10420,B,19,87.46,2023-11-23,Sur,Tienda,5.5,36.47
9023,616,E,18,207.12,2023-05-17,Centro,Tienda,6.5,85.9
9024,4428,C,0,136.33,2023-12-15,Centro,Distribuidor,9.7,65.0
9025,7174,B,4,255.84,2023-01-09,Norte,Tienda,1.9,175.47
9026,2723,B,9,308.32,2023-08-23,Oeste,Tienda,0.6,145.01
9027,7265,A,17,129.68,2023-06-22,Oeste,Mayorista,4.1,75.82
9028,592,B,8,108.14,2023-09-14,Sur,Mayorista,9.1,46.43
9029,9316,D,20,366.26,2023-03-14,Sur,Distribuidor,10.2,141.73
9030,6577,C,17,419.28,2024-01-03,Centro,Online,11.2,193.51
9031,3303,C,8,147.83,2023-07-24,Oeste,Tienda,7.8,53.81
9032,7166,D,0,10.08,2023-06-07,Centro,Distribuidor,11.0,5.51
9033,897,D,20,485.48,2023-08-27,Sur,Tienda,12.9,218.95
9034,588,D,0,400.31,2023-12-20,Norte,Tienda,7.9,168.61
9035,5743,E,17,473.29,2023-01-04,Este,Tienda,6.8,277.4
9036,404,C,15,376.08,2024-01-17,Oeste,Distribuidor,10.0,220.61
9037,3330,A,9,205.83,2023-10-22,Este,Tienda,3.8,112.72
9038,8280,B,17,113.63,2023-03-13,Este,Distribuidor,3.2,52.68
9039,9174,D,4,487.34,2023-07-15,Oeste,Mayorista,10.2,313.12
9040,7882,D,15,426.27,2023-11-06,Sur,Tienda,2.1,186.56
9041,2434,B,3,169.28,2023-11-26,Centro,Mayorista,4.5,52.19
9042,835,A,8,224.96,2024-02-03,Este,Tienda,6.7,71.17
9043,10275,E,2,8.28,2024-01-27,Sur,Distribuidor,8.1,4.56
9044,809,E,15,269.84,2023-08-22,Centro,Online,12.0,171.14
9045,7871,A,5,454.35,2023-04-30,Norte,Online,10.7,250.11
9046,3854,A,17,107.91,2024-01-06,Oeste,Distribuidor,7.5,54.22
9047,4811,B,2,36.78,2023-04-17,Norte,Mayorista,6.9,23.13
9048,7183,D,12,462.23,2023-08-24,Oeste,Online,12.3,245.54
9049,5710,D,1,423.18,2023-10-07,Sur,Online,0.7,170.27
9050,1310,D,2,180.44,2023-03-14,Este,Mayorista,8.0,90.55
9051,2575,C,17,459.72,2023-10-24,Sur,Tienda,11.7,289.7
9052,484,C,18,200.06,2023-10-18,Sur,Mayorista,2.6,66.13
9053,5737,B,1,42.2,2023-10-18,Este,Distribuidor,14.6,28.75
9054,2318,C,15,266.06,2023-01-18,Norte,Distribuidor,4.5,128.4
9055,8224,D,0,305.52,2023-07-28,Centro,Tienda,13.5,126.15
9056,4354,B,1,87.22,2023-09-29,Oeste,Tienda,6.5,42.21
9057,7774,A,0,449.18,2023-08-04,Centro,Tienda,11.9,230.45
9058,5116,D,17,407.25,2023-08-23,Norte,Online,9.9,202.27
9059,2741,C,0,251.8,2023-04-27,Centro,Distribuidor,13.1,115.57
9060,2738,D,9,123.62,2023-05-02,Norte,Tienda,1.4,74.06
9061,8688,B,11,127.05,2023-05-29,Sur,Tienda,9.1,87.68
9062,6881,E,4,346.08,2023-07-12,Oeste,Tienda,5.7,147.38
9063,622,E,12,113.54,2023-09-08,Centro,Mayorista,11.4,51.71
9064,9432,E,2,180.67,2023-09-12,Sur,Online,2.1,96.43
9065,4956,B,12,108.67,2023-03-21,Centro,Distribuidor,8.8,59.36
9066,10024,E,6,420.54,2023-05-31,Este,Tienda,11.3,253.97
9067,2685,A,5,232.89,2024-01-21,Este,Mayorista,14.5,74.74
9068,3079,D,8,221.01,2023-08-29,Sur,Mayorista,4.4,107.02
9069,5236,C,18,126.59,2023-06-11,Centro,Online,10.2,43.44
9070,9469,B,13,33.01,2023-01-07,Oeste,Online,12.0,17.19
9071,5138,B,18,192.7,2023-03-27,Sur,Tienda,10.7,126.05
9072,3165,C,9,187.18,2023-06-25,Norte,Online,2.8,58.86
9073,6639,E,3,188.78,2023-02-15,Norte,Tienda,3.0,116.25
9074,8541,E,5,300.16,2023-03-27,Sur,Online,10.7,129.18
9075,10323,B,9,105.14,2023-02-15,Sur,Online,1.1,37.08
9076,3943,C,5,200.19,2023-06-11,Centro,Tienda,9.6,129.32
9077,2274,C,2,233.88,2023-12-10,Norte,Distribuidor,13.8,93.59
9078,5842,A,12,471.86,2023-09-17,Sur,Distribuidor,10.2,245.99
9079,10270,B,6,163.19,2023-11-15,Este,Mayorista,12.5,85.42
9080,5621,E,6,367.47,2023-03-02,Sur,Tienda,4.8,203.08
9081,8446,A,16,12.14,2023-07-20,Este,Tienda,0.8,4.32
9082,747,B,0,284.16,2023-02-15,Norte,Tienda,0.2,134.01
9083,4670,C,1,171.69,2023-06-05,Sur,Mayorista,8.1,64.68
9084,2393,C,11,167.88,2023-07-14,Sur,Mayorista,4.6,79.83
9085,8328,D,9,369.82,2023-09-29,Sur,Tienda,10.0,184.58
9086,3760,B,0,303.34,2023-12-24,Este,Online,1.3,165.6
9087,6793,C,0,35.39,2023-08-29,Norte,Mayorista,8.5,16.02
9088,6880,C,2,281.89,2023-02-03,Centro,Tienda,9.9,120.06
9089,4959,E,17,455.48,2023-04-22,Oeste,Distribuidor,4.8,310.75
9090,3815,B,14,154.07,2023-07-15,Sur,Tienda,7.6,49.43
9091,3423,D,19,233.85,2023-04-24,Centro,Distribuidor,7.5,162.44
9092,1239,B,14,205.86,2023-08-14,Sur,Tienda,1.9,86.81
9093,3639,D,16,217.29,2023-08-16,Centro,Mayorista,10.9,103.85
9094,3933,D,11,319.44,2023-02-19,Sur,Mayorista,8.0,108.7
9095,3424,C,7,252.07,2023-12-24,Norte,Tienda,5.7,110.4
9096,4319,B,20,338.1,2023-01-18,Centro,Tienda,12.1,227.51
9097,7481,B,16,158.27,2024-02-05,Sur,Distribuidor,6.0,91.66
9098,2901,D,3,193.07,2023-11-29,Este,Mayorista,13.4,67.82
9099,2940,B,18,37.8,2023-05-13,Este,Mayorista,6.0,19.15
9100,7779,B,4,477.24,2023-09-21,Oeste,Distribuidor,2.1,213.23
9101,5798,E,5,325.96,2023-11-11,Oeste,Tienda,1.1,119.13
9102,10244,E,10,326.38,2023-10-10,Sur,Distribuidor,1.5,184.39
9103,2201,B,12,346.98,2023-04-14,Sur,Distribuidor,9.0,152.38
9104,8679,E,19,312.89,2024-01-25,Sur,Online,4.8,144.23
9105,9039,A,1,10.71,2023-11-01,Sur,Distribuidor,9.4,5.67
9106,6362,C,17,217.88,2023-10-16,Centro,Online,4.3,69.31
9107,3939,A,13,107.82,2023-08-29,Oeste,Online,5.7,58.28
9108,3900,E,11,199.94,2023-04-02,Sur,Distribuidor,9.5,132.71
9109,5149,B,15,425.73,2023-01-26,Oeste,Mayorista,2.3,251.46
9110,4775,C,18,88.92,2023-08-18,Oeste,Mayorista,13.4,48.37
9111,2214,B,2,74.87,2024-01-02,Centro,Mayorista,11.5,33.59
9112,5577,C,2,404.69,2023-01-13,Este,Online,0.6,128.58
9113,1752,B,18,384.67,2023-11-18,Este,Online,0.1,234.14
9114,2220,D,6,392.49,2023-08-27,Centro,Mayorista,11.9,197.99
9115,5908,B,13,75.36,2023-12-10,Sur,Tienda,14.3,43.48
9116,4027,C,0,386.52,2023-01-09,Norte,Mayorista,8.7,141.94
9117,6484,D,2,328.52,2023-08-18,Sur,Tienda,8.9,199.54
9118,6017,C,12,310.48,2024-01-29,Norte,Online,11.0,124.12
9119,7712,E,14,296.98,2023-11-21,Sur,Distribuidor,13.8,102.01
9120,823,E,6,222.96,2023-01-15,Oeste,Online,13.5,120.44
9121,7151,E,3,214.31,2023-06-28,Sur,Distribuidor,1.1,78.01
9122,3545,D,7,65.88,2023-09-25,Centro,Tienda,3.9,36.87
9123,2456,A,13,249.85,2023-12-24,Sur,Online,14.9,90.99
9124,645,A,8,498.81,2023-01-05,Oeste,Tienda,8.2,342.43
9125,8354,C,2,205.29,2023-10-17,Centro,Distribuidor,14.8,99.15
9126,358,B,6,215.73,2023-11-01,Sur,Distribuidor,1.7,135.55
9127,6054,D,1,97.24,2023-02-03,Norte,Mayorista,7.1,34.35
9128,9058,A,8,169.2,2023-04-19,Sur,Online,7.3,54.39
9129,5774,D,20,490.49,2023-07-27,Sur,Distribuidor,7.2,291.98
9130,1943,C,15,135.06,2023-05-28,Sur,Tienda,4.2,81.84
9131,6513,B,7,208.2,2023-08-05,Oeste,Online,0.7,137.29
9132,5767,D,1,493.49,2023-11-15,Oeste,Online,11.1,288.45
9133,1882,A,9,478.55,2023-07-13,Este,Tienda,7.8,302.53
9134,5345,E,16,452.85,2023-01-19,Oeste,Mayorista,7.9,146.85
9135,6580,A,19,11.13,2023-11-25,Centro,Online,13.3,4.99
9136,3590,E,14,29.77,2023-04-28,Oeste,Distribuidor,9.6,14.56
9137,8806,A,10,381.9,2023-03-05,Oeste,Tienda,9.0,215.15
9138,9861,E,19,300.03,2024-02-03,Oeste,Tienda,6.4,160.89
9139,183,E,7,220.27,2023-08-21,Este,Distribuidor,2.9,139.68
9140,392,E,11,128.88,2023-01-29,Oeste,Mayorista,3.7,44.85
9141,649,B,1,349.15,2024-02-03,Sur,Online,7.1,145.89
9142,3912,D,20,115.32,2023-11-23,Norte,Tienda,4.9,57.55
9143,3258,D,4,96.7,2023-06-08,Norte,Distribuidor,11.3,35.07
9144,4957,C,9,361.2,2023-03-07,Norte,Distribuidor,13.2,161.17
9145,1561,B,18,434.18,2023-03-12,Oeste,Tienda,0.7,176.9
9146,3527,A,15,476.98,2023-11-17,Este,Distribuidor,13.2,320.92
9147,7737,B,13,337.69,2023-07-22,Centro,Mayorista,13.6,193.35
9148,1158,E,5,162.0,2023-12-10,Este,Online,14.8,85.23
9149,347,A,6,386.41,2024-01-16,Norte,Tienda,12.3,193.98
9150,4365,C,8,306.82,2023-06-24,Sur,Online,11.5,106.9
9151,5018,E,7,408.92,2023-06-16,Este,Tienda,5.0,191.64
9152,7875,E,20,393.08,2023-09-26,Este,Mayorista,9.1,133.54
9153,2165,B,20,107.42,2023-10-20,Este,Tienda,8.2,54.34
9154,7047,A,3,143.0,2023-01-16,Norte,Distribuidor,10.3,56.61
9155,486,A,19,320.36,2023-06-03,Sur,Online,7.1,129.94
9156,2189,A,7,83.59,2023-10-08,Oeste,Online,4.1,30.51
9157,1918,A,11,140.54,2023-07-31,Norte,Distribuidor,10.1,68.69
9158,6195,B,6,446.56,2023-10-09,Centro,Tienda,8.0,249.35
9159,2863,A,2,257.64,2023-05-04,Oeste,Distribuidor,1.6,102.45
9160,6442,B,17,422.96,2023-09-22,Oeste,Online,7.1,261.2
9161,6026,D,6,253.95,2023-10-10,Norte,Online,1.6,147.97
9162,4962,A,5,83.1,2023-07-07,Norte,Mayorista,11.8,39.19
9163,1196,B,13,331.36,2023-08-22,Oeste,Distribuidor,5.6,159.41
9164,3004,A,0,143.97,2023-03-21,Centro,Online,2.8,89.67
9165,5073,E,6,164.77,2024-01-14,Este,Mayorista,0.2,69.71
9166,10001,B,14,128.25,2023-12-03,Oeste,Distribuidor,6.0,51.43
9167,7840,E,12,52.51,2023-08-08,Norte,Online,0.9,19.42
9168,75,C,6,239.68,2023-11-09,Sur,Mayorista,1.8,92.99
9169,10316,C,10,413.76,2023-03-27,Este,Tienda,13.4,273.57
9170,7697,B,20,132.9,2023-02-28,Norte,Distribuidor,10.3,70.53
9171,657,C,16,268.95,2023-01-08,Oeste,Tienda,2.1,86.18
9172,1575,C,3,190.5,2023-09-10,Sur,Online,5.1,84.27
9173,8617,E,3,437.39,2023-01-08,Centro,Online,12.5,292.33
9174,6350,D,15,303.32,2023-08-16,Centro,Distribuidor,5.4,211.48
9175,5751,E,20,375.1,2023-02-03,Oeste,Tienda,10.2,174.28
9176,9815,B,10,137.15,2023-04-08,Centro,Distribuidor,11.3,93.77
9177,7280,D,17,155.79,2023-07-11,Oeste,Tienda,11.8,60.04
9178,4995,A,1,442.73,2023-07-12,Norte,Distribuidor,14.8,198.59
9179,149,C,14,88.29,2023-10-11,Oeste,Tienda,0.6,34.12
9180,733,A,14,488.89,2023-08-25,Este,Mayorista,7.8,319.58
9181,1030,A,11,442.89,2023-05-02,Centro,Mayorista,13.5,286.78
9182,6315,B,8,439.26,2023-10-12,Norte,Tienda,11.8,266.36
9183,66,A,11,188.64,2023-02-25,Norte,Distribuidor,12.5,124.18
9184,7012,E,11,224.15,2023-09-26,Oeste,Distribuidor,10.0,145.59
9185,5769,B,11,263.37,2023-01-08,Centro,Distribuidor,14.4,157.71
9186,9500,B,4,415.84,2023-08-16,Norte,Mayorista,2.2,132.05
9187,2585,E,8,200.07,2023-04-11,Centro,Tienda,6.5,132.29
9188,1616,E,8,282.15,2023-04-20,Oeste,Online,1.1,124.6
9189,8870,B,16,274.48,2024-02-04,Sur,Tienda,10.6,130.25
9190,3884,A,19,176.6,2023-11-14,Oeste,Online,11.9,100.76
9191,9330,C,9,94.14,2023-03-20,Oeste,Tienda,8.6,56.1
9192,10037,E,16,488.42,2023-04-02,Sur,Online,12.4,305.83
9193,1464,A,18,69.92,2023-07-06,Oeste,Distribuidor,2.2,45.67
9194,3282,B,19,139.79,2023-02-11,Centro,Tienda,6.2,94.46
9195,8531,D,6,123.17,2023-07-02,Norte,Mayorista,4.9,57.08
9196,1484,B,5,320.68,2023-09-30,Oeste,Online,14.8,161.93
9197,3834,D,16,164.72,2023-07-21,Sur,Distribuidor,3.0,69.3
9198,9835,D,2,329.93,2023-11-14,Norte,Mayorista,0.9,163.01
9199,7949,D,0,450.7,2023-03-20,Norte,Tienda,6.1,164.57
9200,9183,B,16,241.78,2023-04-30,Sur,Distribuidor,4.3,137.88
9201,1870,E,14,305.3,2023-07-12,Oeste,Tienda,3.5,174.42
9202,6673,A,13,470.74,2023-02-26,Sur,Distribuidor,4.5,211.87
9203,5171,A,14,311.3,2023-09-29,Este,Distribuidor,10.4,152.02
9204,3155,E,12,136.62,2023-08-26,Oeste,Mayorista,1.0,57.4
9205,7369,A,17,387.81,2023-07-11,Sur,Online,7.4,249.33
9206,6092,B,20,33.67,2023-05-05,Oeste,Distribuidor,9.4,18.01
9207,9535,C,18,441.26,2023-11-05,Norte,Tienda,9.0,132.57
9208,2252,C,14,358.24,2023-01-07,Sur,Mayorista,2.5,110.95
9209,2955,C,4,383.42,2023-12-04,Sur,Tienda,1.8,262.66
9210,7373,B,14,162.39,2023-07-29,Este,Tienda,12.5,94.0
9211,9049,E,18,421.54,2023-12-07,Este,Online,13.5,241.7
9212,8268,A,15,457.72,2023-04-07,Centro,Mayorista,6.7,153.8
9213,4467,C,6,452.39,2023-01-25,Centro,Distribuidor,1.7,145.05
9214,8137,B,14,474.02,2023-08-19,Norte,Online,13.5,143.0
9215,4067,C,3,452.35,2023-05-27,Oeste,Mayorista,9.4,175.8
9216,6721,B,3,151.43,2023-04-08,Oeste,Distribuidor,3.0,66.38
9217,10454,B,18,450.51,2023-07-15,Este,Mayorista,12.3,240.95
9218,5670,C,18,266.47,2023-04-06,Este,Distribuidor,2.2,146.12
9219,3753,C,15,68.46,2024-01-28,Centro,Online,11.7,23.86
9220,10330,D,3,121.02,2023-04-14,Sur,Mayorista,14.9,37.29
9221,8972,A,13,265.24,2024-01-06,Este,Tienda,5.6,159.97
9222,5454,E,13,231.28,2024-01-26,Oeste,Distribuidor,10.6,114.02
9223,7236,C,17,179.57,2023-09-15,Oeste,Distribuidor,12.4,60.1
9224,2540,E,15,315.75,2024-02-01,Este,Online,2.6,219.79
9225,5127,C,9,273.5,2023-01-06,Este,Online,6.0,163.16
9226,3519,B,16,149.52,2023-09-17,Oeste,Tienda,12.0,73.67
9227,339,E,19,78.07,2023-12-22,Sur,Mayorista,1.6,31.88
9228,3244,A,14,50.39,2023-02-07,Norte,Mayorista,10.6,29.25
9229,1797,B,12,150.18,2023-03-22,Centro,Tienda,4.2,67.96
9230,6639,A,7,73.51,2023-06-25,Este,Distribuidor,7.6,47.0
9231,3020,E,10,283.59,2023-10-02,Oeste,Distribuidor,1.3,186.48
9232,1551,B,13,422.29,2023-02-19,Este,Distribuidor,5.0,210.1
9233,9531,D,11,308.98,2023-01-20,Sur,Distribuidor,4.9,107.62
9234,2672,E,11,33.59,2023-08-07,Oeste,Online,14.3,20.72
9235,6112,C,13,96.73,2023-04-16,Norte,Mayorista,6.5,49.5
9236,719,E,11,119.32,2023-05-11,Este,Mayorista,10.5,52.6
9237,8922,E,10,481.97,2023-09-21,Norte,Distribuidor,14.8,169.66
9238,6794,E,18,19.49,2023-07-06,Centro,Tienda,3.7,13.22
9239,3968,E,8,357.85,2023-12-20,Sur,Online,1.9,195.43
9240,7026,E,0,14.25,2023-02-10,Centro,Distribuidor,4.6,6.33
9241,4422,E,7,210.58,2023-03-29,Sur,Tienda,9.7,123.64
9242,3690,E,2,209.48,2024-01-22,Centro,Tienda,0.8,144.91
9243,2015,E,19,376.77,2023-11-15,Norte,Distribuidor,11.8,184.79
9244,8861,E,6,192.7,2023-11-13,Centro,Online,2.8,133.18
9245,1158,E,15,124.8,2023-03-01,Este,Tienda,7.8,75.35
9246,1980,A,2,144.69,2023-08-13,Este,Online,11.2,75.99
9247,5441,D,20,238.92,2023-05-21,Centro,Distribuidor,5.5,135.2
9248,5380,E,11,259.78,2023-09-21,Sur,Online,9.7,124.61
9249,1680,B,0,143.06,2023-02-01,Sur,Online,8.1,77.31
9250,1385,A,4,85.79,2023-08-02,Este,Mayorista,1.0,40.15
9251,2804,A,1,386.5,2023-10-22,Este,Distribuidor,7.2,123.43
9252,5000,B,9,79.25,2023-02-20,Sur,Mayorista,6.8,48.96
9253,5583,A,6,55.56,2023-03-29,Norte,Tienda,13.5,17.2
9254,8340,C,15,84.36,2023-11-22,Este,Tienda,6.8,41.23
9255,6406,D,3,452.73,2023-07-27,Este,Tienda,7.4,220.14
9256,9880,A,11,148.0,2023-12-20,Centro,Distribuidor,13.9,72.63
9257,5678,C,4,85.84,2023-03-15,Centro,Tienda,3.7,28.27
9258,3086,A,1,109.65,2023-07-03,Este,Tienda,10.8,72.55
9259,1988,B,14,460.73,2023-04-10,Sur,Mayorista,5.7,238.67
9260,294,D,6,445.15,2023-11-12,Centro,Online,8.6,164.05
9261,467,D,10,200.93,2023-11-19,Norte,Tienda,11.6,119.98
9262,7094,A,20,429.86,2023-06-27,Este,Online,14.1,281.37
9263,7919,E,17,144.77,2023-07-21,Centro,Mayorista,0.9,62.17
9264,7101,C,1,134.11,2024-01-14,Este,Online,9.0,85.48
9265,3416,E,1,464.42,2023-08-09,Este,Tienda,10.4,163.48
9266,7430,D,6,75.08,2023-12-18,Centro,Mayorista,8.9,42.26
9267,6662,B,10,453.89,2023-06-02,Norte,Online,4.1,259.6
9268,3560,B,17,240.48,2023-07-24,Centro,Online,9.5,87.03
9269,55,C,4,411.18,2023-03-03,Norte,Online,11.4,235.77
9270,585,A,18,468.21,2023-01-06,Este,Distribuidor,2.3,196.25
9271,1210,E,14,269.74,2023-06-07,Oeste,Mayorista,11.6,160.89
9272,1867,A,15,304.45,2023-04-28,Este,Mayorista,12.1,194.67
9273,3462,B,17,181.22,2023-05-23,Oeste,Online,0.4,99.66
9274,638,B,17,340.98,2023-03-22,Este,Tienda,5.4,159.78
9275,9652,C,12,230.73,2023-03-30,Norte,Online,7.0,152.44
9276,5838,E,15,155.27,2023-06-17,Este,Distribuidor,10.8,74.05
9277,6679,D,16,269.16,2023-09-08,Centro,Tienda,3.4,111.0
9278,1921,B,17,406.46,2023-06-01,Sur,Tienda,2.4,221.4
9279,7751,E,10,164.41,2023-10-31,Norte,Online,12.5,105.7
9280,3666,B,19,305.28,2023-11-03,Este,Mayorista,12.1,115.72
9281,3800,C,14,224.94,2023-09-08,Sur,Mayorista,6.2,90.98
9282,8723,B,12,41.84,2023-09-08,Norte,Tienda,11.5,17.08
9283,5711,C,8,417.43,2023-09-28,Norte,Distribuidor,13.9,130.98
9284,559,D,14,146.79,2023-06-30,Oeste,Tienda,4.8,92.25
9285,5771,B,7,379.48,2023-06-15,Sur,Mayorista,13.2,125.43
9286,7441,C,12,44.84,2023-01-06,Norte,Online,11.2,19.25
9287,633,B,8,7.34,2023-04-24,Norte,Online,14.9,4.7
9288,6894,E,3,424.31,2023-11-13,Norte,Mayorista,14.1,184.26
9289,8732,E,5,387.92,2023-09-09,Centro,Mayorista,7.8,185.67
9290,5680,A,15,289.81,2023-06-04,Este,Online,5.8,185.29
9291,7750,E,10,171.19,2023-01-27,Norte,Mayorista,2.0,64.34
9292,1456,D,20,52.49,2023-01-03,Centro,Tienda,8.7,24.01
9293,2065,C,16,461.12,2023-12-29,Norte,Tienda,10.2,140.95
9294,4672,C,10,331.76,2023-07-31,Centro,Online,13.9,165.07
9295,5603,A,0,444.52,2023-11-15,Oeste,Mayorista,7.2,134.62
9296,6458,E,13,298.36,2023-06-27,Oeste,Mayorista,2.0,115.14
9297,6462,D,10,228.41,2024-02-05,Centro,Mayorista,10.8,123.42
9298,6489,A,0,406.78,2023-08-09,Sur,Tienda,6.9,157.58
9299,3034,B,14,356.98,2023-07-05,Centro,Tienda,14.8,108.13
9300,2269,E,1,193.73,2023-04-09,Centro,Distribuidor,11.8,106.68
9301,6677,E,4,455.92,2024-01-04,Este,Distribuidor,12.8,143.64
9302,8279,E,5,325.83,2023-10-22,Centro,Distribuidor,7.5,152.44
9303,2218,B,12,318.52,2023-06-25,Oeste,Distribuidor,15.0,200.97
9304,6857,A,20,477.78,2023-02-24,Oeste,Mayorista,10.6,230.91
9305,892,C,9,21.14,2023-06-27,Centro,Tienda,9.3,14.54
9306,5756,A,7,409.0,2023-10-03,Oeste,Mayorista,8.6,185.5
9307,2795,C,19,292.55,2023-08-09,Este,Distribuidor,14.8,89.55
9308,3623,C,20,117.72,2023-01-11,Oeste,Mayorista,5.0,70.48
9309,7581,A,13,380.63,2023-07-06,Norte,Distribuidor,2.1,163.85
9310,5621,E,5,267.7,2023-11-07,Norte,Tienda,4.2,134.34
9311,8272,E,5,380.78,2023-10-27,Norte,Distribuidor,5.9,178.59
9312,4184,C,19,9.2,2023-08-31,Oeste,Tienda,10.4,3.75
9313,127,B,15,379.02,2023-10-25,Centro,Distribuidor,7.0,244.83
9314,4077,C,20,229.53,2023-02-21,Norte,Distribuidor,2.6,106.96
9315,160,A,13,139.52,2023-01-26,Centro,Online,5.1,65.42
9316,7574,B,2,246.27,2023-10-25,Centro,Tienda,0.9,151.53
9317,3920,A,10,28.4,2023-01-27,Centro,Distribuidor,9.4,13.67
9318,525,A,20,93.07,2023-09-03,Centro,Mayorista,7.0,28.77
9319,9747,B,7,437.81,2023-11-30,Norte,Distribuidor,9.7,203.72
9320,1734,A,14,178.2,2023-12-23,Centro,Online,0.4,119.89
9321,7100,D,10,265.52,2023-09-11,Norte,Online,8.6,124.96
9322,10391,D,20,312.17,2023-12-03,Centro,Online,14.1,151.64
9323,4595,B,14,347.22,2023-12-10,Centro,Online,2.4,164.11
9324,629,C,16,398.66,2023-07-07,Este,Mayorista,11.0,270.45
9325,4435,A,4,99.37,2024-01-17,Este,Mayorista,12.1,63.65
9326,6289,E,6,243.0,2023-08-19,Norte,Distribuidor,14.7,125.48
9327,2581,D,11,311.17,2023-07-18,Este,Mayorista,0.4,105.17
9328,5257,D,18,210.31,2023-08-09,Norte,Online,9.5,80.3
9329,7894,C,20,475.51,2023-03-26,Este,Tienda,11.3,228.73
9330,1551,B,19,70.7,2023-12-13,Oeste,Distribuidor,9.6,26.52
9331,7941,C,9,48.33,2023-12-13,Centro,Tienda,11.5,30.44
9332,4442,C,5,303.91,2023-09-08,Oeste,Online,14.6,206.82
9333,9627,A,0,233.43,2023-08-31,Sur,Online,11.2,118.67
9334,7805,B,5,301.27,2024-01-24,Oeste,Tienda,0.2,147.29
9335,1030,A,12,226.12,2023-11-13,Este,Tienda,6.3,136.16
9336,672,B,11,319.13,2023-07-06,Centro,Distribuidor,8.6,136.54
9337,4824,D,9,116.92,2023-07-20,Oeste,Distribuidor,3.6,39.79
9338,403,E,8,318.07,2023-10-17,Oeste,Distribuidor,12.7,158.52
9339,4555,E,7,233.31,2023-12-21,Norte,Online,6.8,121.09
9340,4598,D,3,396.7,2023-03-03,Norte,Online,0.8,195.03
9341,1913,E,17,75.38,2024-01-28,Este,Online,8.3,30.48
9342,7583,D,8,13.18,2023-01-18,Norte,Online,5.6,5.55
9343,6118,C,19,337.89,2023-11-12,Oeste,Mayorista,8.5,108.76
9344,4085,B,12,476.07,2023-09-20,Norte,Online,8.7,332.17
9345,8090,A,13,469.23,2023-01-06,Norte,Online,13.9,145.92
9346,4469,E,12,305.38,2024-01-28,Este,Mayorista,13.2,205.28
9347,6249,B,10,348.47,2023-08-19,Norte,Tienda,8.4,143.29
9348,2884,C,7,154.88,2023-12-29,Este,Mayorista,6.7,71.27
9349,4508,E,16,163.59,2023-03-17,Norte,Tienda,8.3,106.52
9350,3083,D,3,291.65,2023-07-16,Norte,Tienda,0.9,90.99
9351,8670,E,11,71.43,2023-08-07,Este,Tienda,6.1,45.38
9352,8413,E,7,29.22,2023-02-15,Este,Tienda,0.9,9.38
9353,1958,C,14,424.67,2023-09-25,Este,Distribuidor,1.9,162.8
9354,7449,C,8,11.69,2023-10-02,Oeste,Mayorista,8.1,5.24
9355,6265,B,18,317.22,2023-08-14,Norte,Mayorista,3.8,102.42
9356,1843,A,14,285.4,2024-01-12,Norte,Distribuidor,4.6,195.73
9357,4235,A,8,49.67,2023-08-20,Oeste,Tienda,11.0,28.5
9358,3117,E,5,279.73,2023-04-01,Oeste,Tienda,9.9,129.53
9359,1889,C,14,14.14,2023-12-12,Sur,Tienda,8.9,9.05
9360,3725,C,8,214.93,2023-01-01,Oeste,Tienda,2.5,140.4
9361,8863,D,1,276.67,2023-08-11,Centro,Tienda,6.8,172.82
9362,972,E,5,13.47,2023-03-26,Norte,Distribuidor,6.9,4.93
9363,9413,A,10,157.9,2023-09-23,Centro,Online,6.3,83.73
9364,8834,E,16,436.22,2023-04-19,Este,Online,8.5,217.81
9365,4029,B,6,64.94,2023-06-14,Centro,Distribuidor,2.8,42.7
9366,5117,C,17,70.96,2023-10-07,Norte,Tienda,1.6,24.39
9367,7882,B,13,235.83,2024-01-06,Centro,Online,8.2,130.24
9368,5011,B,16,112.28,2023-03-07,Centro,Distribuidor,4.5,36.84
9369,8811,B,13,101.48,2023-10-27,Este,Tienda,13.3,48.6
9370,6319,A,20,99.31,2023-03-15,Sur,Online,4.4,53.33
9371,7363,D,20,49.54,2023-03-22,Centro,Distribuidor,2.1,27.31
9372,1696,A,8,145.23,2023-01-19,Centro,Online,6.2,74.4
9373,9872,A,17,273.85,2023-02-26,Oeste,Distribuidor,0.6,189.12
9374,7889,C,17,304.36,2023-02-06,Este,Online,6.5,206.01
9375,4788,D,0,148.09,2023-01-31,Norte,Mayorista,4.9,50.78
9376,30,C,10,308.73,2023-12-23,Norte,Mayorista,6.3,167.5
9377,3744,A,0,253.98,2024-01-13,Oeste,Tienda,8.3,176.69
9378,3677,B,16,132.83,2023-06-26,Centro,Distribuidor,7.5,40.85
9379,7235,D,11,293.35,2023-10-13,Este,Tienda,13.4,169.18
9380,5602,D,4,305.75,2023-06-20,Sur,Online,12.3,118.47
9381,9784,C,11,95.64,2023-05-10,Centro,Online,1.8,40.94
9382,8328,B,3,98.14,2023-12-27,Oeste,Online,3.3,53.97
9383,6327,B,18,29.7,2023-05-12,Sur,Distribuidor,12.2,9.74
9384,2065,A,10,334.42,2023-07-07,Este,Online,14.7,203.52
9385,1671,C,11,431.76,2023-09-02,Sur,Tienda,13.0,238.79
9386,8895,D,1,376.23,2023-04-25,Centro,Distribuidor,2.1,160.06
9387,4221,E,5,250.74,2023-07-04,Norte,Online,8.6,141.76
9388,9917,A,8,476.06,2023-02-02,Norte,Mayorista,6.2,157.77
9389,4966,B,8,344.69,2023-06-17,Oeste,Tienda,0.9,191.79
9390,5690,D,18,383.38,2023-10-26,Centro,Distribuidor,8.0,201.52
9391,4054,D,5,387.37,2023-05-04,Norte,Tienda,0.4,194.22
9392,10094,A,1,130.0,2023-10-06,Este,Distribuidor,7.9,78.67
9393,5760,C,13,399.64,2023-09-21,Centro,Distribuidor,5.8,158.34
9394,460,B,20,162.69,2023-07-31,Centro,Mayorista,10.7,97.5
9395,6986,B,3,236.91,2023-01-24,Centro,Mayorista,6.3,125.74
9396,8003,A,14,170.61,2023-03-03,Oeste,Mayorista,1.9,111.38
9397,8791,B,4,425.77,2023-01-02,Este,Tienda,4.8,239.65
9398,7552,D,10,480.92,2023-01-30,Centro,Tienda,7.9,198.76
9399,6961,B,3,220.94,2023-10-14,Este,Tienda,12.7,132.19
9400,2557,B,17,136.15,2023-04-02,Centro,Distribuidor,13.8,70.45
9401,2961,B,6,174.34,2023-11-28,Oeste,Distribuidor,5.5,93.01
9402,910,C,16,394.22,2024-01-30,Este,Mayorista,9.9,147.99
9403,5160,C,10,113.03,2023-01-09,Oeste,Tienda,10.4,39.73
9404,9306,D,2,137.1,2023-07-18,Sur,Online,2.8,73.9
9405,905,E,15,256.58,2023-01-20,Oeste,Mayorista,7.7,176.61
9406,5897,E,15,472.74,2024-01-05,Centro,Distribuidor,6.5,320.17
9407,5491,C,0,74.25,2023-07-23,Norte,Distribuidor,10.0,35.12
9408,6196,C,17,257.56,2023-03-28,Este,Mayorista,11.2,132.45
9409,3120,E,3,61.49,2023-12-05,Este,Tienda,10.7,29.66
9410,3261,A,14,111.13,2023-07-25,Oeste,Tienda,15.0,48.5
9411,95,E,3,70.1,2023-04-21,Centro,Tienda,4.6,31.14
9412,7711,B,2,11.47,2023-10-04,Este,Distribuidor,7.7,5.53
9413,8589,E,5,366.34,2023-03-02,Norte,Online,7.5,140.57
9414,7659,C,2,477.63,2023-05-13,Norte,Tienda,9.7,209.86
9415,2524,D,20,194.84,2024-01-15,Sur,Tienda,14.2,72.78
9416,3524,B,13,344.06,2023-04-22,Este,Online,6.9,167.97
9417,4597,B,3,416.9,2023-12-24,Sur,Distribuidor,8.4,285.78
9418,9744,A,13,258.61,2023-11-28,Norte,Online,12.5,123.59
9419,5880,D,8,291.62,2023-09-06,Sur,Distribuidor,9.5,180.66
9420,7579,C,17,443.65,2023-09-07,Norte,Distribuidor,3.8,231.52
9421,71,E,5,240.62,2023-06-29,Este,Mayorista,2.7,80.71
9422,10200,E,11,13.37,2023-12-24,Este,Tienda,14.0,4.56
9423,4722,B,8,111.13,2023-05-06,Centro,Mayorista,13.1,73.06
9424,3377,B,8,78.18,2023-10-02,Oeste,Tienda,12.0,42.58
9425,6248,E,5,15.74,2023-09-26,Sur,Mayorista,12.8,10.97
9426,9492,A,3,444.71,2023-12-26,Norte,Distribuidor,13.1,265.42
9427,7573,D,7,30.96,2023-06-27,Sur,Mayorista,0.1,11.08
9428,4959,D,2,423.75,2023-11-08,Este,Mayorista,2.2,158.3
9429,2785,B,16,38.16,2023-09-19,Sur,Tienda,0.1,22.73
9430,9198,E,4,350.38,2023-10-01,Oeste,Mayorista,1.3,139.06
9431,5078,C,12,117.81,2023-01-31,Sur,Distribuidor,6.1,40.11
9432,7164,B,15,257.71,2023-04-10,Centro,Mayorista,6.3,85.0
9433,2674,A,11,323.64,2023-03-05,Este,Tienda,0.5,175.73
9434,1538,B,20,191.56,2023-12-13,Norte,Distribuidor,1.1,104.39
9435,10339,E,7,472.62,2023-12-20,Sur,Online,6.8,185.33
9436,10299,A,6,99.69,2023-08-27,Norte,Tienda,12.4,43.57
9437,720,D,15,131.03,2023-08-28,Sur,Tienda,6.5,71.34
9438,4015,B,0,349.16,2023-09-19,Este,Distribuidor,14.5,222.06
9439,8580,B,9,198.65,2023-02-19,Este,Tienda,10.8,75.87
9440,3978,E,15,434.65,2023-03-18,Sur,Tienda,3.1,252.33
9441,8255,B,12,362.07,2023-11-14,Sur,Distribuidor,8.1,119.23
9442,2577,E,14,159.89,2024-01-23,Sur,Mayorista,15.0,78.38
9443,7693,A,18,382.6,2023-06-23,Centro,Online,12.3,204.23
9444,6092,A,4,372.27,2023-07-13,Norte,Tienda,0.2,172.31
9445,4552,E,20,452.18,2023-04-18,Este,Mayorista,5.8,249.14
9446,3146,D,20,215.12,2023-11-29,Norte,Distribuidor,8.9,150.24
9447,897,B,14,252.57,2023-02-03,Oeste,Tienda,7.7,158.42
9448,4059,E,19,131.47,2023-09-29,Centro,Distribuidor,5.2,91.22
9449,6686,C,9,377.23,2024-01-24,Centro,Mayorista,11.7,192.9
9450,4579,C,0,498.98,2023-11-02,Oeste,Distribuidor,8.7,154.1
9451,1005,B,4,301.79,2023-04-13,Este,Distribuidor,11.6,157.71
9452,2079,B,14,421.13,2023-01-16,Oeste,Mayorista,12.9,200.79
9453,1671,A,2,491.18,2023-07-29,Este,Mayorista,12.0,155.31
9454,7537,B,12,143.77,2023-12-22,Centro,Tienda,6.5,70.96
9455,6748,C,5,321.55,2023-07-16,Oeste,Tienda,8.9,164.57
9456,8068,A,17,473.31,2023-03-18,Norte,Distribuidor,6.5,206.47
9457,10218,B,12,156.73,2023-03-05,Oeste,Mayorista,9.9,108.82
9458,10183,D,4,191.22,2023-01-15,Este,Distribuidor,6.0,128.81
9459,9661,B,2,247.91,2023-09-09,Oeste,Mayorista,5.6,110.96
9460,2009,D,3,310.34,2024-01-07,Oeste,Distribuidor,6.7,170.54
9461,6793,D,0,431.04,2023-10-02,Norte,Mayorista,1.3,296.67
9462,5832,B,20,245.35,2023-12-27,Centro,Distribuidor,14.4,88.43
9463,8632,D,20,230.59,2023-01-29,Oeste,Online,13.3,114.24
9464,9061,B,18,437.34,2023-09-22,Sur,Tienda,0.6,212.04
9465,3475,A,3,391.49,2023-05-23,Centro,Distribuidor,11.6,267.88
9466,6981,E,1,372.37,2023-04-20,Este,Mayorista,0.9,118.73
9467,2009,E,14,148.52,2023-03-14,Oeste,Online,3.3,73.57
9468,8084,B,6,211.58,2023-11-28,Norte,Distribuidor,12.2,87.26
9469,9795,D,13,13.25,2023-03-04,Oeste,Tienda,11.7,7.07
9470,3529,C,11,373.65,2023-04-15,Sur,Online,5.0,177.97
9471,3140,D,7,41.44,2023-07-05,Norte,Mayorista,12.6,13.27
9472,488,D,1,173.52,2023-09-21,Centro,Online,8.5,119.26
9473,6984,E,3,366.02,2024-02-02,Norte,Mayorista,1.4,130.2
9474,1651,A,0,18.24,2023-09-21,Oeste,Online,10.7,12.53
9475,2294,B,15,302.94,2023-04-24,Norte,Distribuidor,5.7,160.7
9476,4360,C,20,192.67,2023-05-19,Norte,Mayorista,8.7,130.23
9477,9115,B,17,304.21,2024-01-10,Este,Online,6.4,93.31
9478,3749,C,10,173.21,2023-05-15,Este,Tienda,2.2,54.59
9479,771,D,0,232.28,2023-12-18,Este,Online,0.0,149.15
9480,8228,C,20,144.48,2023-05-15,Sur,Mayorista,11.7,79.52
9481,2518,B,7,48.04,2023-04-08,Centro,Mayorista,12.8,17.28
9482,7202,E,11,344.47,2023-08-08,Este,Mayorista,8.5,178.61
9483,6059,D,15,267.09,2023-05-20,Sur,Distribuidor,0.7,147.26
9484,1332,E,17,57.23,2023-06-26,Este,Distribuidor,14.8,37.2
9485,8897,C,12,116.32,2023-05-22,Este,Distribuidor,4.0,57.35
9486,8069,C,13,496.92,2024-01-25,Oeste,Online,11.9,298.74
9487,4215,B,18,373.85,2023-11-15,Este,Distribuidor,7.4,259.42
9488,7186,A,2,63.83,2024-01-25,Sur,Distribuidor,7.0,36.44
9489,1912,C,5,387.29,2023-08-13,Sur,Online,4.4,175.42
9490,7037,D,9,42.6,2023-04-24,Centro,Tienda,4.0,14.57
9491,2727,E,9,167.67,2023-05-28,Sur,Online,12.9,89.43
9492,9283,C,16,25.56,2023-08-16,Sur,Mayorista,12.2,15.94
9493,4438,B,4,253.34,2023-09-14,Sur,Tienda,7.9,114.35
9494,10408,B,4,499.69,2023-10-10,Sur,Tienda,14.9,292.43
9495,4510,A,19,77.38,2023-03-01,Este,Online,12.5,26.37
9496,5473,C,6,118.94,2023-08-04,Oeste,Tienda,9.9,47.46
9497,10047,C,15,457.41,2023-09-04,Oeste,Mayorista,1.1,306.91
9498,1119,E,18,114.42,2023-06-06,Norte,Mayorista,10.5,79.19
9499,1966,D,18,40.18,2023-11-19,Oeste,Tienda,5.7,24.77
9500,433,B,9,212.24,2023-03-01,Sur,Tienda,1.2,84.92
9501,632,D,0,186.68,2023-01-23,Norte,Distribuidor,4.8,104.52
9502,2743,E,11,238.53,2024-02-04,Este,Tienda,4.9,155.7
9503,5506,E,20,157.33,2023-12-26,Centro,Online,11.5,84.53
9504,3212,D,11,93.13,2023-10-30,Centro,Mayorista,0.2,28.95
9505,6714,C,9,298.19,2023-12-23,Sur,Mayorista,10.0,144.68
9506,10290,D,12,161.71,2023-11-18,Norte,Distribuidor,8.4,69.08
9507,6884,B,16,245.93,2023-09-30,Centro,Online,3.2,167.32
9508,5237,B,13,19.09,2023-07-21,Norte,Mayorista,10.6,9.56
9509,6826,D,4,161.91,2023-07-15,Oeste,Tienda,7.6,69.44
9510,1181,D,0,38.88,2023-05-02,Sur,Mayorista,10.8,20.68
9511,5039,C,9,173.11,2024-01-29,Sur,Distribuidor,4.8,105.62
9512,2974,B,6,297.51,2023-12-17,Sur,Distribuidor,14.4,169.25
9513,7520,C,17,418.79,2023-11-15,Oeste,Tienda,4.1,170.59
9514,4008,E,5,424.4,2023-06-12,Centro,Distribuidor,11.8,172.74
9515,5492,C,17,247.0,2023-04-16,Sur,Tienda,1.8,90.0
9516,5928,C,18,325.0,2023-10-05,Oeste,Mayorista,8.8,130.34
9517,7980,B,5,406.86,2023-01-20,Norte,Distribuidor,14.6,240.33
9518,6747,E,13,420.44,2023-03-04,Norte,Online,7.1,172.73
9519,271,A,11,402.03,2023-04-22,Sur,Online,7.3,262.61
9520,1132,A,6,145.37,2023-05-06,Oeste,Tienda,13.8,60.38
9521,6425,B,0,264.45,2023-08-26,Centro,Distribuidor,8.2,94.76
9522,6380,E,8,388.33,2023-01-09,Oeste,Distribuidor,0.3,263.49
9523,8091,C,7,171.99,2023-03-23,Oeste,Distribuidor,11.8,98.99
9524,3491,B,4,241.18,2023-05-07,Sur,Mayorista,1.2,88.19
9525,5999,C,8,492.41,2023-11-08,Este,Online,1.1,299.51
9526,9728,B,14,414.84,2023-02-18,Norte,Distribuidor,1.9,140.14
9527,10101,E,10,308.29,2023-05-30,Centro,Distribuidor,8.7,92.6
9528,10291,B,0,122.33,2023-04-02,Centro,Tienda,11.1,65.2
9529,9242,C,19,472.59,2023-10-23,Centro,Tienda,0.6,323.2
9530,8097,A,6,142.03,2023-10-19,Sur,Mayorista,4.4,90.24
9531,7120,C,7,101.05,2023-12-09,Este,Tienda,1.8,31.6
9532,1451,E,4,413.66,2023-02-24,Este,Distribuidor,11.7,213.55
9533,1831,D,18,32.71,2024-01-15,Sur,Mayorista,2.6,21.05
9534,8644,A,13,186.46,2023-04-06,Oeste,Distribuidor,3.6,119.77
9535,7484,B,12,217.47,2023-04-11,Oeste,Mayorista,10.8,90.28
9536,6233,A,17,197.24,2023-07-16,Este,Mayorista,7.9,98.37
9537,1052,B,10,186.96,2023-06-21,Sur,Tienda,8.3,107.13
9538,5953,B,19,346.76,2023-12-09,Centro,Tienda,0.7,124.14
9539,10316,A,19,384.5,2023-03-11,Norte,Online,9.7,188.1
9540,5995,C,20,472.63,2023-09-13,Oeste,Online,13.9,259.47
9541,1152,C,18,448.45,2023-11-06,Oeste,Mayorista,13.0,220.51
9542,2636,C,19,104.6,2023-08-14,Este,Mayorista,12.9,47.99
9543,1780,C,5,375.88,2023-05-18,Centro,Online,4.9,116.38
9544,4880,C,1,345.17,2023-06-09,Este,Tienda,2.1,220.92
9545,3604,E,12,484.31,2023-12-25,Este,Tienda,3.0,155.28
9546,5515,D,20,379.44,2023-09-18,Oeste,Distribuidor,6.8,174.97
9547,4903,D,18,294.5,2023-02-03,Oeste,Mayorista,1.1,111.32
9548,1154,C,10,159.72,2023-05-01,Norte,Mayorista,5.8,83.84
9549,959,C,1,147.43,2023-03-11,Este,Tienda,12.4,53.27
9550,332,E,15,421.37,2023-07-27,Este,Mayorista,0.5,160.81
9551,4882,C,12,166.05,2023-06-30,Norte,Distribuidor,6.1,72.12
9552,2402,C,11,170.67,2023-12-07,Oeste,Distribuidor,6.7,61.93
9553,8352,A,8,176.21,2023-06-20,Centro,Mayorista,11.7,102.18
9554,9152,A,5,36.43,2023-05-31,Oeste,Mayorista,1.9,22.38
9555,9104,D,15,23.42,2023-03-09,Este,Tienda,11.4,14.6
9556,4976,E,18,436.59,2023-09-04,Sur,Mayorista,12.4,142.81
9557,1477,A,12,136.15,2023-01-09,Norte,Online,5.8,67.77
9558,3226,D,7,15.32,2023-05-23,Norte,Mayorista,0.9,7.05
9559,2919,D,5,36.13,2023-07-10,Norte,Tienda,5.0,15.07
9560,6173,E,0,10.55,2023-02-14,Oeste,Online,13.7,5.05
9561,1762,B,15,340.64,2023-06-06,Sur,Tienda,8.7,196.29
9562,5611,A,8,223.33,2023-07-13,Norte,Tienda,3.1,77.89
9563,4037,A,9,235.58,2024-01-17,Sur,Online,6.7,120.2
9564,6002,D,20,67.98,2023-11-29,Norte,Tienda,14.9,40.65
9565,6694,B,20,315.06,2023-09-19,Oeste,Mayorista,5.3,103.54
9566,886,C,14,464.37,2023-08-24,Este,Online,11.1,220.61
9567,7936,D,14,287.37,2023-08-08,Oeste,Online,7.3,107.31
9568,6224,A,4,385.47,2024-01-29,Sur,Distribuidor,7.3,152.55
9569,7289,A,8,187.17,2023-03-27,Oeste,Online,2.3,88.07
9570,7865,D,1,326.5,2023-06-13,Oeste,Distribuidor,13.4,137.44
9571,10245,A,0,137.01,2023-08-15,Norte,Online,5.2,86.94
9572,8970,D,20,20.84,2023-05-12,Centro,Tienda,1.1,7.4
9573,6639,D,17,281.19,2023-10-13,Oeste,Online,14.2,150.34
9574,6610,D,10,49.71,2023-05-29,Sur,Mayorista,6.3,21.07
9575,10429,A,1,306.97,2023-12-26,Este,Online,12.1,97.24
9576,4960,A,10,402.44,2023-07-22,Oeste,Mayorista,5.0,252.83
9577,2082,E,5,232.74,2023-05-23,Este,Distribuidor,2.7,138.95
9578,9816,E,11,95.14,2024-01-17,Sur,Tienda,2.2,32.85
9579,835,B,12,395.04,2024-01-30,Este,Online,4.4,199.14
9580,10378,D,7,243.93,2023-03-05,Norte,Mayorista,12.1,149.28
9581,2430,D,7,282.31,2023-06-02,Oeste,Mayorista,1.8,140.82
9582,6942,A,9,364.46,2023-08-27,Norte,Online,14.1,223.11
9583,6197,D,8,172.06,2023-04-12,Este,Mayorista,12.2,73.51
9584,2693,B,10,278.55,2023-04-22,Oeste,Online,12.0,112.1
9585,1552,A,15,258.1,2023-07-30,Oeste,Online,4.6,133.29
9586,8822,B,13,176.18,2023-10-02,Norte,Mayorista,0.4,121.51
9587,10367,E,14,21.26,2023-05-04,Oeste,Mayorista,2.5,8.69
9588,4994,B,3,425.61,2023-02-27,Oeste,Tienda,9.5,274.64
9589,9841,D,7,309.87,2023-03-27,Este,Tienda,6.2,147.13
9590,6094,B,1,497.25,2023-05-02,Este,Distribuidor,10.1,273.41
9591,4163,E,3,465.83,2023-04-16,Este,Online,13.8,259.05
9592,8581,A,1,385.31,2023-03-19,Norte,Distribuidor,0.1,205.64
9593,1535,B,16,165.07,2023-10-26,Norte,Online,14.0,111.75
9594,8072,C,19,466.08,2023-01-27,Norte,Online,1.4,204.84
9595,1708,B,15,88.74,2023-07-08,Sur,Mayorista,3.6,36.89
9596,6908,E,7,249.05,2023-05-25,Este,Mayorista,12.3,77.33
9597,8297,C,5,88.14,2023-02-14,Oeste,Distribuidor,9.6,35.87
9598,4977,C,10,379.52,2023-10-28,Norte,Tienda,2.9,195.09
9599,7160,A,11,128.01,2023-07-18,Sur,Distribuidor,6.1,57.88
9600,3330,D,4,265.19,2023-03-03,Norte,Distribuidor,12.2,149.58
9601,2127,A,4,360.72,2023-09-11,Centro,Distribuidor,9.7,245.59
9602,3997,A,7,62.21,2023-02-03,Norte,Online,6.5,23.34
9603,2876,E,6,22.49,2023-08-22,Sur,Distribuidor,2.1,9.91
9604,6814,C,15,369.75,2023-10-30,Sur,Online,10.8,125.38
9605,6954,D,0,459.11,2023-08-03,Centro,Tienda,11.4,154.38
9606,3096,B,19,171.37,2023-08-03,Norte,Mayorista,13.5,59.12
9607,7822,D,14,120.27,2023-01-20,Norte,Mayorista,7.0,75.23
9608,10459,D,5,272.04,2023-03-18,Norte,Tienda,11.0,115.03
9609,9412,E,17,88.26,2023-09-27,Oeste,Tienda,5.1,37.91
9610,1475,D,15,227.43,2023-03-05,Centro,Tienda,9.4,95.92
9611,3946,E,17,171.42,2023-02-20,Norte,Distribuidor,4.8,115.31
9612,8435,C,14,27.74,2023-05-15,Oeste,Online,0.6,18.7
9613,9508,B,17,35.47,2023-12-28,Sur,Mayorista,3.4,14.57
9614,6935,C,2,358.73,2023-09-29,Sur,Online,15.0,127.77
9615,1773,D,20,110.67,2023-02-16,Este,Distribuidor,6.7,66.21
9616,7703,D,7,63.51,2023-06-13,Norte,Distribuidor,11.3,34.88
9617,1656,A,17,286.78,2023-08-21,Centro,Online,6.5,157.54
9618,10471,A,17,53.8,2023-09-05,Centro,Mayorista,8.5,25.83
9619,4158,E,8,364.93,2023-12-19,Norte,Online,12.1,120.95
9620,9206,C,8,487.12,2023-08-03,Este,Mayorista,2.1,210.15
9621,2326,B,16,323.12,2023-01-02,Sur,Tienda,8.3,127.91
9622,499,A,18,290.05,2023-07-24,Este,Distribuidor,5.7,104.5
9623,2625,C,2,132.57,2023-08-25,Oeste,Distribuidor,7.5,71.88
9624,6542,D,18,172.47,2023-06-28,Centro,Online,14.9,87.48
9625,8048,D,18,243.63,2023-05-07,Norte,Distribuidor,4.3,133.72
9626,7583,C,3,408.63,2023-11-12,Oeste,Tienda,7.7,167.78
9627,969,C,10,345.94,2023-08-11,Centro,Tienda,1.3,201.87
9628,8886,B,5,116.62,2023-12-14,Oeste,Mayorista,3.8,48.82
9629,4608,E,10,29.91,2023-07-29,Este,Mayorista,9.7,20.18
9630,6110,D,5,111.7,2023-03-06,Este,Distribuidor,11.4,49.58
9631,10063,C,0,355.89,2023-07-04,Sur,Online,12.0,129.68
9632,10414,C,19,376.24,2023-09-16,Oeste,Mayorista,8.5,205.63
9633,4495,D,13,155.67,2023-12-16,Este,Online,4.9,53.9
9634,4464,C,20,449.79,2023-02-03,Sur,Mayorista,8.4,204.27
9635,8588,E,4,253.27,2023-11-18,Este,Online,6.1,80.79
9636,7117,E,10,128.54,2023-09-09,Sur,Distribuidor,3.3,46.03
9637,9121,A,12,366.42,2024-01-16,Centro,Distribuidor,8.1,222.96
9638,4383,D,18,458.21,2023-07-04,Oeste,Online,1.7,288.66
9639,3197,D,7,279.48,2023-09-12,Este,Mayorista,9.1,127.35
9640,5032,A,5,301.72,2023-01-15,Norte,Mayorista,9.2,140.51
9641,10210,B,15,120.61,2023-10-02,Este,Online,5.5,56.4
9642,9059,C,10,261.76,2023-10-12,Oeste,Tienda,12.3,127.41
9643,9813,D,1,499.68,2023-07-25,Norte,Online,8.5,214.41
9644,2392,A,10,321.99,2023-03-15,Norte,Tienda,10.9,152.49
9645,1245,E,12,348.52,2023-01-17,Oeste,Tienda,5.0,151.21
9646,1247,C,19,85.62,2023-08-03,Oeste,Distribuidor,6.1,30.73
9647,625,D,5,473.51,2023-07-11,Centro,Distribuidor,6.7,148.93
9648,6285,C,4,351.46,2023-04-14,Oeste,Distribuidor,14.0,233.15
9649,5463,C,9,24.17,2023-08-09,Centro,Online,3.5,11.07
9650,7916,D,11,301.65,2023-06-13,Este,Online,6.4,205.15
9651,808,B,15,214.96,2023-06-25,Este,Tienda,10.5,148.11
9652,2843,B,11,450.69,2023-07-13,Norte,Online,3.4,226.0
9653,6345,D,13,351.85,2023-10-04,Sur,Mayorista,2.4,181.42
9654,10402,D,0,369.31,2023-10-07,Este,Online,12.3,244.34
9655,5112,C,2,280.21,2023-07-19,Centro,Distribuidor,10.7,175.17
9656,11,C,12,182.19,2023-05-09,Oeste,Tienda,1.8,102.97
9657,6408,D,7,307.06,2023-02-03,Sur,Tienda,14.9,189.67
9658,9792,C,20,445.89,2023-02-19,Norte,Mayorista,2.1,138.55
9659,8586,B,12,445.81,2023-11-03,Sur,Distribuidor,9.5,135.71
9660,1814,E,11,342.78,2023-12-29,Sur,Mayorista,1.5,206.4
9661,10035,C,3,244.45,2023-02-21,Oeste,Distribuidor,9.7,126.31
9662,7184,E,19,446.5,2024-01-02,Oeste,Online,9.7,226.08
9663,2297,B,16,58.77,2023-09-08,Oeste,Mayorista,13.0,34.64
9664,3076,C,4,179.89,2023-05-18,Este,Online,0.9,66.87
9665,7153,B,15,261.06,2023-12-11,Norte,Distribuidor,4.6,161.78
9666,8367,C,5,437.32,2023-11-06,Oeste,Online,13.2,279.57
9667,8171,E,6,449.61,2023-12-13,Centro,Distribuidor,12.1,162.82
9668,5923,E,18,190.81,2023-04-23,Oeste,Mayorista,11.4,100.86
9669,1100,C,8,286.26,2023-07-04,Este,Distribuidor,11.4,185.39
9670,3615,C,17,68.92,2024-01-11,Este,Tienda,13.0,36.19
9671,8465,A,20,477.44,2023-07-28,Norte,Distribuidor,2.4,268.05
9672,2642,C,1,229.51,2023-05-25,Oeste,Tienda,3.3,114.27
9673,5062,C,19,109.9,2023-08-22,Norte,Distribuidor,7.5,70.15
9674,4921,C,20,10.54,2023-07-27,Centro,Tienda,3.0,5.61
9675,1517,C,5,171.51,2023-03-15,Norte,Tienda,4.4,106.16
9676,4754,A,20,95.31,2023-05-09,Oeste,Online,14.7,31.66
9677,10405,C,19,362.92,2023-06-16,Oeste,Tienda,10.2,155.29
9678,4268,B,14,399.32,2023-08-06,Este,Online,0.7,180.47
9679,9781,C,7,85.72,2023-03-31,Oeste,Distribuidor,6.2,50.66
9680,9628,E,4,400.63,2023-01-03,Sur,Mayorista,9.9,136.19
9681,5549,E,20,403.08,2023-06-19,Oeste,Distribuidor,1.6,171.31
9682,6573,C,18,299.92,2023-05-29,Este,Online,10.5,205.15
9683,9539,B,11,329.78,2023-07-15,Oeste,Distribuidor,4.7,106.75
9684,8624,C,2,363.68,2023-06-11,Este,Distribuidor,12.8,241.81
9685,6069,A,0,85.17,2023-10-03,Este,Distribuidor,7.5,55.32
9686,8545,E,16,396.56,2023-08-05,Oeste,Tienda,10.9,155.5
9687,9025,E,1,493.43,2023-11-18,Norte,Online,3.3,282.33
9688,4655,E,16,22.14,2024-01-05,Oeste,Distribuidor,9.5,7.36
9689,4902,B,7,482.09,2023-01-27,Sur,Tienda,14.0,252.6
9690,3124,A,12,227.59,2023-08-28,Este,Online,5.3,78.12
9691,7410,C,17,251.22,2023-06-26,Este,Online,13.3,149.08
9692,1807,C,9,298.45,2024-01-24,Oeste,Distribuidor,12.0,174.56
9693,1646,D,11,412.02,2023-11-12,Oeste,Online,13.7,275.07
9694,869,E,7,43.73,2023-01-31,Sur,Tienda,10.3,20.25
9695,8479,C,9,207.93,2023-10-26,Sur,Mayorista,6.7,81.99
9696,1813,C,8,120.03,2023-07-14,Norte,Mayorista,0.1,61.66
9697,6726,D,5,241.54,2023-09-04,Norte,Distribuidor,5.6,77.86
9698,1877,A,9,16.57,2023-12-01,Norte,Tienda,4.3,8.74
9699,977,D,8,107.07,2023-11-23,Norte,Mayorista,7.2,61.07
9700,9640,A,0,141.79,2023-02-24,Sur,Mayorista,4.0,55.27
9701,6334,D,0,184.94,2023-06-26,Norte,Distribuidor,6.8,74.33
9702,2855,E,14,216.76,2023-11-16,Este,Online,14.2,93.4
9703,3368,A,0,349.7,2023-07-10,Este,Distribuidor,11.6,169.47
9704,2207,D,8,346.58,2023-03-13,Este,Tienda,2.8,132.89
9705,403,D,19,473.94,2023-08-11,Norte,Online,1.4,272.71
9706,5359,B,8,235.44,2024-02-01,Norte,Tienda,0.7,71.85
9707,2689,C,7,270.93,2024-01-13,Este,Tienda,9.2,99.24
9708,7198,D,20,171.14,2023-11-29,Oeste,Tienda,3.2,65.32
9709,2537,D,15,128.76,2023-08-09,Centro,Tienda,12.2,40.83
9710,8152,A,8,477.08,2023-08-30,Oeste,Mayorista,6.3,313.7
9711,7604,D,12,40.05,2023-08-06,Sur,Mayorista,0.2,20.23
9712,6575,E,4,321.21,2023-12-24,Sur,Tienda,11.2,217.79
9713,3325,A,11,448.02,2023-04-04,Norte,Distribuidor,6.0,205.1
9714,8532,C,19,271.32,2023-05-09,Sur,Tienda,1.0,124.48
9715,6668,A,17,27.1,2023-05-15,Sur,Mayorista,11.6,12.05
9716,1731,A,0,360.75,2023-01-15,Norte,Tienda,11.2,145.58
9717,3637,E,2,473.08,2023-01-18,Oeste,Distribuidor,12.2,164.64
9718,9316,E,9,168.55,2023-04-12,Norte,Tienda,14.3,103.08
9719,6772,D,11,384.1,2023-11-23,Centro,Distribuidor,2.3,126.39
9720,3587,C,4,190.35,2023-07-05,Sur,Tienda,6.5,104.13
9721,6998,B,20,46.45,2023-08-02,Norte,Mayorista,3.4,25.09
9722,1404,E,4,106.62,2023-07-06,Este,Tienda,5.7,32.47
9723,4860,A,9,79.88,2024-01-30,Norte,Distribuidor,13.0,55.5
9724,4882,E,11,89.82,2023-10-13,Oeste,Mayorista,4.3,51.03
9725,8564,D,10,402.6,2023-11-21,Norte,Mayorista,8.0,178.18
9726,6988,E,4,196.93,2024-01-15,Norte,Online,12.7,99.54
9727,10052,C,0,357.39,2023-12-10,Sur,Mayorista,14.8,112.03
9728,6653,B,6,34.22,2023-10-11,Este,Tienda,7.1,20.93
9729,3318,B,19,415.86,2023-11-13,Este,Online,0.4,281.38
9730,1591,D,0,473.55,2023-11-22,Centro,Tienda,0.5,313.2
9731,9681,D,3,5.86,2023-12-03,Norte,Mayorista,0.7,2.22
9732,9968,D,14,371.81,2023-08-28,Centro,Tienda,0.6,114.38
9733,5076,D,12,91.63,2023-07-26,Norte,Distribuidor,1.0,35.21
9734,4921,A,0,412.66,2023-03-30,Centro,Online,3.7,173.85
9735,2163,B,7,160.39,2023-03-25,Este,Mayorista,8.2,62.91
9736,8875,D,2,230.84,2024-02-02,Este,Mayorista,7.2,157.8
9737,1356,E,16,159.84,2023-12-01,Centro,Online,12.5,95.98
9738,10175,E,0,472.42,2023-12-07,Oeste,Online,6.6,217.47
9739,4885,D,8,97.38,2023-09-09,Este,Distribuidor,10.9,32.37
9740,1823,D,18,22.01,2023-08-24,Oeste,Mayorista,0.9,14.65
9741,5144,B,1,330.77,2024-02-03,Centro,Online,11.6,201.95
9742,1665,B,3,31.0,2023-04-05,Oeste,Mayorista,9.8,12.9
9743,1749,C,4,249.62,2023-01-03,Centro,Distribuidor,6.4,147.02
9744,6778,A,17,210.41,2023-07-11,Oeste,Online,13.0,104.05
9745,9385,B,12,81.49,2023-11-29,Este,Mayorista,7.9,46.38
9746,9344,C,15,432.27,2023-12-02,Sur,Tienda,4.1,264.34
9747,6597,D,14,177.3,2023-06-11,Sur,Tienda,5.6,123.49
9748,774,E,12,441.57,2023-04-30,Oeste,Distribuidor,8.0,153.41
9749,7935,C,20,194.39,2023-04-09,Norte,Distribuidor,5.2,70.18
9750,1924,A,18,382.8,2023-12-07,Este,Distribuidor,6.4,167.77
9751,69,D,16,11.08,2023-02-19,Norte,Mayorista,14.6,6.69
9752,9763,D,5,85.61,2023-05-13,Sur,Distribuidor,10.2,59.45
9753,9346,D,6,344.93,2023-02-28,Este,Tienda,10.9,211.99
9754,5943,A,2,395.71,2023-07-08,Norte,Distribuidor,1.2,162.36
9755,10017,A,14,41.51,2023-08-21,Sur,Online,0.7,23.29
9756,8852,B,17,91.92,2023-07-01,Centro,Mayorista,8.9,45.86
9757,2178,A,19,299.48,2024-01-10,Este,Tienda,12.2,115.36
9758,6383,A,17,496.42,2023-09-11,Sur,Tienda,7.4,247.41
9759,8897,A,5,498.58,2023-03-29,Oeste,Mayorista,3.1,303.57
9760,8590,D,13,248.84,2023-01-18,Este,Distribuidor,8.2,172.91
9761,129,E,13,51.72,2024-01-05,Norte,Tienda,3.2,16.78
9762,9923,E,20,176.77,2023-11-05,Sur,Distribuidor,8.0,59.39
9763,9365,E,15,212.21,2023-10-15,Sur,Tienda,10.6,78.91
9764,356,D,9,396.77,2024-01-04,Este,Tienda,2.1,157.93
9765,5854,D,7,137.7,2023-02-11,Centro,Mayorista,11.6,65.05
9766,3988,C,15,28.42,2024-01-31,Centro,Online,1.0,18.96
9767,420,E,17,491.57,2023-08-12,Este,Distribuidor,3.1,227.94
9768,4378,D,13,220.43,2023-04-01,Centro,Online,13.0,89.52
9769,836,E,19,187.03,2023-11-15,Oeste,Online,10.6,124.65
9770,2847,B,2,301.81,2023-06-26,Sur,Online,1.6,195.5
9771,7269,C,13,292.9,2023-05-22,Este,Distribuidor,10.7,94.24
9772,5806,E,12,354.9,2023-01-08,Sur,Distribuidor,3.7,238.71
9773,8687,A,0,424.34,2023-09-10,Sur,Mayorista,6.4,290.93
9774,6196,B,16,482.35,2023-09-20,Este,Tienda,5.1,213.3
9775,7526,D,17,103.21,2024-01-22,Oeste,Distribuidor,3.6,39.34
9776,5791,C,4,71.11,2023-01-23,Este,Distribuidor,8.8,47.55
9777,9507,D,17,210.5,2023-04-03,Oeste,Distribuidor,12.8,108.73
9778,3159,C,9,396.05,2023-09-06,Este,Distribuidor,2.1,215.15
9779,3327,C,12,317.43,2023-09-08,Oeste,Online,1.1,179.53
9780,10287,C,14,176.31,2023-01-11,Sur,Mayorista,3.3,102.92
9781,2094,D,10,318.93,2023-01-07,Oeste,Mayorista,2.7,131.0
9782,3300,C,0,268.47,2023-04-21,Centro,Mayorista,6.3,170.86
9783,3113,C,4,472.05,2023-11-04,Norte,Mayorista,12.7,266.14
9784,5103,A,5,423.05,2023-02-13,Sur,Tienda,6.5,285.84
9785,6898,C,6,222.83,2023-01-22,Oeste,Distribuidor,12.4,138.26
9786,9408,D,7,32.98,2023-09-20,Centro,Distribuidor,13.9,19.88
9787,8401,E,14,443.82,2023-12-19,Sur,Online,8.2,176.47
9788,2413,D,15,39.64,2023-07-29,Oeste,Online,8.8,13.34
9789,8122,B,4,135.01,2023-10-02,Sur,Tienda,2.3,90.83
9790,7121,B,14,106.91,2023-11-26,Sur,Distribuidor,2.6,70.38
9791,9739,E,11,416.57,2023-07-08,Este,Mayorista,14.8,272.38
9792,9349,C,18,231.55,2023-11-13,Norte,Tienda,6.3,158.34
9793,2978,D,20,22.97,2023-11-26,Sur,Mayorista,10.2,11.28
9794,771,A,2,29.98,2023-03-31,Este,Mayorista,14.2,20.92
9795,2414,E,18,33.23,2023-07-08,Oeste,Mayorista,9.6,10.65
9796,5972,A,15,384.26,2023-03-07,Norte,Online,2.1,163.34
9797,2392,E,6,152.07,2023-03-26,Oeste,Online,0.4,55.27
9798,1657,D,17,439.23,2023-05-08,Sur,Tienda,2.4,228.18
9799,9957,A,19,141.09,2023-07-11,Norte,Online,1.6,48.24
9800,9045,C,0,486.55,2023-11-10,Oeste,Tienda,10.1,286.7
9801,1111,C,20,447.85,2023-10-29,Sur,Mayorista,7.2,242.35
9802,4016,D,11,276.64,2023-12-20,Norte,Tienda,6.5,95.1
9803,7232,B,6,439.77,2023-01-23,Oeste,Online,14.7,203.86
9804,200,C,14,290.69,2023-05-29,Norte,Online,10.6,192.61
9805,243,D,9,98.1,2024-01-19,Norte,Distribuidor,5.7,37.11
9806,4315,C,20,490.72,2023-11-06,Este,Mayorista,8.2,177.06
9807,1096,C,1,54.66,2023-03-06,Este,Mayorista,0.9,31.37
9808,6648,E,17,145.38,2023-03-06,Oeste,Online,8.1,45.96
9809,1076,D,10,315.67,2023-05-09,Oeste,Tienda,3.8,207.15
9810,5256,C,16,160.95,2023-06-19,Centro,Online,9.4,86.26
9811,8353,A,19,80.89,2023-09-23,Oeste,Mayorista,9.1,35.17
9812,896,B,19,15.03,2023-07-12,Oeste,Tienda,10.4,10.4
9813,887,A,12,201.99,2023-06-10,Sur,Online,10.2,93.53
9814,4170,E,4,114.89,2023-10-18,Este,Mayorista,0.8,63.33
9815,3117,B,0,383.97,2023-05-05,Sur,Online,3.8,191.45
9816,4596,A,12,362.49,2023-11-20,Sur,Mayorista,10.6,177.34
9817,5771,B,20,375.53,2023-06-23,Norte,Distribuidor,13.2,196.2
9818,6068,B,10,136.13,2023-01-17,Este,Online,10.8,44.75
9819,5242,D,19,199.86,2023-11-13,Oeste,Mayorista,0.5,72.13
9820,1657,C,2,105.26,2023-10-30,Centro,Distribuidor,14.8,72.39
9821,5809,E,1,322.56,2023-01-17,Este,Mayorista,2.0,144.96
9822,2492,A,20,379.21,2023-07-06,Centro,Online,12.6,252.54
9823,3042,D,19,180.73,2023-03-13,Oeste,Tienda,4.7,60.5
9824,838,B,11,48.43,2024-02-01,Norte,Distribuidor,11.9,15.35
9825,148,C,11,387.46,2023-03-01,Oeste,Tienda,0.1,152.86
9826,5807,E,4,92.22,2023-03-06,Este,Distribuidor,2.7,49.67
9827,775,D,20,209.8,2023-03-07,Norte,Mayorista,14.8,98.61
9828,6175,D,16,94.64,2023-02-10,Oeste,Tienda,9.8,35.48
9829,9333,E,7,310.66,2023-08-25,Centro,Tienda,3.0,130.72
9830,8486,E,15,442.47,2023-03-01,Este,Distribuidor,6.7,219.33
9831,2784,E,6,435.75,2023-10-31,Sur,Distribuidor,9.2,142.34
9832,7041,A,18,390.23,2023-02-19,Centro,Online,10.1,210.06
9833,2732,D,13,206.7,2023-04-17,Centro,Online,8.9,95.46
9834,4242,E,11,304.19,2023-01-03,Sur,Online,5.9,186.48
9835,9921,C,16,330.61,2023-02-23,Este,Online,3.3,182.32
9836,5933,B,6,66.89,2023-01-12,Norte,Tienda,3.5,30.13
9837,9957,D,10,24.65,2023-05-02,Sur,Distribuidor,12.3,14.8
9838,8088,B,1,173.37,2024-02-04,Centro,Online,8.2,67.26
9839,9037,A,10,85.15,2023-09-28,Este,Tienda,12.9,26.04
9840,6423,B,16,136.08,2024-02-04,Centro,Online,9.4,71.35
9841,7166,D,20,19.75,2023-07-17,Oeste,Online,5.1,9.98
9842,9334,B,16,85.43,2023-11-29,Este,Tienda,3.8,33.8
9843,914,B,2,493.43,2024-01-25,Centro,Mayorista,12.1,166.02
9844,4143,C,8,285.86,2023-06-10,Sur,Distribuidor,13.0,110.66
9845,5114,E,11,192.62,2023-08-31,Norte,Distribuidor,7.2,74.98
9846,10238,C,15,138.09,2023-09-08,Centro,Mayorista,13.9,74.02
9847,9744,B,5,113.37,2023-05-25,Este,Online,1.6,72.44
9848,3587,D,18,323.16,2023-03-13,Centro,Tienda,10.4,201.5
9849,1276,E,6,283.36,2023-11-04,Oeste,Online,3.1,148.87
9850,254,E,17,39.3,2023-02-17,Centro,Online,13.1,21.52
9851,7261,A,3,158.65,2023-05-14,Norte,Online,0.6,106.06
9852,971,D,0,195.05,2023-07-22,Norte,Online,14.8,107.75
9853,7989,C,0,439.71,2023-10-06,Centro,Mayorista,1.7,168.55
9854,320,D,15,120.26,2023-09-04,Oeste,Distribuidor,9.3,43.7
9855,1728,B,0,223.55,2023-10-09,Este,Online,8.3,119.76
9856,1587,C,12,359.8,2023-01-07,Oeste,Mayorista,3.3,159.4
9857,7571,C,16,21.44,2023-06-12,Norte,Distribuidor,1.3,7.05
9858,3086,B,14,425.48,2023-06-26,Centro,Tienda,2.6,184.34
9859,5703,A,17,357.38,2023-12-23,Centro,Mayorista,9.6,239.65
9860,1293,E,20,23.38,2023-10-31,Este,Online,0.9,16.36
9861,6090,C,16,437.98,2023-09-15,Sur,Mayorista,6.4,211.22
9862,5881,E,8,460.51,2023-06-10,Este,Distribuidor,4.9,256.47
9863,7629,C,14,170.37,2023-12-14,Norte,Mayorista,8.7,55.08
9864,9908,E,19,37.48,2023-11-12,Sur,Tienda,6.0,19.86
9865,181,E,8,212.11,2023-11-07,Centro,Tienda,10.9,79.26
9866,5253,C,6,102.98,2023-11-24,Norte,Distribuidor,10.3,49.73
9867,368,B,3,296.48,2024-01-08,Sur,Distribuidor,9.5,131.89
9868,4064,B,20,447.86,2023-06-08,Este,Mayorista,14.3,261.97
9869,5091,C,15,198.0,2023-11-06,Sur,Online,13.6,75.27
9870,3654,C,2,310.21,2023-03-01,Norte,Online,10.4,173.78
9871,9225,C,17,108.51,2023-10-30,Sur,Tienda,3.0,42.96
9872,4063,A,6,83.03,2023-09-13,Centro,Mayorista,12.0,45.21
9873,8515,E,11,294.4,2023-09-02,Norte,Tienda,5.4,124.68
9874,8321,D,4,143.43,2023-05-07,Oeste,Mayorista,4.4,92.07
9875,4622,D,18,350.55,2023-06-25,Oeste,Tienda,5.8,228.88
9876,2628,C,10,489.3,2023-04-20,Oeste,Online,0.2,249.74
9877,10308,A,19,21.38,2023-12-09,Norte,Online,7.9,8.35
9878,206,B,2,206.62,2023-05-28,Oeste,Mayorista,3.7,102.02
9879,2725,E,8,402.6,2023-03-11,Centro,Mayorista,1.0,137.29
9880,1202,A,18,20.79,2023-04-03,Sur,Distribuidor,9.5,9.65
9881,4422,A,12,7.42,2023-08-17,Oeste,Tienda,11.7,4.36
9882,2844,C,8,425.61,2023-12-05,Centro,Tienda,13.5,233.22
9883,8294,C,11,112.69,2023-07-09,Este,Tienda,5.9,44.67
9884,2156,C,5,113.14,2023-09-06,Oeste,Mayorista,8.1,61.48
9885,4329,A,16,169.78,2023-08-22,Centro,Distribuidor,12.8,115.36
9886,8180,E,4,196.34,2023-08-18,Este,Online,3.2,102.36
9887,508,D,19,489.72,2023-06-21,Oeste,Tienda,13.0,159.6
9888,6074,B,0,222.15,2023-02-04,Este,Tienda,6.1,102.56
9889,5733,B,10,344.35,2023-11-06,Centro,Distribuidor,9.2,148.8
9890,8644,A,16,224.65,2024-01-15,Oeste,Distribuidor,5.5,155.58
9891,2312,A,2,472.81,2023-06-23,Oeste,Tienda,12.6,200.66
9892,863,A,6,409.01,2023-10-05,Sur,Online,1.7,154.35
9893,9419,D,16,398.36,2023-02-15,Este,Distribuidor,6.2,257.66
9894,1660,A,12,488.03,2023-10-11,Centro,Distribuidor,9.4,267.18
9895,7480,B,19,55.71,2023-11-07,Este,Distribuidor,14.4,34.79
9896,7754,A,16,365.71,2023-01-08,Este,Tienda,4.6,147.6
9897,2082,A,8,478.66,2023-07-27,Norte,Tienda,11.8,248.5
9898,538,A,1,40.24,2024-01-27,Norte,Mayorista,3.7,24.95
9899,4890,C,7,371.97,2023-02-17,Norte,Online,13.3,195.71
9900,8399,B,18,78.83,2023-11-07,Norte,Distribuidor,10.4,47.96
9901,5925,C,15,470.42,2023-12-16,Oeste,Distribuidor,0.4,175.41
9902,4437,B,5,96.25,2023-01-17,Sur,Online,4.4,54.2
9903,6361,B,4,152.14,2023-07-13,Sur,Online,8.5,51.93
9904,844,B,15,281.55,2023-04-21,Oeste,Distribuidor,11.1,145.69
9905,10487,B,14,163.56,2023-06-24,Oeste,Tienda,4.7,87.05
9906,7205,A,2,191.47,2023-03-16,Centro,Online,12.8,104.0
9907,5524,B,15,323.68,2023-10-16,Norte,Distribuidor,0.5,219.25
9908,3607,E,6,318.78,2023-09-14,Norte,Mayorista,10.5,184.57
9909,6394,D,18,277.78,2024-02-01,Oeste,Distribuidor,14.8,159.99
9910,8736,E,9,364.82,2023-09-15,Este,Tienda,13.1,139.12
9911,1728,D,8,155.96,2024-01-12,Norte,Online,1.5,81.24
9912,7576,E,5,181.76,2023-07-20,Oeste,Mayorista,12.6,63.74
9913,3778,B,5,140.28,2023-03-06,Centro,Tienda,5.4,80.16
9914,3056,B,12,71.94,2024-01-25,Este,Tienda,9.7,45.77
9915,8303,E,8,240.85,2023-12-12,Oeste,Tienda,9.4,103.26
9916,4545,C,14,157.82,2023-07-09,Este,Online,14.1,102.48
9917,7270,D,5,160.23,2023-08-16,Este,Tienda,9.2,81.83
9918,1070,E,11,287.5,2023-03-06,Norte,Mayorista,4.2,179.88
9919,6073,C,2,65.02,2024-01-03,Norte,Mayorista,7.7,43.56
9920,5651,B,17,246.38,2023-09-01,Este,Distribuidor,14.3,112.15
9921,9127,E,12,141.09,2023-11-01,Norte,Mayorista,10.3,61.3
9922,8613,E,5,67.53,2023-03-26,Este,Tienda,14.3,29.23
9923,5986,D,13,71.57,2023-01-31,Norte,Distribuidor,12.3,37.66
9924,9540,C,2,356.46,2024-01-06,Norte,Mayorista,13.6,227.29
9925,10132,E,10,351.85,2023-04-04,Sur,Mayorista,8.5,229.64
9926,6201,C,15,340.97,2023-08-08,Este,Distribuidor,0.4,217.56
9927,10308,B,19,73.92,2024-01-10,Sur,Tienda,1.0,27.36
9928,4021,D,7,375.13,2023-08-01,Oeste,Tienda,11.4,190.53
9929,10075,A,18,430.88,2023-07-16,Centro,Tienda,11.3,259.05
9930,895,A,2,180.28,2023-08-02,Oeste,Online,3.7,95.04
9931,631,B,20,41.67,2023-04-07,Sur,Tienda,11.7,27.71
9932,668,B,17,166.74,2023-06-28,Oeste,Tienda,3.6,74.84
9933,8502,B,13,447.13,2023-04-14,Este,Distribuidor,9.3,300.43
9934,9230,C,5,208.71,2023-01-29,Norte,Distribuidor,5.8,96.42
9935,3227,D,15,110.98,2023-01-25,Oeste,Mayorista,13.1,43.57
9936,4256,C,1,131.98,2023-11-13,Centro,Distribuidor,6.8,82.46
9937,10034,B,11,182.7,2023-07-10,Este,Distribuidor,7.9,65.58
9938,10376,C,9,402.67,2024-01-26,Norte,Tienda,12.7,227.84
9939,820,C,19,483.12,2023-05-29,Oeste,Mayorista,0.5,182.17
9940,3495,A,18,33.01,2023-09-23,Este,Distribuidor,5.8,13.13
9941,9248,E,17,199.74,2023-05-21,Norte,Distribuidor,3.6,117.7
9942,7764,B,4,211.55,2023-11-10,Oeste,Distribuidor,3.6,67.77
9943,8206,A,14,63.36,2023-09-18,Este,Tienda,14.6,31.34
9944,7116,C,5,497.81,2023-05-10,Centro,Online,9.9,199.84
9945,3075,E,9,272.88,2023-10-16,Sur,Distribuidor,0.1,101.51
9946,9052,B,18,350.76,2023-04-26,Oeste,Tienda,10.3,231.4
9947,5548,B,3,411.52,2023-09-12,Sur,Tienda,9.3,280.95
9948,7904,C,13,25.66,2023-09-21,Sur,Tienda,12.1,8.52
9949,9995,A,9,78.96,2023-08-21,Centro,Online,5.5,30.7
9950,6547,C,14,309.69,2023-12-12,Norte,Mayorista,14.4,178.9
9951,6445,A,0,348.44,2023-03-26,Norte,Online,11.8,218.81
9952,2359,E,3,245.67,2023-04-30,Centro,Mayorista,13.3,83.5
9953,5933,B,14,276.81,2024-02-02,Este,Mayorista,11.7,170.74
9954,455,D,2,101.42,2023-06-08,Este,Mayorista,13.4,56.22
9955,6458,C,10,396.61,2023-10-20,Norte,Online,3.6,216.65
9956,1121,A,1,71.22,2023-11-22,Este,Online,12.3,32.68
9957,7614,D,18,208.06,2024-01-22,Norte,Mayorista,0.1,129.35
9958,9089,E,13,366.46,2023-12-07,Sur,Tienda,11.2,110.67
9959,8892,E,9,321.88,2023-12-17,Norte,Mayorista,8.2,160.62
9960,5366,E,15,436.25,2023-04-02,Oeste,Distribuidor,11.4,185.76
9961,3752,C,10,68.72,2023-05-15,Oeste,Mayorista,11.6,27.64
9962,256,C,18,308.22,2023-01-17,Este,Tienda,3.9,210.2
9963,2283,E,18,174.79,2023-12-18,Centro,Tienda,10.9,117.3
9964,8276,C,15,382.61,2023-08-22,Norte,Distribuidor,5.4,150.24
9965,8722,E,10,6.61,2023-01-25,Este,Tienda,8.9,2.86
9966,7215,E,13,388.12,2023-09-11,Norte,Tienda,11.5,223.15
9967,8719,D,0,448.0,2023-02-21,Sur,Mayorista,12.6,289.88
9968,2082,D,14,13.44,2023-03-28,Sur,Distribuidor,5.2,8.02
9969,7572,B,12,312.64,2023-04-06,Este,Mayorista,9.9,177.12
9970,6035,E,7,353.0,2023-10-29,Centro,Mayorista,6.5,118.81
9971,9530,E,7,41.89,2023-03-17,Oeste,Mayorista,2.6,28.66
9972,7154,B,8,493.7,2023-04-28,Centro,Tienda,4.2,301.19
9973,8627,C,10,7.51,2023-06-20,Norte,Mayorista,6.2,4.34
9974,4995,C,17,117.08,2023-02-06,Norte,Mayorista,4.9,79.61
9975,634,D,14,277.16,2024-01-29,Oeste,Mayorista,14.6,122.8
9976,10091,D,5,295.65,2023-01-26,Sur,Mayorista,9.6,129.74
9977,2305,E,10,82.03,2023-11-29,Sur,Distribuidor,10.9,51.03
9978,3986,D,19,463.5,2023-02-14,Este,Mayorista,10.4,175.94
9979,5285,D,0,51.17,2023-08-01,Norte,Distribuidor,7.4,23.88
9980,622,C,4,34.52,2023-03-19,Sur,Online,6.5,13.98
9981,9726,D,16,247.39,2024-01-05,Este,Online,4.5,105.96
9982,10234,C,9,344.9,2023-08-01,Norte,Tienda,1.0,231.92
9983,8905,D,10,57.9,2023-01-14,Norte,Distribuidor,8.9,27.48
9984,10203,E,12,286.17,2023-07-03,Oeste,Online,12.4,126.93
9985,3124,A,18,113.66,2023-07-31,Centro,Mayorista,3.0,58.64
9986,8209,B,16,498.68,2023-02-19,Este,Tienda,13.5,252.73
9987,5950,B,17,271.28,2024-02-01,Oeste,Distribuidor,3.3,125.6
9988,7459,C,7,85.86,2023-04-19,Norte,Distribuidor,2.3,59.74
9989,10370,A,2,121.89,2023-08-19,Oeste,Tienda,1.2,48.17
9990,1369,C,7,35.76,2023-12-15,Sur,Mayorista,13.8,20.67
9991,7156,B,5,383.35,2023-09-15,Sur,Mayorista,4.8,224.96
9992,3734,D,17,405.08,2023-11-14,Norte,Tienda,13.7,271.63
9993,5809,D,6,169.26,2023-11-20,Centro,Mayorista,7.5,92.74
9994,7164,B,18,300.9,2023-01-03,Este,Distribuidor,7.9,108.77
9995,1532,A,16,219.92,2023-10-01,Norte,Mayorista,14.9,128.68
9996,9164,D,2,40.23,2024-01-18,Oeste,Online,11.1,14.45
9997,9516,B,14,240.97,2023-08-11,Oeste,Mayorista,12.4,134.29
9998,6658,A,10,196.38,2023-04-06,Sur,Mayorista,0.6,91.79
9999,4695,B,14,131.9,2023-12-06,Este,Mayorista,10.2,85.94
10000,2720,D,6,51.53,2023-09-04,Norte,Distribuidor,0.4,25.79
